,patient_id,patient_gender,patient_race,patient_age,admission_day,admission_time,patient_waittime,admission_flag,department_referral,age_category,time_category,day_of_week
0,145-39-5406,Male,White,69,2024-03-20,08:47:00,39,False,No referral.,Senior,Day,Wednesday
1,316-34-3057,Male,Native American/Alaska Native,4,2024-06-15,11:29:00,27,True,No referral.,Minor,Day,Saturday
2,897-46-3852,Female,African American,56,2024-06-20,09:13:00,55,True,General Practice,Older Adult,Day,Thursday
3,358-31-9711,Female,Native American/Alaska Native,24,2024-04-02,22:34:00,31,True,General Practice,Young Adult,Evening,Tuesday
4,289-26-0537,Male,African American,5,2024-04-09,17:48:00,10,False,Orthopedics,Minor,Evening,Tuesday
5,255-51-2877,Male,Asian,58,2023-04-20,00:13:00,59,False,No referral.,Older Adult,Night,Thursday
6,465-97-0990,Female,White,68,2023-08-23,08:26:00,43,True,No referral.,Senior,Day,Wednesday
7,157-31-7520,Female,Two or More Races,47,2023-07-29,16:57:00,23,True,No referral.,Middle-aged,Evening,Saturday
8,432-34-5614,Female,White,79,2024-02-19,06:54:00,42,False,No referral.,Senior,Night,Monday
9,609-17-8678,Male,African American,62,2024-11-10,05:25:00,51,False,No referral.,Older Adult,Night,Sunday
10,497-14-6812,Female,White,73,2024-07-26,01:45:00,34,True,Gastroenterology,Senior,Night,Friday
11,393-38-9502,Female,White,16,2024-10-03,22:02:00,39,False,Orthopedics,Minor,Evening,Thursday
12,288-05-6370,Female,Native American/Alaska Native,16,2023-12-11,16:00:00,53,True,General Practice,Minor,Evening,Monday
13,784-54-9931,Male,Pacific Islander,46,2023-06-25,09:40:00,45,False,No referral.,Middle-aged,Day,Sunday
14,662-21-6522,Male,White,69,2023-04-05,13:16:00,49,True,No referral.,Senior,Day,Wednesday
15,628-73-1801,Male,Declined to Identify,37,2023-09-19,01:53:00,57,True,No referral.,Adult,Night,Tuesday
16,370-19-2271,Female,Asian,50,2024-05-25,22:11:00,35,False,General Practice,Middle-aged,Evening,Saturday
17,458-98-8860,Male,Declined to Identify,37,2023-06-25,18:59:00,55,False,No referral.,Adult,Evening,Sunday
18,728-31-2493,Female,Asian,70,2023-04-09,16:15:00,50,True,Physiotherapy,Senior,Evening,Sunday
19,823-34-5523,Male,Asian,55,2023-11-16,23:46:00,40,True,No referral.,Older Adult,Night,Thursday
20,621-70-7472,Female,Native American/Alaska Native,63,2023-06-30,05:22:00,25,True,No referral.,Older Adult,Night,Friday
21,344-36-7156,Female,Asian,44,2023-05-22,16:48:00,51,False,No referral.,Adult,Evening,Monday
22,455-21-3671,Female,Declined to Identify,11,2023-11-17,07:24:00,30,False,No referral.,Minor,Day,Friday
23,259-10-0339,Male,Asian,8,2024-01-26,05:58:00,16,False,General Practice,Minor,Night,Friday
24,720-54-2625,Female,Native American/Alaska Native,4,2023-05-24,14:42:00,23,True,No referral.,Minor,Day,Wednesday
25,661-92-7059,Male,African American,42,2023-12-04,21:02:00,51,False,No referral.,Adult,Evening,Monday
26,598-53-3927,Female,African American,68,2024-04-09,02:30:00,58,False,No referral.,Senior,Night,Tuesday
27,715-74-5338,Male,Pacific Islander,22,2023-12-16,13:02:00,25,False,General Practice,Young Adult,Day,Saturday
28,669-74-2146,Female,Declined to Identify,58,2024-11-03,17:06:00,55,False,Orthopedics,Older Adult,Evening,Sunday
29,693-38-2084,Female,African American,72,2024-07-07,14:58:00,37,True,No referral.,Senior,Day,Sunday
30,548-93-9953,Female,Two or More Races,73,2024-02-04,13:19:00,46,False,Neurology,Senior,Day,Sunday
31,334-76-4005,Male,White,35,2023-06-30,22:38:00,40,True,Orthopedics,Adult,Evening,Friday
32,846-66-7490,Male,White,48,2024-05-08,15:17:00,53,False,No referral.,Middle-aged,Evening,Wednesday
33,278-49-6531,Female,White,74,2024-05-08,01:33:00,20,False,Physiotherapy,Senior,Night,Wednesday
34,600-62-3412,Male,Two or More Races,14,2024-01-16,20:05:00,52,True,No referral.,Minor,Evening,Tuesday
35,745-62-9973,Female,Declined to Identify,37,2024-08-01,23:55:00,49,True,No referral.,Adult,Night,Thursday
36,384-70-5840,Male,African American,25,2023-12-14,21:22:00,10,False,No referral.,Young Adult,Evening,Thursday
37,285-41-0221,Male,Two or More Races,39,2024-12-07,13:12:00,52,False,Orthopedics,Adult,Day,Saturday
38,124-73-3676,Male,Declined to Identify,48,2024-01-06,10:34:00,35,False,No referral.,Middle-aged,Day,Saturday
39,878-55-0051,Female,African American,22,2023-06-07,19:47:00,16,False,General Practice,Young Adult,Evening,Wednesday
40,206-25-4281,Female,Declined to Identify,72,2024-06-15,13:40:00,33,True,No referral.,Senior,Day,Saturday
41,472-28-5842,Female,Pacific Islander,41,2023-12-10,15:03:00,16,False,No referral.,Adult,Evening,Sunday
42,553-27-8559,Female,African American,8,2023-05-27,06:13:00,59,False,General Practice,Minor,Night,Saturday
43,319-83-9008,Female,Native American/Alaska Native,70,2024-03-23,13:43:00,39,True,No referral.,Senior,Day,Saturday
44,434-16-5502,Female,White,50,2023-08-04,12:59:00,37,True,No referral.,Middle-aged,Day,Friday
45,672-89-2190,Female,Declined to Identify,33,2023-03-09,18:39:00,16,True,No referral.,Young Adult,Evening,Thursday
46,135-05-4896,Male,Two or More Races,17,2023-07-29,17:37:00,56,False,No referral.,Minor,Evening,Saturday
47,760-33-4176,Female,White,45,2024-10-08,02:38:00,57,False,Orthopedics,Middle-aged,Night,Tuesday
48,624-71-9493,Female,White,53,2023-11-10,01:56:00,21,False,No referral.,Middle-aged,Night,Friday
49,479-42-8894,Female,White,15,2023-04-18,22:46:00,29,False,No referral.,Minor,Evening,Tuesday
50,324-75-4743,Male,Pacific Islander,48,2024-08-09,10:26:00,13,False,No referral.,Middle-aged,Day,Friday
51,207-15-4815,Female,Asian,20,2024-05-26,06:51:00,53,True,No referral.,Young Adult,Night,Sunday
52,407-45-1728,Male,Asian,45,2024-05-15,21:10:00,37,False,No referral.,Middle-aged,Evening,Wednesday
53,354-75-9525,Female,African American,76,2024-09-25,16:11:00,19,True,General Practice,Senior,Evening,Wednesday
54,298-72-2588,Male,Two or More Races,74,2024-10-24,04:53:00,48,True,General Practice,Senior,Night,Thursday
55,794-74-3955,Male,Declined to Identify,15,2024-10-15,10:41:00,57,True,No referral.,Minor,Day,Tuesday
56,213-04-4901,Male,Asian,21,2024-04-22,04:59:00,13,True,No referral.,Young Adult,Night,Monday
57,683-46-5079,Male,Declined to Identify,47,2024-05-03,14:01:00,45,False,General Practice,Middle-aged,Day,Friday
58,843-56-0384,Male,Asian,60,2024-06-16,17:00:00,41,True,No referral.,Older Adult,Evening,Sunday
59,882-39-1200,Male,Two or More Races,10,2023-09-19,05:19:00,55,False,Orthopedics,Minor,Night,Tuesday
60,697-90-3233,Male,Two or More Races,54,2024-03-23,11:13:00,58,False,No referral.,Middle-aged,Day,Saturday
61,481-99-0791,Female,White,15,2024-01-14,06:07:00,12,True,No referral.,Minor,Night,Sunday
62,218-42-0736,Male,Declined to Identify,55,2024-04-26,09:19:00,30,True,General Practice,Older Adult,Day,Friday
63,111-19-4529,Male,White,11,2023-08-08,11:23:00,48,False,General Practice,Minor,Day,Tuesday
64,490-74-0642,Male,Asian,7,2024-08-28,22:40:00,31,False,No referral.,Minor,Evening,Wednesday
65,498-99-8689,Male,Pacific Islander,49,2023-08-14,11:22:00,18,True,No referral.,Middle-aged,Day,Monday
66,705-01-2168,Female,African American,70,2023-09-13,20:55:00,55,True,General Practice,Senior,Evening,Wednesday
67,119-28-5124,Female,Asian,16,2023-04-18,14:57:00,51,True,General Practice,Minor,Day,Tuesday
68,509-88-2899,Male,Two or More Races,14,2023-09-23,23:51:00,23,True,Orthopedics,Minor,Night,Saturday
69,258-48-2258,Male,African American,41,2023-06-22,23:33:00,46,False,No referral.,Adult,Night,Thursday
70,369-33-5075,Male,African American,8,2023-10-20,00:48:00,37,False,No referral.,Minor,Night,Friday
71,643-90-3414,Male,Pacific Islander,64,2024-08-10,15:51:00,59,False,No referral.,Older Adult,Evening,Saturday
72,412-29-6293,Female,Two or More Races,76,2024-11-05,15:52:00,34,True,Gastroenterology,Senior,Evening,Tuesday
73,844-81-9989,Female,African American,17,2024-03-22,02:48:00,27,True,General Practice,Minor,Night,Friday
74,839-13-8580,Male,Two or More Races,38,2023-05-09,10:18:00,55,False,No referral.,Adult,Day,Tuesday
75,367-52-9587,Female,White,75,2023-03-07,20:27:00,34,True,Cardiology,Senior,Evening,Tuesday
76,621-85-6677,Male,Native American/Alaska Native,77,2024-08-05,18:03:00,17,False,General Practice,Senior,Evening,Monday
77,563-01-2494,Male,Asian,34,2024-06-01,20:40:00,40,True,No referral.,Young Adult,Evening,Saturday
78,570-11-3903,Female,Asian,26,2024-07-03,10:00:00,16,True,Cardiology,Young Adult,Day,Wednesday
79,292-45-8684,Female,White,51,2023-04-17,11:37:00,25,True,General Practice,Middle-aged,Day,Monday
80,721-19-3123,Female,African American,9,2023-07-19,03:23:00,23,False,No referral.,Minor,Night,Wednesday
81,652-33-9813,Female,Two or More Races,71,2024-06-15,03:46:00,51,True,No referral.,Senior,Night,Saturday
82,809-14-6629,Male,African American,51,2023-11-17,06:23:00,33,False,No referral.,Middle-aged,Night,Friday
83,304-72-3326,Female,Asian,73,2024-06-13,20:15:00,10,False,Gastroenterology,Senior,Evening,Thursday
84,231-20-7799,Female,White,46,2023-02-06,07:44:00,50,False,Physiotherapy,Middle-aged,Day,Monday
85,597-41-0817,Female,White,13,2023-04-17,08:03:00,32,True,No referral.,Minor,Day,Monday
86,496-23-9655,Female,Declined to Identify,15,2023-11-10,03:24:00,15,True,General Practice,Minor,Night,Friday
87,636-90-6357,Male,White,57,2023-10-17,13:28:00,35,True,General Practice,Older Adult,Day,Tuesday
88,300-34-2747,Male,Pacific Islander,16,2023-10-12,21:12:00,34,True,No referral.,Minor,Evening,Thursday
89,178-52-1500,Male,White,4,2024-06-29,14:27:00,59,False,Orthopedics,Minor,Day,Saturday
90,521-84-1782,Female,African American,32,2023-11-19,19:44:00,14,False,No referral.,Young Adult,Evening,Sunday
91,818-26-8196,Male,African American,26,2024-09-18,17:49:00,38,True,Orthopedics,Young Adult,Evening,Wednesday
92,808-11-5508,Female,Declined to Identify,9,2024-10-25,10:33:00,37,True,Neurology,Minor,Day,Friday
93,439-25-2191,Female,White,10,2024-10-10,04:29:00,26,True,General Practice,Minor,Night,Thursday
94,186-28-5457,Female,Two or More Races,24,2024-10-14,06:03:00,11,True,General Practice,Young Adult,Night,Monday
95,854-61-3541,Male,White,27,2024-08-21,01:01:00,11,False,No referral.,Young Adult,Night,Wednesday
96,368-53-4901,Male,White,26,2024-08-31,06:38:00,59,False,No referral.,Young Adult,Night,Saturday
97,826-27-1762,Male,African American,79,2024-07-08,13:33:00,29,False,No referral.,Senior,Day,Monday
98,335-73-2892,Male,Asian,15,2023-08-26,08:32:00,56,True,General Practice,Minor,Day,Saturday
99,331-09-2284,Male,African American,43,2024-08-07,17:17:00,47,False,No referral.,Adult,Evening,Wednesday
100,888-46-1367,Female,African American,14,2023-04-10,11:46:00,19,False,No referral.,Minor,Day,Monday
101,577-17-4945,Male,White,59,2024-06-09,21:58:00,34,False,General Practice,Older Adult,Evening,Sunday
102,113-60-6899,Male,Declined to Identify,58,2024-07-07,07:16:00,36,True,No referral.,Older Adult,Day,Sunday
103,646-67-2143,Male,Two or More Races,25,2023-12-08,02:20:00,59,False,No referral.,Young Adult,Night,Friday
104,148-47-0490,Male,Native American/Alaska Native,64,2023-08-13,22:16:00,42,True,General Practice,Older Adult,Evening,Sunday
105,345-87-0533,Male,Declined to Identify,20,2023-07-25,11:43:00,34,True,No referral.,Young Adult,Day,Tuesday
106,603-14-9459,Male,White,69,2024-05-13,14:35:00,55,False,General Practice,Senior,Day,Monday
107,628-78-9167,Male,White,26,2024-03-24,18:56:00,57,False,No referral.,Young Adult,Evening,Sunday
108,814-60-0292,Male,African American,16,2024-09-14,10:47:00,11,True,No referral.,Minor,Day,Saturday
109,306-67-0367,Male,White,45,2023-10-20,19:52:00,42,True,General Practice,Middle-aged,Evening,Friday
110,658-82-9991,Male,Pacific Islander,7,2024-09-29,04:06:00,45,True,Orthopedics,Minor,Night,Sunday
111,770-82-7913,Male,White,66,2024-09-04,13:10:00,45,False,General Practice,Senior,Day,Wednesday
112,659-64-3380,Female,Asian,61,2024-09-07,04:33:00,58,False,General Practice,Older Adult,Night,Saturday
113,195-51-9264,Female,White,47,2024-12-10,01:08:00,40,True,Physiotherapy,Middle-aged,Night,Tuesday
114,240-68-3060,Male,White,66,2023-12-04,02:01:00,29,False,General Practice,Senior,Night,Monday
115,866-26-1903,Male,Asian,8,2024-08-15,13:07:00,24,False,Orthopedics,Minor,Day,Thursday
116,275-36-1151,Female,White,9,2024-07-29,20:34:00,21,False,No referral.,Minor,Evening,Monday
117,314-59-3768,Female,Declined to Identify,24,2024-06-27,16:24:00,31,True,General Practice,Young Adult,Evening,Thursday
118,310-26-9113,Female,African American,16,2024-02-08,04:10:00,11,False,Renal,Minor,Night,Thursday
119,698-47-1909,Male,Two or More Races,47,2023-07-26,02:49:00,41,False,Orthopedics,Middle-aged,Night,Wednesday
120,378-02-5523,Male,African American,23,2024-06-08,18:30:00,23,True,No referral.,Young Adult,Evening,Saturday
121,769-87-4732,Female,African American,51,2024-01-26,06:23:00,52,True,Neurology,Middle-aged,Night,Friday
122,120-71-9392,Male,White,26,2024-10-06,09:44:00,53,True,Orthopedics,Young Adult,Day,Sunday
123,200-22-3513,Male,Declined to Identify,32,2024-05-08,02:17:00,15,False,No referral.,Young Adult,Night,Wednesday
124,415-95-3806,Female,African American,76,2024-10-23,20:01:00,49,True,No referral.,Senior,Evening,Wednesday
125,635-96-2790,Female,African American,6,2024-01-29,11:24:00,23,True,No referral.,Minor,Day,Monday
126,229-85-2969,Female,Two or More Races,17,2023-09-11,10:04:00,58,True,General Practice,Minor,Day,Monday
127,341-84-3922,Female,White,10,2023-08-08,09:43:00,40,False,No referral.,Minor,Day,Tuesday
128,442-29-0481,Female,Declined to Identify,55,2023-07-31,01:19:00,47,True,Physiotherapy,Older Adult,Night,Monday
129,340-37-0758,Female,White,73,2023-12-21,14:38:00,29,False,No referral.,Senior,Day,Thursday
130,260-54-7458,Female,Asian,29,2024-06-15,10:40:00,50,False,General Practice,Young Adult,Day,Saturday
131,421-27-7766,Male,White,51,2023-07-24,13:00:00,22,True,General Practice,Middle-aged,Day,Monday
132,194-48-7359,Male,White,60,2023-04-19,05:00:00,38,False,Orthopedics,Older Adult,Night,Wednesday
133,145-05-0045,Female,African American,38,2024-10-25,15:51:00,15,False,General Practice,Adult,Evening,Friday
134,497-86-6002,Male,White,72,2024-09-20,12:11:00,33,True,No referral.,Senior,Day,Friday
135,659-67-6667,Female,White,72,2024-10-21,14:00:00,52,True,No referral.,Senior,Day,Monday
136,544-69-9655,Male,Asian,75,2023-11-16,08:06:00,48,False,No referral.,Senior,Day,Thursday
137,887-86-8057,Female,Asian,16,2024-03-22,13:28:00,14,True,No referral.,Minor,Day,Friday
138,795-38-6179,Male,Native American/Alaska Native,8,2024-07-03,11:47:00,25,False,No referral.,Minor,Day,Wednesday
139,706-66-3236,Male,Two or More Races,71,2024-10-22,07:43:00,25,False,General Practice,Senior,Day,Tuesday
140,562-98-3699,Male,White,28,2024-03-04,03:30:00,25,False,General Practice,Young Adult,Night,Monday
141,180-35-8890,Female,Declined to Identify,22,2024-01-03,08:58:00,31,False,No referral.,Young Adult,Day,Wednesday
142,359-98-5533,Female,Two or More Races,16,2024-08-23,23:49:00,58,True,No referral.,Minor,Night,Friday
143,790-27-9833,Female,African American,29,2024-01-15,11:10:00,14,False,No referral.,Young Adult,Day,Monday
144,432-40-5889,Male,White,19,2024-07-16,12:28:00,26,True,No referral.,Minor,Day,Tuesday
145,236-99-6309,Female,Native American/Alaska Native,60,2024-06-30,03:31:00,18,False,General Practice,Older Adult,Night,Sunday
146,662-90-5190,Male,Asian,71,2024-03-25,15:16:00,46,False,General Practice,Senior,Evening,Monday
147,770-08-4969,Male,White,77,2024-05-05,08:57:00,26,False,Orthopedics,Senior,Day,Sunday
148,893-18-5714,Female,Asian,49,2023-11-21,14:41:00,48,True,No referral.,Middle-aged,Day,Tuesday
149,190-91-2664,Female,Pacific Islander,14,2024-08-17,11:53:00,20,True,No referral.,Minor,Day,Saturday
150,213-46-3828,Male,Asian,6,2023-05-18,15:35:00,11,False,Orthopedics,Minor,Evening,Thursday
151,808-75-2972,Male,Declined to Identify,6,2024-06-10,05:24:00,36,False,No referral.,Minor,Night,Monday
152,496-69-3161,Female,Declined to Identify,48,2023-11-08,01:22:00,49,False,No referral.,Middle-aged,Night,Wednesday
153,239-37-0566,Male,White,10,2024-02-27,17:03:00,17,False,No referral.,Minor,Evening,Tuesday
154,469-30-6816,Male,African American,34,2024-08-10,01:00:00,26,False,No referral.,Young Adult,Night,Saturday
155,502-54-3350,Female,African American,42,2024-01-14,15:13:00,55,False,No referral.,Adult,Evening,Sunday
156,876-70-2288,Female,African American,3,2024-05-06,10:39:00,31,True,Gastroenterology,Minor,Day,Monday
157,767-42-4576,Male,African American,22,2023-06-22,18:20:00,22,False,Orthopedics,Young Adult,Evening,Thursday
158,251-38-8325,Female,White,37,2024-05-24,14:50:00,53,True,No referral.,Adult,Day,Friday
159,708-71-9586,Male,Native American/Alaska Native,29,2024-07-01,21:39:00,29,False,No referral.,Young Adult,Evening,Monday
160,215-50-7038,Male,Native American/Alaska Native,34,2024-06-17,02:49:00,59,False,General Practice,Young Adult,Night,Monday
161,210-58-4747,Male,White,43,2023-04-30,09:37:00,50,False,No referral.,Adult,Day,Sunday
162,854-45-3713,Female,Two or More Races,39,2024-01-07,16:18:00,16,True,Orthopedics,Adult,Evening,Sunday
163,574-65-3712,Female,Two or More Races,25,2024-06-16,18:38:00,42,True,No referral.,Young Adult,Evening,Sunday
164,270-55-3429,Male,Pacific Islander,27,2023-10-27,00:06:00,59,False,Orthopedics,Young Adult,Night,Friday
165,676-03-2440,Female,Asian,13,2023-05-27,20:26:00,11,False,No referral.,Minor,Evening,Saturday
166,719-63-6159,Female,Two or More Races,54,2023-08-13,13:57:00,46,True,No referral.,Middle-aged,Day,Sunday
167,634-41-8155,Male,African American,39,2023-03-12,23:00:00,54,True,General Practice,Adult,Night,Sunday
168,554-84-1081,Male,Pacific Islander,27,2024-10-18,07:15:00,58,True,No referral.,Young Adult,Day,Friday
169,260-11-2849,Female,Two or More Races,66,2023-10-20,00:19:00,39,False,General Practice,Senior,Night,Friday
170,205-60-1987,Male,African American,32,2023-12-22,22:25:00,23,True,No referral.,Young Adult,Evening,Friday
171,607-91-4614,Female,Asian,12,2023-08-22,01:15:00,34,False,No referral.,Minor,Night,Tuesday
172,575-64-1293,Female,Two or More Races,55,2024-07-19,21:30:00,25,True,General Practice,Older Adult,Evening,Friday
173,710-50-4562,Female,Asian,47,2024-08-02,17:24:00,29,True,No referral.,Middle-aged,Evening,Friday
174,257-20-4587,Male,Asian,61,2023-06-06,01:01:00,19,True,Cardiology,Older Adult,Night,Tuesday
175,352-67-4305,Male,African American,71,2024-04-15,07:12:00,37,True,No referral.,Senior,Day,Monday
176,146-69-4652,Female,White,34,2023-05-21,06:02:00,28,True,No referral.,Young Adult,Night,Sunday
177,802-59-5463,Female,African American,24,2023-12-17,06:30:00,32,True,No referral.,Young Adult,Night,Sunday
178,469-84-4163,Female,Two or More Races,47,2023-12-29,01:29:00,19,False,No referral.,Middle-aged,Night,Friday
179,189-09-4142,Male,Declined to Identify,51,2024-05-18,11:18:00,48,True,General Practice,Middle-aged,Day,Saturday
180,636-29-5268,Female,Two or More Races,19,2024-05-20,15:29:00,30,True,General Practice,Minor,Evening,Monday
181,658-20-0202,Female,Declined to Identify,50,2024-02-29,22:02:00,34,False,No referral.,Middle-aged,Evening,Thursday
182,846-58-8376,Female,White,8,2023-06-20,11:51:00,59,True,No referral.,Minor,Day,Tuesday
183,278-01-6800,Male,Asian,66,2023-08-07,17:42:00,42,True,No referral.,Senior,Evening,Monday
184,403-48-2643,Female,African American,62,2023-09-21,07:14:00,40,False,General Practice,Older Adult,Day,Thursday
185,574-05-3924,Female,Declined to Identify,28,2023-12-22,23:41:00,17,False,Cardiology,Young Adult,Night,Friday
186,606-55-9151,Female,Two or More Races,59,2023-10-12,06:02:00,54,False,Cardiology,Older Adult,Night,Thursday
187,389-27-5303,Male,White,20,2023-11-29,07:02:00,56,True,No referral.,Young Adult,Day,Wednesday
188,335-84-9373,Male,African American,8,2024-03-27,11:41:00,29,False,No referral.,Minor,Day,Wednesday
189,117-02-4931,Male,White,4,2023-08-27,16:16:00,53,False,General Practice,Minor,Evening,Sunday
190,400-48-7366,Female,African American,64,2024-11-05,03:33:00,32,True,No referral.,Older Adult,Night,Tuesday
191,514-75-2742,Female,White,29,2024-01-24,13:49:00,41,False,Orthopedics,Young Adult,Day,Wednesday
192,781-40-0701,Male,Declined to Identify,26,2024-02-03,19:16:00,55,False,No referral.,Young Adult,Evening,Saturday
193,444-03-4235,Female,African American,29,2023-07-22,02:29:00,12,False,General Practice,Young Adult,Night,Saturday
194,892-25-8683,Male,African American,14,2024-08-15,07:01:00,60,False,General Practice,Minor,Day,Thursday
195,160-14-1320,Male,White,73,2023-04-24,22:49:00,31,False,No referral.,Senior,Evening,Monday
196,198-35-6734,Male,White,49,2024-04-19,17:22:00,38,True,No referral.,Middle-aged,Evening,Friday
197,428-14-7095,Female,African American,39,2024-06-07,01:46:00,37,True,Physiotherapy,Adult,Night,Friday
198,132-48-1247,Female,Asian,58,2023-04-15,18:40:00,50,False,No referral.,Older Adult,Evening,Saturday
199,411-11-8513,Male,Two or More Races,57,2024-07-31,06:01:00,34,False,No referral.,Older Adult,Night,Wednesday
200,176-14-4067,Male,Declined to Identify,4,2023-07-25,05:51:00,38,False,No referral.,Minor,Night,Tuesday
201,318-27-1087,Female,African American,74,2023-10-23,13:36:00,24,False,No referral.,Senior,Day,Monday
202,254-34-7286,Female,White,34,2024-10-08,13:12:00,38,False,No referral.,Young Adult,Day,Tuesday
203,278-84-3772,Female,Two or More Races,9,2023-05-20,06:10:00,26,True,No referral.,Minor,Night,Saturday
204,689-35-5574,Male,White,65,2024-03-08,03:46:00,40,False,General Practice,Senior,Night,Friday
205,783-65-6030,Female,Two or More Races,30,2024-07-05,21:26:00,54,True,No referral.,Young Adult,Evening,Friday
206,551-80-9262,Female,Pacific Islander,8,2024-08-05,16:46:00,38,True,No referral.,Minor,Evening,Monday
207,541-01-7660,Male,Asian,56,2023-07-18,03:58:00,50,False,General Practice,Older Adult,Night,Tuesday
208,799-44-2163,Female,White,7,2024-04-17,10:17:00,53,False,Physiotherapy,Minor,Day,Wednesday
209,645-05-4509,Male,White,4,2023-07-14,00:12:00,56,False,No referral.,Minor,Night,Friday
210,890-83-9216,Female,Pacific Islander,59,2024-08-24,15:09:00,53,False,No referral.,Older Adult,Evening,Saturday
211,354-25-6792,Male,Two or More Races,7,2024-02-20,09:46:00,29,False,Physiotherapy,Minor,Day,Tuesday
212,112-44-3497,Female,Two or More Races,9,2023-05-09,20:43:00,42,True,General Practice,Minor,Evening,Tuesday
213,274-80-8104,Male,African American,44,2023-10-16,11:49:00,12,False,No referral.,Adult,Day,Monday
214,427-82-7478,Male,White,53,2023-04-15,16:38:00,39,False,No referral.,Middle-aged,Evening,Saturday
215,496-43-4865,Male,Asian,22,2023-12-10,06:55:00,59,True,No referral.,Young Adult,Night,Sunday
216,520-32-2321,Female,Two or More Races,35,2024-10-21,12:05:00,13,False,Orthopedics,Adult,Day,Monday
217,112-97-3102,Male,Declined to Identify,66,2024-10-10,22:27:00,43,True,No referral.,Senior,Evening,Thursday
218,535-11-6522,Female,Two or More Races,16,2023-04-11,19:45:00,17,False,Physiotherapy,Minor,Evening,Tuesday
219,794-76-5261,Female,White,28,2023-04-23,19:13:00,39,True,General Practice,Young Adult,Evening,Sunday
220,638-43-3145,Male,African American,39,2023-12-20,00:55:00,29,False,Cardiology,Adult,Night,Wednesday
221,459-36-1115,Female,Declined to Identify,38,2024-05-08,05:14:00,57,False,No referral.,Adult,Night,Wednesday
222,175-55-7298,Male,African American,56,2024-04-20,20:48:00,13,False,General Practice,Older Adult,Evening,Saturday
223,193-59-9441,Male,Asian,37,2023-06-22,08:43:00,50,False,No referral.,Adult,Day,Thursday
224,849-83-7668,Female,White,5,2023-06-27,05:28:00,43,False,No referral.,Minor,Night,Tuesday
225,274-30-2230,Male,African American,24,2024-04-17,12:16:00,42,True,No referral.,Young Adult,Day,Wednesday
226,242-37-3166,Male,White,10,2023-04-27,15:44:00,55,True,No referral.,Minor,Evening,Thursday
227,875-62-3505,Male,Native American/Alaska Native,7,2023-12-17,20:04:00,47,False,No referral.,Minor,Evening,Sunday
228,661-56-7551,Male,Asian,33,2023-04-18,09:55:00,52,True,Physiotherapy,Young Adult,Day,Tuesday
229,528-57-6645,Female,Asian,44,2023-05-20,12:27:00,60,False,No referral.,Adult,Day,Saturday
230,715-45-1813,Female,African American,48,2023-07-08,02:46:00,31,False,No referral.,Middle-aged,Night,Saturday
231,457-45-2849,Male,Pacific Islander,8,2023-12-21,07:20:00,41,True,No referral.,Minor,Day,Thursday
232,692-49-3211,Male,African American,69,2023-08-30,23:34:00,38,False,No referral.,Senior,Night,Wednesday
233,621-48-6458,Female,African American,38,2023-01-08,09:48:00,54,False,No referral.,Adult,Day,Sunday
234,691-12-9990,Female,White,33,2024-05-19,06:56:00,22,False,Gastroenterology,Young Adult,Night,Sunday
235,888-70-5454,Female,African American,16,2024-06-22,05:21:00,41,True,No referral.,Minor,Night,Saturday
236,323-30-5176,Male,White,54,2024-09-07,21:39:00,56,True,No referral.,Middle-aged,Evening,Saturday
237,452-96-1280,Female,African American,33,2024-11-10,19:53:00,39,True,No referral.,Young Adult,Evening,Sunday
238,763-87-4222,Female,African American,73,2023-05-06,12:44:00,11,False,Orthopedics,Senior,Day,Saturday
239,728-15-5341,Male,Asian,12,2023-10-28,15:00:00,17,False,No referral.,Minor,Evening,Saturday
240,166-20-2794,Male,White,68,2023-08-28,09:40:00,44,True,No referral.,Senior,Day,Monday
241,501-78-1934,Female,African American,16,2023-11-30,10:12:00,36,True,No referral.,Minor,Day,Thursday
242,167-17-2338,Male,Native American/Alaska Native,48,2024-09-28,01:53:00,44,True,No referral.,Middle-aged,Night,Saturday
243,288-91-8881,Female,White,42,2023-07-24,01:41:00,20,False,General Practice,Adult,Night,Monday
244,156-04-1460,Male,African American,21,2024-01-06,23:55:00,22,False,No referral.,Young Adult,Night,Saturday
245,404-61-7141,Female,Native American/Alaska Native,46,2024-01-29,07:54:00,47,True,Orthopedics,Middle-aged,Day,Monday
246,310-75-2760,Male,Pacific Islander,78,2024-02-06,05:52:00,59,False,General Practice,Senior,Night,Tuesday
247,797-10-7600,Male,Two or More Races,1,2024-02-18,11:41:00,28,False,No referral.,Minor,Day,Sunday
248,110-77-9670,Male,African American,36,2023-10-12,04:39:00,42,True,Orthopedics,Adult,Night,Thursday
249,556-92-5924,Female,Declined to Identify,37,2024-01-09,13:38:00,52,False,No referral.,Adult,Day,Tuesday
250,298-10-7060,Female,African American,34,2023-09-15,13:09:00,15,True,Orthopedics,Young Adult,Day,Friday
251,490-07-8452,Male,Two or More Races,1,2023-05-17,07:02:00,48,False,No referral.,Minor,Day,Wednesday
252,172-88-6642,Male,African American,53,2024-09-07,11:43:00,42,True,General Practice,Middle-aged,Day,Saturday
253,864-61-2647,Male,Two or More Races,35,2024-10-09,20:45:00,16,True,Orthopedics,Adult,Evening,Wednesday
254,131-71-6388,Male,White,60,2023-10-21,18:42:00,16,False,Orthopedics,Older Adult,Evening,Saturday
255,462-37-3053,Male,Declined to Identify,41,2024-03-05,16:14:00,23,True,No referral.,Adult,Evening,Tuesday
256,353-11-2559,Female,Asian,49,2023-02-12,20:38:00,15,False,No referral.,Middle-aged,Evening,Sunday
257,130-62-4906,Female,White,50,2023-04-21,02:44:00,15,False,No referral.,Middle-aged,Night,Friday
258,306-59-8935,Male,Native American/Alaska Native,44,2024-07-13,04:50:00,39,True,Cardiology,Adult,Night,Saturday
259,249-32-3203,Female,Two or More Races,50,2023-04-22,12:30:00,24,False,No referral.,Middle-aged,Day,Saturday
260,262-69-4482,Male,Declined to Identify,38,2023-02-04,05:05:00,14,True,Gastroenterology,Adult,Night,Saturday
261,510-69-5252,Male,White,51,2023-12-05,16:52:00,33,True,No referral.,Middle-aged,Evening,Tuesday
262,799-21-2876,Female,Pacific Islander,19,2024-05-29,10:50:00,39,True,No referral.,Minor,Day,Wednesday
263,373-37-3790,Male,Two or More Races,67,2024-11-07,23:07:00,56,False,No referral.,Senior,Night,Thursday
264,421-39-9248,Male,White,13,2024-04-16,05:11:00,33,False,Gastroenterology,Minor,Night,Tuesday
265,373-70-7925,Male,White,16,2024-06-02,17:59:00,37,True,Orthopedics,Minor,Evening,Sunday
266,610-55-3526,Male,White,29,2023-09-04,01:07:00,14,True,Physiotherapy,Young Adult,Night,Monday
267,525-36-7812,Male,White,58,2024-02-20,22:36:00,14,False,General Practice,Older Adult,Evening,Tuesday
268,114-16-7000,Male,African American,27,2023-07-11,23:11:00,45,False,General Practice,Young Adult,Night,Tuesday
269,444-83-4739,Female,White,44,2023-01-05,00:54:00,30,False,General Practice,Adult,Night,Thursday
270,699-99-8759,Female,White,27,2023-05-19,14:05:00,31,True,No referral.,Young Adult,Day,Friday
271,476-99-7972,Female,African American,68,2023-06-26,09:09:00,15,True,No referral.,Senior,Day,Monday
272,828-49-0441,Male,African American,19,2024-01-02,08:13:00,38,False,No referral.,Minor,Day,Tuesday
273,522-31-4708,Male,Pacific Islander,63,2024-07-26,11:30:00,43,True,No referral.,Older Adult,Day,Friday
274,646-17-3871,Female,African American,26,2023-07-31,08:03:00,36,False,No referral.,Young Adult,Day,Monday
275,878-36-7830,Male,White,19,2023-06-25,20:05:00,50,False,Physiotherapy,Minor,Evening,Sunday
276,524-75-8060,Female,White,4,2024-10-23,11:06:00,39,False,General Practice,Minor,Day,Wednesday
277,181-45-7803,Female,African American,21,2024-09-04,00:12:00,23,False,No referral.,Young Adult,Night,Wednesday
278,342-04-5123,Female,African American,55,2024-07-14,22:37:00,55,True,No referral.,Older Adult,Evening,Sunday
279,628-20-1693,Female,White,18,2023-12-04,07:08:00,11,False,No referral.,Minor,Day,Monday
280,184-21-1948,Female,Two or More Races,50,2024-07-17,03:40:00,46,True,General Practice,Middle-aged,Night,Wednesday
281,359-44-3613,Female,African American,20,2024-03-26,21:21:00,43,False,No referral.,Young Adult,Evening,Tuesday
282,280-60-4794,Male,Asian,22,2024-05-18,12:07:00,55,False,No referral.,Young Adult,Day,Saturday
283,502-81-1725,Female,Pacific Islander,13,2024-10-25,18:47:00,50,False,No referral.,Minor,Evening,Friday
284,489-43-8448,Male,White,10,2024-12-06,00:37:00,21,False,No referral.,Minor,Night,Friday
285,834-50-2690,Male,African American,31,2023-08-29,07:12:00,42,True,General Practice,Young Adult,Day,Tuesday
286,264-22-2247,Female,Two or More Races,14,2023-05-06,10:10:00,12,False,General Practice,Minor,Day,Saturday
287,825-23-7126,Female,Two or More Races,42,2024-02-22,10:52:00,54,False,Gastroenterology,Adult,Day,Thursday
288,716-80-7186,Male,African American,29,2024-05-05,05:26:00,60,False,No referral.,Young Adult,Night,Sunday
289,752-35-4165,Female,Asian,22,2024-01-05,08:43:00,54,False,No referral.,Young Adult,Day,Friday
290,267-10-5957,Female,Asian,26,2024-11-01,20:49:00,14,True,No referral.,Young Adult,Evening,Friday
291,732-27-6608,Male,Pacific Islander,32,2024-07-14,21:58:00,17,False,No referral.,Young Adult,Evening,Sunday
292,548-78-6274,Male,White,70,2024-08-30,07:21:00,57,False,No referral.,Senior,Day,Friday
293,255-46-2640,Female,Two or More Races,2,2024-09-05,01:51:00,24,False,Orthopedics,Minor,Night,Thursday
294,744-26-5135,Male,White,29,2024-02-03,16:08:00,32,True,No referral.,Young Adult,Evening,Saturday
295,852-35-5869,Female,Asian,15,2023-11-30,14:20:00,54,False,Cardiology,Minor,Day,Thursday
296,551-35-9369,Female,African American,9,2024-01-03,12:16:00,47,False,General Practice,Minor,Day,Wednesday
297,294-07-5007,Female,African American,75,2023-08-23,20:27:00,22,False,General Practice,Senior,Evening,Wednesday
298,526-03-2526,Male,African American,54,2023-05-06,02:56:00,59,False,No referral.,Middle-aged,Night,Saturday
299,532-60-7967,Female,African American,63,2024-05-17,13:23:00,40,False,No referral.,Older Adult,Day,Friday
300,603-11-0846,Female,White,50,2023-09-26,01:09:00,28,False,General Practice,Middle-aged,Night,Tuesday
301,867-06-8022,Male,Declined to Identify,34,2023-09-29,13:22:00,50,True,Renal,Young Adult,Day,Friday
302,602-04-0876,Male,White,23,2023-07-08,04:12:00,44,True,No referral.,Young Adult,Night,Saturday
303,712-25-4902,Male,White,6,2023-07-07,03:21:00,32,False,No referral.,Minor,Night,Friday
304,201-90-2001,Male,White,30,2024-08-07,19:41:00,14,False,General Practice,Young Adult,Evening,Wednesday
305,374-26-1067,Male,White,12,2024-02-16,15:38:00,40,False,No referral.,Minor,Evening,Friday
306,825-76-3394,Male,White,63,2024-07-18,22:29:00,45,False,General Practice,Older Adult,Evening,Thursday
307,274-62-9187,Male,White,42,2023-12-04,19:25:00,27,False,General Practice,Adult,Evening,Monday
308,169-56-6778,Male,White,65,2023-10-22,16:04:00,27,False,No referral.,Senior,Evening,Sunday
309,294-30-6567,Male,Two or More Races,21,2023-04-14,20:19:00,42,True,No referral.,Young Adult,Evening,Friday
310,694-56-2971,Male,Pacific Islander,1,2024-12-01,21:42:00,24,False,No referral.,Minor,Evening,Sunday
311,499-95-0291,Female,Pacific Islander,29,2023-07-23,09:38:00,28,True,No referral.,Young Adult,Day,Sunday
312,105-08-1976,Female,Native American/Alaska Native,16,2024-07-23,16:49:00,58,True,Physiotherapy,Minor,Evening,Tuesday
313,270-90-4999,Female,Two or More Races,38,2024-08-07,23:12:00,48,False,No referral.,Adult,Night,Wednesday
314,416-45-5565,Female,White,20,2023-11-18,07:01:00,40,False,General Practice,Young Adult,Day,Saturday
315,253-84-5746,Female,Declined to Identify,22,2023-01-08,07:12:00,29,True,No referral.,Young Adult,Day,Sunday
316,593-36-2410,Female,Asian,23,2024-06-15,11:51:00,23,True,Gastroenterology,Young Adult,Day,Saturday
317,864-78-5560,Male,Asian,14,2024-05-19,19:44:00,13,False,Physiotherapy,Minor,Evening,Sunday
318,107-25-3448,Female,African American,72,2024-05-08,22:13:00,21,False,No referral.,Senior,Evening,Wednesday
319,846-58-7999,Male,African American,27,2024-05-30,06:14:00,14,False,No referral.,Young Adult,Night,Thursday
320,435-77-6310,Male,Two or More Races,25,2024-06-19,12:17:00,45,True,No referral.,Young Adult,Day,Wednesday
321,689-47-4564,Female,White,17,2024-01-18,10:41:00,57,False,No referral.,Minor,Day,Thursday
322,320-85-0898,Male,Native American/Alaska Native,78,2024-02-16,08:05:00,28,True,Orthopedics,Senior,Day,Friday
323,140-30-2555,Female,White,19,2024-02-16,02:25:00,58,False,Neurology,Minor,Night,Friday
324,388-34-2380,Female,African American,46,2024-11-02,01:32:00,12,True,Orthopedics,Middle-aged,Night,Saturday
325,251-72-9605,Female,Two or More Races,35,2024-01-24,19:28:00,54,False,Orthopedics,Adult,Evening,Wednesday
326,367-68-2505,Female,Two or More Races,6,2024-09-27,09:06:00,40,True,No referral.,Minor,Day,Friday
327,782-34-4167,Female,White,36,2023-04-17,09:04:00,50,True,General Practice,Adult,Day,Monday
328,660-86-2261,Female,Asian,27,2024-08-01,19:38:00,55,True,No referral.,Young Adult,Evening,Thursday
329,307-95-7194,Male,African American,2,2024-09-27,06:11:00,46,True,No referral.,Minor,Night,Friday
330,411-32-4858,Male,Asian,67,2023-10-23,07:22:00,40,False,General Practice,Senior,Day,Monday
331,471-83-4980,Male,African American,53,2023-04-09,00:21:00,37,True,No referral.,Middle-aged,Night,Sunday
332,506-94-2779,Female,White,74,2024-05-22,09:48:00,51,False,No referral.,Senior,Day,Wednesday
333,706-09-4564,Male,White,26,2024-08-06,10:01:00,19,False,No referral.,Young Adult,Day,Tuesday
334,463-17-9883,Male,Pacific Islander,56,2024-01-23,09:41:00,18,True,No referral.,Older Adult,Day,Tuesday
335,740-14-6005,Male,African American,9,2023-10-11,06:23:00,24,False,No referral.,Minor,Night,Wednesday
336,501-24-5548,Female,African American,3,2023-09-26,02:35:00,27,False,General Practice,Minor,Night,Tuesday
337,332-44-9371,Male,African American,18,2023-08-05,20:03:00,36,True,Orthopedics,Minor,Evening,Saturday
338,256-95-4828,Female,White,28,2023-06-15,03:28:00,37,False,No referral.,Young Adult,Night,Thursday
339,715-12-7760,Male,Two or More Races,49,2023-04-28,14:56:00,43,True,General Practice,Middle-aged,Day,Friday
340,498-19-8616,Male,Declined to Identify,30,2024-01-03,23:41:00,43,True,Cardiology,Young Adult,Night,Wednesday
341,160-49-1316,Female,Two or More Races,32,2023-12-23,00:34:00,51,False,General Practice,Young Adult,Night,Saturday
342,760-59-1309,Male,Two or More Races,52,2024-08-29,16:55:00,49,True,General Practice,Middle-aged,Evening,Thursday
343,591-83-7831,Female,Native American/Alaska Native,62,2023-05-17,10:22:00,21,False,No referral.,Older Adult,Day,Wednesday
344,735-59-0676,Male,Pacific Islander,49,2024-07-21,21:29:00,34,True,No referral.,Middle-aged,Evening,Sunday
345,343-75-3388,Female,Asian,40,2024-01-20,11:54:00,32,False,No referral.,Adult,Day,Saturday
346,331-25-4113,Male,Pacific Islander,28,2023-11-05,00:20:00,14,True,No referral.,Young Adult,Night,Sunday
347,107-19-6298,Male,Asian,28,2024-08-15,17:50:00,10,False,Orthopedics,Young Adult,Evening,Thursday
348,568-76-0444,Female,Two or More Races,74,2024-01-22,16:43:00,18,False,General Practice,Senior,Evening,Monday
349,516-65-1574,Female,Declined to Identify,50,2024-01-16,10:54:00,35,True,No referral.,Middle-aged,Day,Tuesday
350,190-99-7486,Female,White,78,2023-05-26,09:55:00,22,True,No referral.,Senior,Day,Friday
351,302-11-3266,Female,White,24,2023-05-14,18:54:00,30,False,General Practice,Young Adult,Evening,Sunday
352,233-24-4968,Male,Asian,49,2024-09-21,20:59:00,56,True,No referral.,Middle-aged,Evening,Saturday
353,718-40-9446,Female,Two or More Races,31,2024-07-31,15:22:00,55,False,Orthopedics,Young Adult,Evening,Wednesday
354,245-02-8824,Male,White,12,2024-04-18,20:25:00,50,False,General Practice,Minor,Evening,Thursday
355,706-58-1402,Male,Asian,66,2024-02-28,09:28:00,50,False,General Practice,Senior,Day,Wednesday
356,618-67-3994,Female,Two or More Races,56,2024-02-24,08:23:00,54,True,No referral.,Older Adult,Day,Saturday
357,880-75-5124,Female,Two or More Races,59,2023-08-15,11:23:00,47,False,Orthopedics,Older Adult,Day,Tuesday
358,417-60-6491,Male,African American,11,2023-11-06,09:21:00,58,True,General Practice,Minor,Day,Monday
359,356-85-1950,Female,African American,10,2023-07-08,18:04:00,36,False,No referral.,Minor,Evening,Saturday
360,195-71-6230,Female,Pacific Islander,13,2023-08-20,21:09:00,47,False,No referral.,Minor,Evening,Sunday
361,397-44-2425,Male,Two or More Races,17,2023-03-06,01:27:00,12,False,General Practice,Minor,Night,Monday
362,539-86-9387,Female,Asian,69,2024-08-25,15:56:00,32,True,General Practice,Senior,Evening,Sunday
363,266-73-6494,Female,Declined to Identify,13,2023-01-10,11:36:00,40,True,No referral.,Minor,Day,Tuesday
364,177-05-5852,Male,White,71,2023-06-05,23:25:00,25,False,General Practice,Senior,Night,Monday
365,575-74-8288,Female,Two or More Races,26,2023-10-13,20:19:00,36,True,No referral.,Young Adult,Evening,Friday
366,334-31-4472,Male,White,61,2023-08-04,17:26:00,30,False,No referral.,Older Adult,Evening,Friday
367,614-04-9706,Female,White,78,2023-10-30,22:37:00,19,False,Orthopedics,Senior,Evening,Monday
368,540-50-5144,Male,Declined to Identify,21,2023-07-31,17:43:00,45,False,No referral.,Young Adult,Evening,Monday
369,812-85-8608,Male,Asian,53,2023-05-27,01:39:00,50,False,Orthopedics,Middle-aged,Night,Saturday
370,619-68-4925,Female,African American,22,2024-08-08,11:45:00,12,True,General Practice,Young Adult,Day,Thursday
371,106-50-3710,Female,Two or More Races,50,2023-07-21,05:31:00,25,True,No referral.,Middle-aged,Night,Friday
372,892-34-1050,Male,African American,73,2023-03-06,01:38:00,60,False,No referral.,Senior,Night,Monday
373,307-56-5381,Female,White,47,2023-03-10,11:22:00,28,False,No referral.,Middle-aged,Day,Friday
374,505-14-5247,Male,Pacific Islander,14,2024-03-05,11:14:00,17,False,General Practice,Minor,Day,Tuesday
375,671-14-7147,Female,White,12,2023-09-24,12:52:00,29,False,No referral.,Minor,Day,Sunday
376,483-71-2239,Male,Declined to Identify,8,2023-12-30,17:51:00,21,True,No referral.,Minor,Evening,Saturday
377,298-33-9030,Female,Two or More Races,63,2023-12-28,02:20:00,19,True,General Practice,Older Adult,Night,Thursday
378,485-81-8334,Male,White,39,2023-10-29,21:36:00,47,False,Orthopedics,Adult,Evening,Sunday
379,108-25-6001,Female,White,10,2024-06-08,17:48:00,11,True,Neurology,Minor,Evening,Saturday
380,215-03-5942,Female,Pacific Islander,3,2023-09-08,08:03:00,29,False,Physiotherapy,Minor,Day,Friday
381,219-91-7181,Female,Two or More Races,68,2024-01-20,04:10:00,27,False,No referral.,Senior,Night,Saturday
382,607-44-6875,Female,African American,35,2023-06-25,07:56:00,35,False,No referral.,Adult,Day,Sunday
383,158-72-1114,Male,Two or More Races,64,2024-02-06,10:26:00,32,True,General Practice,Older Adult,Day,Tuesday
384,388-69-8923,Female,White,72,2024-01-13,19:05:00,33,True,No referral.,Senior,Evening,Saturday
385,728-66-8875,Female,Asian,68,2024-01-15,13:10:00,36,True,General Practice,Senior,Day,Monday
386,361-42-4250,Female,Declined to Identify,69,2023-11-18,21:20:00,59,False,General Practice,Senior,Evening,Saturday
387,316-95-8309,Male,African American,79,2023-05-28,17:46:00,55,False,No referral.,Senior,Evening,Sunday
388,653-67-0050,Female,African American,16,2023-10-30,10:20:00,21,False,No referral.,Minor,Day,Monday
389,239-59-8659,Female,Asian,78,2023-12-10,22:55:00,43,True,No referral.,Senior,Evening,Sunday
390,241-34-9948,Female,White,10,2023-05-14,01:04:00,51,True,No referral.,Minor,Night,Sunday
391,171-54-7134,Female,Native American/Alaska Native,64,2024-12-09,03:14:00,36,False,No referral.,Older Adult,Night,Monday
392,644-14-3306,Male,Asian,27,2024-04-01,22:50:00,23,True,No referral.,Young Adult,Evening,Monday
393,659-59-5114,Male,Declined to Identify,18,2024-11-06,07:25:00,59,True,No referral.,Minor,Day,Wednesday
394,706-06-7749,Female,Asian,40,2024-04-14,22:38:00,13,True,Orthopedics,Adult,Evening,Sunday
395,248-21-1787,Female,White,60,2023-02-04,09:15:00,60,True,Physiotherapy,Older Adult,Day,Saturday
396,806-82-0501,Female,Native American/Alaska Native,7,2024-03-27,00:28:00,24,True,No referral.,Minor,Night,Wednesday
397,271-74-6084,Female,African American,62,2024-04-15,01:32:00,56,False,Physiotherapy,Older Adult,Night,Monday
398,112-21-1867,Female,African American,32,2024-05-24,15:47:00,44,False,No referral.,Young Adult,Evening,Friday
399,745-14-6527,Male,White,17,2024-07-19,13:27:00,10,False,No referral.,Minor,Day,Friday
400,210-95-8263,Male,Two or More Races,49,2023-08-09,15:00:00,33,False,No referral.,Middle-aged,Evening,Wednesday
401,253-01-4563,Male,Native American/Alaska Native,24,2023-12-22,00:30:00,43,False,General Practice,Young Adult,Night,Friday
402,306-08-1494,Female,Two or More Races,69,2023-05-22,09:41:00,60,False,No referral.,Senior,Day,Monday
403,242-70-5420,Female,White,9,2024-08-23,16:04:00,35,False,Physiotherapy,Minor,Evening,Friday
404,362-30-0094,Male,Native American/Alaska Native,65,2023-01-10,15:34:00,39,False,General Practice,Senior,Evening,Tuesday
405,651-84-7603,Female,African American,59,2024-10-27,15:34:00,29,False,General Practice,Older Adult,Evening,Sunday
406,551-02-4054,Female,African American,65,2023-06-06,04:23:00,59,True,Cardiology,Senior,Night,Tuesday
407,140-28-2291,Male,African American,3,2024-03-17,16:29:00,32,True,No referral.,Minor,Evening,Sunday
408,290-95-7276,Female,African American,26,2024-09-15,00:37:00,49,False,No referral.,Young Adult,Night,Sunday
409,750-10-6392,Female,White,64,2024-08-29,06:21:00,43,False,Orthopedics,Older Adult,Night,Thursday
410,809-85-4177,Male,Declined to Identify,65,2024-01-15,20:53:00,33,False,General Practice,Senior,Evening,Monday
411,181-41-7605,Male,Two or More Races,27,2024-08-09,10:45:00,18,False,No referral.,Young Adult,Day,Friday
412,353-36-6428,Male,Pacific Islander,29,2024-07-24,02:03:00,42,False,No referral.,Young Adult,Night,Wednesday
413,290-26-3161,Male,Two or More Races,3,2024-10-23,11:11:00,26,False,No referral.,Minor,Day,Wednesday
414,724-23-4445,Female,Asian,45,2024-08-20,21:13:00,25,True,No referral.,Middle-aged,Evening,Tuesday
415,404-78-8737,Male,Declined to Identify,75,2024-07-14,01:28:00,25,True,No referral.,Senior,Night,Sunday
416,642-92-2378,Female,White,39,2024-03-05,03:16:00,29,True,No referral.,Adult,Night,Tuesday
417,631-49-3222,Female,Declined to Identify,13,2023-05-21,05:58:00,27,True,General Practice,Minor,Night,Sunday
418,684-93-8823,Male,White,74,2023-04-23,19:21:00,51,True,Cardiology,Senior,Evening,Sunday
419,740-20-2785,Female,Declined to Identify,34,2023-05-25,18:01:00,39,False,No referral.,Young Adult,Evening,Thursday
420,167-30-0521,Male,White,76,2023-06-28,13:24:00,53,True,No referral.,Senior,Day,Wednesday
421,827-97-4092,Male,Asian,26,2024-02-17,00:38:00,59,True,Physiotherapy,Young Adult,Night,Saturday
422,427-34-8170,Female,Asian,79,2024-10-13,15:10:00,21,False,General Practice,Senior,Evening,Sunday
423,364-28-5162,Female,Pacific Islander,28,2023-01-10,15:20:00,18,False,Cardiology,Young Adult,Evening,Tuesday
424,214-51-5890,Female,White,45,2023-05-08,15:00:00,40,False,Orthopedics,Middle-aged,Evening,Monday
425,231-02-7602,Male,White,22,2023-10-15,14:44:00,32,False,Orthopedics,Young Adult,Day,Sunday
426,430-40-6651,Male,White,76,2023-03-07,09:04:00,50,True,No referral.,Senior,Day,Tuesday
427,568-02-0607,Female,African American,8,2023-08-27,00:37:00,41,True,No referral.,Minor,Night,Sunday
428,857-68-5135,Female,African American,4,2024-06-04,12:00:00,47,False,Gastroenterology,Minor,Day,Tuesday
429,633-74-7415,Female,White,17,2023-11-10,12:34:00,37,True,No referral.,Minor,Day,Friday
430,768-43-9102,Female,Declined to Identify,12,2023-08-07,00:55:00,46,True,No referral.,Minor,Night,Monday
431,851-96-4883,Female,African American,57,2024-05-08,10:47:00,29,False,General Practice,Older Adult,Day,Wednesday
432,389-89-2868,Female,Two or More Races,61,2024-03-06,20:34:00,29,False,General Practice,Older Adult,Evening,Wednesday
433,387-40-4388,Male,White,31,2024-05-30,06:44:00,44,False,Neurology,Young Adult,Night,Thursday
434,759-40-6832,Male,Two or More Races,10,2023-03-06,14:37:00,43,True,Orthopedics,Minor,Day,Monday
435,454-48-2824,Female,Two or More Races,7,2023-11-20,03:57:00,46,False,No referral.,Minor,Night,Monday
436,357-72-8460,Female,Two or More Races,56,2023-01-05,07:01:00,56,True,No referral.,Older Adult,Day,Thursday
437,241-06-7024,Female,African American,19,2023-01-10,15:44:00,60,True,Physiotherapy,Minor,Evening,Tuesday
438,618-10-2399,Male,Two or More Races,30,2023-04-11,03:38:00,40,False,Physiotherapy,Young Adult,Night,Tuesday
439,242-26-0614,Male,African American,59,2024-02-21,07:28:00,50,True,No referral.,Older Adult,Day,Wednesday
440,344-60-3150,Male,African American,15,2024-04-02,13:53:00,16,True,General Practice,Minor,Day,Tuesday
441,207-52-3908,Female,White,20,2023-11-19,14:19:00,33,True,Orthopedics,Young Adult,Day,Sunday
442,288-28-0528,Male,Two or More Races,73,2023-12-24,13:24:00,47,False,No referral.,Senior,Day,Sunday
443,596-31-5134,Female,Declined to Identify,1,2024-05-22,13:54:00,21,True,No referral.,Minor,Day,Wednesday
444,353-44-5247,Male,Pacific Islander,11,2023-07-25,23:16:00,58,False,No referral.,Minor,Night,Tuesday
445,636-33-2409,Female,Declined to Identify,57,2023-12-14,00:00:00,41,False,General Practice,Older Adult,Night,Thursday
446,411-40-4241,Female,Asian,62,2023-05-30,10:22:00,49,True,General Practice,Older Adult,Day,Tuesday
447,451-17-9647,Male,Declined to Identify,1,2023-11-14,04:15:00,36,False,Orthopedics,Minor,Night,Tuesday
448,733-31-0767,Male,Asian,53,2024-03-22,12:20:00,29,True,No referral.,Middle-aged,Day,Friday
449,511-19-0295,Male,Pacific Islander,28,2023-07-29,02:58:00,45,False,General Practice,Young Adult,Night,Saturday
450,603-46-9977,Female,African American,49,2024-09-28,17:53:00,15,True,No referral.,Middle-aged,Evening,Saturday
451,477-57-4070,Male,African American,57,2023-04-18,04:45:00,33,True,No referral.,Older Adult,Night,Tuesday
452,632-44-8851,Female,Declined to Identify,32,2024-02-22,16:06:00,39,True,General Practice,Young Adult,Evening,Thursday
453,482-14-6628,Male,African American,50,2023-12-16,15:02:00,52,False,No referral.,Middle-aged,Evening,Saturday
454,500-11-7409,Male,White,76,2024-09-03,16:51:00,49,True,No referral.,Senior,Evening,Tuesday
455,340-20-9334,Female,Two or More Races,25,2024-01-24,02:42:00,57,True,No referral.,Young Adult,Night,Wednesday
456,448-51-7664,Male,Pacific Islander,39,2023-07-10,11:17:00,59,True,No referral.,Adult,Day,Monday
457,331-93-9295,Female,White,76,2023-04-28,05:36:00,41,True,No referral.,Senior,Night,Friday
458,106-58-3767,Female,African American,10,2024-09-21,05:30:00,43,False,No referral.,Minor,Night,Saturday
459,399-73-4231,Female,White,27,2023-07-25,23:02:00,12,False,Gastroenterology,Young Adult,Night,Tuesday
460,386-79-2013,Male,Native American/Alaska Native,55,2023-12-18,20:43:00,31,False,Renal,Older Adult,Evening,Monday
461,264-80-8420,Male,White,15,2023-02-09,00:03:00,41,True,No referral.,Minor,Night,Thursday
462,758-87-8577,Female,Asian,44,2024-01-22,12:37:00,30,True,No referral.,Adult,Day,Monday
463,432-64-7259,Female,Declined to Identify,35,2024-04-21,16:10:00,55,False,No referral.,Adult,Evening,Sunday
464,881-97-4043,Female,White,78,2024-02-27,05:13:00,42,True,General Practice,Senior,Night,Tuesday
465,577-64-5812,Male,African American,33,2024-12-10,02:07:00,59,True,No referral.,Young Adult,Night,Tuesday
466,518-18-8369,Female,Asian,63,2024-09-29,14:57:00,11,True,No referral.,Older Adult,Day,Sunday
467,192-58-1232,Female,Two or More Races,27,2023-06-26,22:56:00,42,False,Neurology,Young Adult,Evening,Monday
468,114-36-5111,Female,White,44,2024-02-21,22:55:00,30,True,No referral.,Adult,Evening,Wednesday
469,163-41-6583,Female,African American,25,2023-10-30,15:15:00,12,True,No referral.,Young Adult,Evening,Monday
470,534-52-3938,Male,Two or More Races,34,2024-05-06,18:50:00,41,False,No referral.,Young Adult,Evening,Monday
471,530-98-5548,Female,Declined to Identify,64,2023-05-29,17:41:00,42,False,General Practice,Older Adult,Evening,Monday
472,880-96-7672,Male,Two or More Races,53,2024-07-28,21:08:00,23,True,No referral.,Middle-aged,Evening,Sunday
473,543-30-7171,Male,White,12,2024-12-08,08:26:00,60,False,Orthopedics,Minor,Day,Sunday
474,249-15-9115,Female,Two or More Races,54,2023-08-09,19:16:00,18,True,Cardiology,Middle-aged,Evening,Wednesday
475,729-02-7030,Female,Asian,59,2024-03-26,18:38:00,44,True,No referral.,Older Adult,Evening,Tuesday
476,808-17-1359,Male,White,76,2024-10-27,19:57:00,13,True,General Practice,Senior,Evening,Sunday
477,540-89-3110,Female,Two or More Races,60,2024-09-28,10:17:00,10,False,No referral.,Older Adult,Day,Saturday
478,100-40-2709,Male,White,77,2024-08-05,04:58:00,48,False,No referral.,Senior,Night,Monday
479,867-83-3947,Male,Pacific Islander,29,2024-08-09,07:37:00,55,False,No referral.,Young Adult,Day,Friday
480,849-01-9695,Female,Two or More Races,5,2024-05-21,17:14:00,37,True,No referral.,Minor,Evening,Tuesday
481,601-32-8756,Female,Asian,8,2024-03-05,04:49:00,54,False,No referral.,Minor,Night,Tuesday
482,409-67-0369,Female,African American,78,2023-07-14,16:51:00,40,True,No referral.,Senior,Evening,Friday
483,821-39-6737,Female,White,44,2023-10-14,13:39:00,48,False,No referral.,Adult,Day,Saturday
484,197-60-5950,Male,White,34,2024-07-25,17:01:00,59,False,No referral.,Young Adult,Evening,Thursday
485,612-42-2700,Male,White,6,2023-07-21,08:56:00,29,False,No referral.,Minor,Day,Friday
486,607-43-0418,Female,White,27,2024-03-24,22:41:00,29,True,No referral.,Young Adult,Evening,Sunday
487,403-72-3420,Male,African American,32,2024-09-19,00:21:00,15,False,No referral.,Young Adult,Night,Thursday
488,204-52-5423,Female,White,11,2024-07-13,15:30:00,55,False,Orthopedics,Minor,Evening,Saturday
489,469-38-1832,Female,Two or More Races,32,2023-06-16,09:08:00,51,True,No referral.,Young Adult,Day,Friday
490,295-25-4846,Male,Two or More Races,72,2024-11-09,09:13:00,53,True,No referral.,Senior,Day,Saturday
491,730-22-5135,Female,Native American/Alaska Native,43,2024-10-13,23:15:00,53,False,No referral.,Adult,Night,Sunday
492,408-14-1967,Female,Asian,66,2023-11-25,11:35:00,19,False,Orthopedics,Senior,Day,Saturday
493,186-82-0440,Male,Declined to Identify,56,2024-06-02,10:37:00,40,True,General Practice,Older Adult,Day,Sunday
494,338-56-5549,Male,African American,56,2023-09-09,19:25:00,59,True,Orthopedics,Older Adult,Evening,Saturday
495,424-43-5485,Male,White,16,2024-09-10,23:25:00,15,False,General Practice,Minor,Night,Tuesday
496,109-57-9083,Female,Pacific Islander,28,2023-07-16,10:50:00,12,False,No referral.,Young Adult,Day,Sunday
497,129-82-0895,Male,White,56,2023-08-09,05:59:00,42,True,No referral.,Older Adult,Night,Wednesday
498,786-39-5598,Female,White,38,2024-02-21,09:05:00,55,True,No referral.,Adult,Day,Wednesday
499,684-05-3448,Female,Native American/Alaska Native,33,2023-08-28,06:12:00,45,True,No referral.,Young Adult,Night,Monday
500,381-53-8528,Female,White,51,2023-09-19,16:49:00,36,True,No referral.,Middle-aged,Evening,Tuesday
501,411-83-5149,Female,Declined to Identify,47,2024-01-21,21:20:00,17,False,No referral.,Middle-aged,Evening,Sunday
502,280-13-7317,Male,Declined to Identify,18,2023-05-16,07:54:00,11,True,No referral.,Minor,Day,Tuesday
503,123-29-1223,Female,African American,10,2024-07-28,13:37:00,18,False,No referral.,Minor,Day,Sunday
504,398-34-3572,Female,Two or More Races,31,2024-06-24,17:48:00,25,False,No referral.,Young Adult,Evening,Monday
505,554-96-3589,Male,African American,70,2023-08-23,17:42:00,49,True,No referral.,Senior,Evening,Wednesday
506,530-22-6924,Female,Pacific Islander,61,2023-09-15,22:42:00,42,True,General Practice,Older Adult,Evening,Friday
507,449-69-8456,Female,White,29,2024-07-10,06:43:00,10,True,No referral.,Young Adult,Night,Wednesday
508,280-93-8703,Female,African American,67,2024-03-18,16:26:00,42,False,General Practice,Senior,Evening,Monday
509,167-77-4307,Male,African American,57,2024-01-23,15:26:00,60,True,Orthopedics,Older Adult,Evening,Tuesday
510,532-77-3729,Male,African American,28,2023-12-15,15:01:00,49,True,No referral.,Young Adult,Evening,Friday
511,310-55-5331,Male,African American,9,2024-08-07,00:03:00,16,False,Orthopedics,Minor,Night,Wednesday
512,887-74-5024,Female,Two or More Races,51,2023-11-26,01:49:00,38,True,General Practice,Middle-aged,Night,Sunday
513,379-45-8010,Female,African American,45,2024-10-23,16:28:00,53,True,General Practice,Middle-aged,Evening,Wednesday
514,353-77-6257,Male,White,75,2023-02-04,23:10:00,33,False,No referral.,Senior,Night,Saturday
515,366-93-1146,Male,African American,49,2024-01-26,16:26:00,52,True,No referral.,Middle-aged,Evening,Friday
516,636-59-9872,Male,Pacific Islander,40,2024-07-03,23:19:00,38,False,Physiotherapy,Adult,Night,Wednesday
517,707-40-6053,Female,Declined to Identify,26,2024-09-27,21:34:00,37,False,No referral.,Young Adult,Evening,Friday
518,142-10-3821,Female,Declined to Identify,3,2023-11-04,21:35:00,24,False,General Practice,Minor,Evening,Saturday
519,707-65-0931,Female,African American,55,2024-02-27,07:37:00,25,False,No referral.,Older Adult,Day,Tuesday
520,608-50-7377,Female,White,73,2023-05-10,08:07:00,12,False,General Practice,Senior,Day,Wednesday
521,125-27-8454,Female,White,48,2023-12-09,13:18:00,53,False,General Practice,Middle-aged,Day,Saturday
522,593-21-1380,Male,Two or More Races,40,2023-01-07,06:50:00,16,False,No referral.,Adult,Night,Saturday
523,241-01-9916,Male,Asian,28,2023-12-29,00:02:00,26,True,General Practice,Young Adult,Night,Friday
524,314-47-2091,Male,African American,35,2024-12-03,08:45:00,44,True,General Practice,Adult,Day,Tuesday
525,312-60-6865,Male,White,30,2023-07-30,01:34:00,29,True,Orthopedics,Young Adult,Night,Sunday
526,343-40-4924,Male,Two or More Races,29,2023-09-15,12:42:00,51,False,Cardiology,Young Adult,Day,Friday
527,229-08-8535,Female,Asian,36,2024-09-27,13:33:00,27,True,No referral.,Adult,Day,Friday
528,428-76-6409,Male,Pacific Islander,26,2023-08-08,08:53:00,13,True,No referral.,Young Adult,Day,Tuesday
529,859-84-2585,Male,White,7,2024-06-21,11:39:00,12,True,No referral.,Minor,Day,Friday
530,203-99-0377,Female,Declined to Identify,29,2023-10-29,14:39:00,16,False,General Practice,Young Adult,Day,Sunday
531,673-87-9658,Male,Two or More Races,53,2023-01-12,03:20:00,57,True,Cardiology,Middle-aged,Night,Thursday
532,602-61-9639,Female,Declined to Identify,51,2023-07-28,07:41:00,17,True,No referral.,Middle-aged,Day,Friday
533,454-08-5050,Female,Native American/Alaska Native,67,2024-03-10,10:20:00,48,False,General Practice,Senior,Day,Sunday
534,523-22-4909,Male,Two or More Races,23,2024-02-22,00:10:00,47,False,General Practice,Young Adult,Night,Thursday
535,407-21-4291,Male,African American,55,2023-09-15,23:14:00,40,True,No referral.,Older Adult,Night,Friday
536,812-30-7792,Male,Pacific Islander,18,2024-08-05,07:37:00,13,True,General Practice,Minor,Day,Monday
537,760-40-8441,Male,African American,62,2024-01-27,13:47:00,43,False,No referral.,Older Adult,Day,Saturday
538,278-30-2643,Female,African American,47,2024-02-25,01:03:00,14,False,No referral.,Middle-aged,Night,Sunday
539,646-30-8991,Female,African American,13,2023-02-12,12:39:00,52,True,General Practice,Minor,Day,Sunday
540,389-47-4560,Male,White,79,2023-03-05,19:06:00,25,True,No referral.,Senior,Evening,Sunday
541,795-71-2961,Female,Native American/Alaska Native,39,2024-11-04,09:32:00,16,False,General Practice,Adult,Day,Monday
542,696-43-9529,Male,African American,57,2023-08-20,08:35:00,14,True,No referral.,Older Adult,Day,Sunday
543,536-05-9082,Female,Two or More Races,20,2023-04-06,07:23:00,24,True,No referral.,Young Adult,Day,Thursday
544,842-53-5003,Male,Declined to Identify,74,2023-03-09,13:49:00,56,True,No referral.,Senior,Day,Thursday
545,649-05-0980,Female,Two or More Races,75,2023-07-18,17:30:00,20,False,No referral.,Senior,Evening,Tuesday
546,253-73-0692,Male,Declined to Identify,2,2024-01-24,03:12:00,33,False,General Practice,Minor,Night,Wednesday
547,751-06-2730,Male,African American,6,2024-06-27,11:20:00,30,True,Orthopedics,Minor,Day,Thursday
548,719-37-8355,Female,White,9,2023-09-30,07:11:00,41,True,No referral.,Minor,Day,Saturday
549,722-84-3095,Female,Two or More Races,76,2023-05-21,20:20:00,43,True,Physiotherapy,Senior,Evening,Sunday
550,747-96-6784,Male,Two or More Races,68,2023-06-25,05:25:00,45,False,No referral.,Senior,Night,Sunday
551,170-62-0653,Female,White,44,2024-09-13,18:47:00,42,True,No referral.,Adult,Evening,Friday
552,530-18-6594,Male,African American,69,2023-06-04,15:50:00,21,False,No referral.,Senior,Evening,Sunday
553,306-12-0501,Female,Two or More Races,5,2023-10-08,16:51:00,37,True,No referral.,Minor,Evening,Sunday
554,255-92-8939,Male,Two or More Races,65,2023-09-08,20:30:00,26,True,Renal,Senior,Evening,Friday
555,171-23-3641,Male,Two or More Races,77,2024-07-26,19:21:00,24,False,No referral.,Senior,Evening,Friday
556,450-28-3332,Male,White,26,2024-01-10,04:30:00,17,False,No referral.,Young Adult,Night,Wednesday
557,569-24-2406,Male,Asian,48,2024-05-16,19:09:00,32,False,No referral.,Middle-aged,Evening,Thursday
558,697-73-4767,Female,White,57,2024-01-16,13:56:00,32,False,General Practice,Older Adult,Day,Tuesday
559,844-86-6653,Male,White,3,2023-12-11,04:29:00,38,False,General Practice,Minor,Night,Monday
560,502-06-9989,Male,White,10,2023-07-30,03:40:00,57,True,No referral.,Minor,Night,Sunday
561,460-55-2507,Female,African American,44,2023-08-29,19:35:00,32,True,Orthopedics,Adult,Evening,Tuesday
562,429-32-3098,Female,White,76,2023-04-16,20:13:00,13,True,No referral.,Senior,Evening,Sunday
563,433-42-5910,Female,Asian,74,2024-02-04,05:05:00,39,True,Gastroenterology,Senior,Night,Sunday
564,294-28-2369,Female,White,48,2024-08-03,08:21:00,46,True,No referral.,Middle-aged,Day,Saturday
565,191-36-0112,Male,White,39,2023-08-07,22:56:00,42,True,No referral.,Adult,Evening,Monday
566,558-14-1217,Male,Native American/Alaska Native,53,2024-12-07,19:18:00,51,True,Orthopedics,Middle-aged,Evening,Saturday
567,139-07-0452,Male,Declined to Identify,20,2024-09-21,09:29:00,57,True,Orthopedics,Young Adult,Day,Saturday
568,665-04-6942,Male,White,40,2024-04-26,09:01:00,23,False,Orthopedics,Adult,Day,Friday
569,392-82-1935,Female,White,23,2024-10-30,03:49:00,24,False,No referral.,Young Adult,Night,Wednesday
570,738-27-0084,Female,Declined to Identify,37,2023-08-13,01:56:00,51,True,General Practice,Adult,Night,Sunday
571,320-36-7101,Male,Asian,37,2023-06-20,13:43:00,32,True,No referral.,Adult,Day,Tuesday
572,378-74-2509,Male,African American,30,2023-10-18,20:03:00,53,True,Orthopedics,Young Adult,Evening,Wednesday
573,151-94-5863,Female,White,34,2023-07-13,05:19:00,43,True,No referral.,Young Adult,Night,Thursday
574,838-07-1763,Female,White,6,2023-02-06,16:17:00,20,False,General Practice,Minor,Evening,Monday
575,745-60-8922,Male,Two or More Races,31,2023-04-13,01:32:00,14,False,No referral.,Young Adult,Night,Thursday
576,162-86-9521,Male,Native American/Alaska Native,68,2024-12-01,06:56:00,33,True,General Practice,Senior,Night,Sunday
577,602-37-2587,Female,African American,73,2023-12-30,21:56:00,20,True,No referral.,Senior,Evening,Saturday
578,148-56-6438,Female,Two or More Races,56,2023-03-12,02:05:00,28,True,No referral.,Older Adult,Night,Sunday
579,674-39-3958,Female,White,63,2023-06-14,22:10:00,46,True,No referral.,Older Adult,Evening,Wednesday
580,276-38-4682,Female,Declined to Identify,13,2024-11-02,23:23:00,40,False,Cardiology,Minor,Night,Saturday
581,475-56-5117,Male,Two or More Races,31,2023-07-10,22:48:00,18,False,No referral.,Young Adult,Evening,Monday
582,232-81-4919,Female,Pacific Islander,61,2023-07-08,15:21:00,44,False,Orthopedics,Older Adult,Evening,Saturday
583,616-41-9787,Male,African American,54,2024-01-09,10:15:00,34,True,Cardiology,Middle-aged,Day,Tuesday
584,334-65-8008,Male,White,7,2024-07-10,15:40:00,56,True,No referral.,Minor,Evening,Wednesday
585,745-02-2194,Female,African American,39,2023-05-30,11:48:00,17,True,No referral.,Adult,Day,Tuesday
586,583-91-6038,Male,African American,76,2023-11-17,07:19:00,30,False,No referral.,Senior,Day,Friday
587,120-29-3911,Male,Two or More Races,78,2024-03-19,18:39:00,52,True,No referral.,Senior,Evening,Tuesday
588,586-91-2074,Male,Declined to Identify,21,2024-09-17,05:53:00,22,True,No referral.,Young Adult,Night,Tuesday
589,557-57-3240,Male,African American,42,2023-06-22,12:26:00,55,False,No referral.,Adult,Day,Thursday
590,634-94-1438,Male,Two or More Races,27,2024-05-01,22:58:00,49,True,Orthopedics,Young Adult,Evening,Wednesday
591,524-89-7434,Male,White,37,2024-02-04,04:00:00,33,False,No referral.,Adult,Night,Sunday
592,121-57-0594,Male,African American,5,2024-07-09,02:40:00,17,False,No referral.,Minor,Night,Tuesday
593,251-33-7796,Male,African American,12,2024-02-25,20:02:00,22,False,No referral.,Minor,Evening,Sunday
594,805-72-1704,Female,Declined to Identify,32,2023-10-11,06:16:00,11,False,Gastroenterology,Young Adult,Night,Wednesday
595,500-12-4114,Male,White,56,2023-01-07,22:29:00,15,True,No referral.,Older Adult,Evening,Saturday
596,472-80-8183,Male,White,19,2024-08-13,03:57:00,52,False,Orthopedics,Minor,Night,Tuesday
597,445-48-0091,Female,Declined to Identify,42,2023-01-09,08:46:00,11,True,No referral.,Adult,Day,Monday
598,632-20-4911,Male,African American,25,2024-05-14,23:40:00,35,True,No referral.,Young Adult,Night,Tuesday
599,331-48-0116,Female,White,54,2023-09-15,23:10:00,31,True,No referral.,Middle-aged,Night,Friday
600,792-04-6423,Female,White,59,2024-09-09,14:00:00,56,True,General Practice,Older Adult,Day,Monday
601,595-46-8071,Female,Two or More Races,11,2024-10-03,04:22:00,39,True,No referral.,Minor,Night,Thursday
602,896-82-2567,Female,White,9,2024-07-28,04:44:00,48,False,General Practice,Minor,Night,Sunday
603,580-30-1480,Female,Two or More Races,7,2023-12-23,18:24:00,27,False,Orthopedics,Minor,Evening,Saturday
604,697-21-0978,Male,African American,14,2023-09-16,22:37:00,38,True,No referral.,Minor,Evening,Saturday
605,178-03-0288,Female,Two or More Races,73,2023-09-13,05:11:00,25,False,Physiotherapy,Senior,Night,Wednesday
606,564-64-5838,Female,Asian,40,2024-09-19,04:40:00,44,True,No referral.,Adult,Night,Thursday
607,423-95-8777,Female,African American,28,2024-02-15,13:39:00,52,True,General Practice,Young Adult,Day,Thursday
608,879-96-5283,Female,Two or More Races,69,2024-11-09,13:26:00,26,True,No referral.,Senior,Day,Saturday
609,568-65-2667,Male,Asian,64,2023-06-16,18:55:00,50,True,No referral.,Older Adult,Evening,Friday
610,282-26-7682,Male,African American,73,2024-04-14,13:08:00,42,False,Physiotherapy,Senior,Day,Sunday
611,377-04-9725,Male,Native American/Alaska Native,10,2024-05-02,11:25:00,44,False,No referral.,Minor,Day,Thursday
612,368-97-6319,Female,African American,61,2023-11-11,18:24:00,24,False,No referral.,Older Adult,Evening,Saturday
613,226-10-3804,Male,Pacific Islander,39,2023-10-25,08:45:00,45,True,Physiotherapy,Adult,Day,Wednesday
614,370-30-5916,Female,Two or More Races,63,2023-04-11,05:27:00,10,False,No referral.,Older Adult,Night,Tuesday
615,318-96-4834,Female,White,6,2024-07-19,08:24:00,18,True,No referral.,Minor,Day,Friday
616,651-40-0526,Female,Asian,4,2023-12-26,17:38:00,59,True,No referral.,Minor,Evening,Tuesday
617,735-88-4353,Male,White,37,2023-04-27,08:59:00,16,False,No referral.,Adult,Day,Thursday
618,688-62-6860,Female,Native American/Alaska Native,27,2024-09-01,13:11:00,38,True,No referral.,Young Adult,Day,Sunday
619,291-99-8598,Male,Native American/Alaska Native,11,2023-11-07,22:52:00,50,False,Cardiology,Minor,Evening,Tuesday
620,255-92-2375,Male,Asian,70,2023-06-19,03:06:00,17,True,No referral.,Senior,Night,Monday
621,721-71-7824,Female,Two or More Races,31,2023-08-22,06:33:00,34,False,No referral.,Young Adult,Night,Tuesday
622,233-13-0126,Male,African American,52,2024-03-28,19:07:00,12,False,Orthopedics,Middle-aged,Evening,Thursday
623,468-35-7714,Male,Two or More Races,41,2023-05-18,04:10:00,46,False,Orthopedics,Adult,Night,Thursday
624,774-35-2604,Female,White,25,2024-03-24,11:55:00,25,True,No referral.,Young Adult,Day,Sunday
625,787-98-6577,Male,Native American/Alaska Native,59,2023-11-12,13:31:00,15,True,General Practice,Older Adult,Day,Sunday
626,344-08-7920,Female,African American,48,2023-09-27,19:07:00,34,False,Physiotherapy,Middle-aged,Evening,Wednesday
627,454-88-1988,Male,White,5,2024-04-10,21:51:00,27,False,No referral.,Minor,Evening,Wednesday
628,632-40-8703,Male,Pacific Islander,37,2024-04-06,04:29:00,54,True,No referral.,Adult,Night,Saturday
629,784-61-7194,Female,Pacific Islander,17,2023-08-21,02:23:00,23,True,No referral.,Minor,Night,Monday
630,370-02-5695,Male,Declined to Identify,39,2023-07-16,03:06:00,31,False,No referral.,Adult,Night,Sunday
631,609-51-6263,Female,African American,14,2024-03-03,07:28:00,60,True,No referral.,Minor,Day,Sunday
632,644-58-1558,Female,African American,44,2023-11-28,18:58:00,44,False,Physiotherapy,Adult,Evening,Tuesday
633,258-60-6957,Female,Two or More Races,20,2023-03-11,15:44:00,21,False,General Practice,Young Adult,Evening,Saturday
634,820-20-3247,Male,Asian,77,2023-11-30,19:41:00,56,True,No referral.,Senior,Evening,Thursday
635,862-66-9466,Female,Pacific Islander,72,2023-07-07,01:50:00,52,False,No referral.,Senior,Night,Friday
636,191-59-7336,Female,Two or More Races,21,2023-05-14,04:41:00,27,False,No referral.,Young Adult,Night,Sunday
637,854-16-1184,Female,Declined to Identify,12,2023-10-05,05:22:00,39,False,No referral.,Minor,Night,Thursday
638,673-44-9918,Female,White,67,2024-07-21,01:30:00,34,True,Orthopedics,Senior,Night,Sunday
639,263-10-1520,Male,White,37,2024-01-03,07:26:00,27,False,Cardiology,Adult,Day,Wednesday
640,296-40-3993,Male,Two or More Races,8,2023-02-10,08:27:00,15,True,No referral.,Minor,Day,Friday
641,443-90-1086,Female,Native American/Alaska Native,77,2024-02-03,09:12:00,30,False,No referral.,Senior,Day,Saturday
642,567-05-4342,Female,Two or More Races,21,2024-09-10,05:41:00,55,True,General Practice,Young Adult,Night,Tuesday
643,266-12-6783,Male,African American,26,2024-10-14,06:01:00,42,False,General Practice,Young Adult,Night,Monday
644,144-86-5245,Female,White,76,2024-05-31,23:20:00,31,True,No referral.,Senior,Night,Friday
645,497-45-3476,Female,Two or More Races,4,2023-05-08,21:03:00,51,False,No referral.,Minor,Evening,Monday
646,457-25-0613,Male,African American,33,2024-05-31,20:44:00,24,True,Orthopedics,Young Adult,Evening,Friday
647,136-16-3393,Male,White,27,2023-10-04,08:45:00,47,True,Renal,Young Adult,Day,Wednesday
648,345-80-7681,Male,African American,24,2024-06-16,15:24:00,46,False,No referral.,Young Adult,Evening,Sunday
649,778-31-9819,Male,Asian,78,2023-01-09,16:58:00,58,True,No referral.,Senior,Evening,Monday
650,570-65-0181,Female,African American,58,2024-08-28,08:38:00,42,False,No referral.,Older Adult,Day,Wednesday
651,678-33-6326,Female,White,59,2023-06-17,13:03:00,14,False,Cardiology,Older Adult,Day,Saturday
652,754-53-5621,Male,Asian,34,2023-12-18,17:57:00,11,True,No referral.,Young Adult,Evening,Monday
653,208-13-3546,Male,White,7,2024-04-24,15:59:00,35,True,No referral.,Minor,Evening,Wednesday
654,851-76-2999,Female,African American,62,2024-08-17,19:38:00,32,True,No referral.,Older Adult,Evening,Saturday
655,279-01-8909,Male,Pacific Islander,41,2024-03-31,03:12:00,58,False,General Practice,Adult,Night,Sunday
656,566-62-7832,Female,Two or More Races,52,2023-09-19,22:48:00,30,False,General Practice,Middle-aged,Evening,Tuesday
657,813-17-2531,Female,Declined to Identify,70,2024-04-26,22:21:00,20,True,No referral.,Senior,Evening,Friday
658,860-43-2537,Male,Declined to Identify,31,2024-04-09,06:27:00,19,True,Orthopedics,Young Adult,Night,Tuesday
659,717-44-1754,Male,Declined to Identify,34,2023-09-11,05:46:00,26,False,Gastroenterology,Young Adult,Night,Monday
660,788-05-7233,Male,White,52,2024-04-14,22:53:00,35,False,General Practice,Middle-aged,Evening,Sunday
661,269-56-0676,Male,White,77,2024-01-15,22:57:00,59,True,No referral.,Senior,Evening,Monday
662,432-19-9911,Female,White,24,2023-06-11,15:07:00,51,False,Orthopedics,Young Adult,Evening,Sunday
663,824-31-0857,Female,Declined to Identify,71,2024-08-18,01:14:00,53,True,No referral.,Senior,Night,Sunday
664,180-73-9658,Male,Two or More Races,25,2024-07-02,03:38:00,59,False,No referral.,Young Adult,Night,Tuesday
665,759-33-6592,Male,Declined to Identify,56,2024-03-14,14:18:00,32,True,No referral.,Older Adult,Day,Thursday
666,462-57-0018,Female,White,39,2023-04-07,16:24:00,29,False,No referral.,Adult,Evening,Friday
667,359-57-5243,Male,African American,33,2023-04-21,22:27:00,46,False,General Practice,Young Adult,Evening,Friday
668,234-53-3039,Female,African American,46,2024-06-05,17:11:00,32,False,General Practice,Middle-aged,Evening,Wednesday
669,494-35-2410,Male,Two or More Races,4,2024-01-04,22:27:00,30,False,Gastroenterology,Minor,Evening,Thursday
670,421-47-5088,Male,African American,45,2024-04-08,20:13:00,60,False,No referral.,Middle-aged,Evening,Monday
671,500-22-9975,Female,White,24,2024-07-05,23:18:00,40,True,General Practice,Young Adult,Night,Friday
672,567-64-8503,Male,Two or More Races,28,2024-08-15,00:05:00,58,False,Physiotherapy,Young Adult,Night,Thursday
673,482-31-9677,Male,White,5,2024-05-08,18:16:00,19,False,Renal,Minor,Evening,Wednesday
674,457-93-2979,Female,White,53,2024-04-30,00:26:00,45,True,Orthopedics,Middle-aged,Night,Tuesday
675,840-11-5082,Female,Two or More Races,9,2024-05-01,19:14:00,28,True,General Practice,Minor,Evening,Wednesday
676,404-87-6936,Female,African American,53,2024-03-01,13:15:00,31,True,No referral.,Middle-aged,Day,Friday
677,557-05-5863,Male,Two or More Races,64,2024-07-13,06:12:00,29,False,Orthopedics,Older Adult,Night,Saturday
678,801-66-2184,Male,White,56,2024-10-25,19:27:00,17,False,Orthopedics,Older Adult,Evening,Friday
679,826-83-6796,Female,Asian,35,2024-05-26,12:05:00,39,False,No referral.,Adult,Day,Sunday
680,395-41-5858,Female,African American,70,2023-04-21,01:13:00,34,False,No referral.,Senior,Night,Friday
681,347-72-5118,Male,Asian,59,2024-04-13,08:30:00,37,True,No referral.,Older Adult,Day,Saturday
682,114-45-5732,Female,White,43,2024-10-17,11:37:00,18,True,Cardiology,Adult,Day,Thursday
683,181-84-9858,Female,Two or More Races,10,2024-06-14,11:28:00,55,False,General Practice,Minor,Day,Friday
684,542-98-7304,Male,Two or More Races,79,2023-12-25,09:28:00,39,False,No referral.,Senior,Day,Monday
685,615-16-5686,Female,African American,11,2023-03-10,06:45:00,49,True,General Practice,Minor,Night,Friday
686,156-26-5666,Female,Declined to Identify,2,2024-10-20,17:44:00,10,True,General Practice,Minor,Evening,Sunday
687,245-37-8627,Male,Asian,26,2023-06-30,15:47:00,33,True,No referral.,Young Adult,Evening,Friday
688,696-86-6623,Male,African American,11,2024-10-25,00:14:00,10,True,Physiotherapy,Minor,Night,Friday
689,414-64-8497,Male,Declined to Identify,65,2023-02-09,12:18:00,40,False,No referral.,Senior,Day,Thursday
690,676-71-8991,Female,African American,14,2024-03-03,14:26:00,10,True,No referral.,Minor,Day,Sunday
691,806-55-2798,Female,Pacific Islander,40,2023-10-12,00:22:00,17,False,No referral.,Adult,Night,Thursday
692,757-21-9703,Female,Asian,42,2023-07-21,02:00:00,45,False,No referral.,Adult,Night,Friday
693,788-38-9695,Female,White,7,2023-08-26,11:21:00,31,False,General Practice,Minor,Day,Saturday
694,601-49-6614,Male,White,58,2023-11-23,18:30:00,19,False,General Practice,Older Adult,Evening,Thursday
695,549-79-0918,Male,Two or More Races,66,2023-08-06,15:54:00,21,True,Orthopedics,Senior,Evening,Sunday
696,590-21-6350,Male,Two or More Races,49,2023-12-16,11:53:00,43,True,No referral.,Middle-aged,Day,Saturday
697,592-78-2378,Female,Declined to Identify,53,2024-08-10,07:30:00,10,False,Neurology,Middle-aged,Day,Saturday
698,268-85-0735,Female,White,48,2024-09-01,22:30:00,11,True,No referral.,Middle-aged,Evening,Sunday
699,285-58-7134,Male,Two or More Races,16,2024-02-04,23:57:00,54,True,Gastroenterology,Minor,Night,Sunday
700,325-98-4218,Male,Two or More Races,2,2023-08-30,19:49:00,38,False,General Practice,Minor,Evening,Wednesday
701,523-01-7161,Male,African American,7,2023-07-22,22:15:00,12,True,No referral.,Minor,Evening,Saturday
702,258-52-1051,Male,White,15,2023-09-08,18:13:00,36,False,Orthopedics,Minor,Evening,Friday
703,232-91-0483,Male,White,70,2023-07-11,02:53:00,13,True,No referral.,Senior,Night,Tuesday
704,346-95-1105,Male,Declined to Identify,40,2024-05-13,17:44:00,34,True,Neurology,Adult,Evening,Monday
705,590-81-9405,Male,African American,50,2023-09-10,17:15:00,47,True,No referral.,Middle-aged,Evening,Sunday
706,869-78-4400,Female,Native American/Alaska Native,65,2023-10-10,20:49:00,51,True,Orthopedics,Senior,Evening,Tuesday
707,270-65-3632,Male,African American,59,2024-07-27,13:08:00,34,True,No referral.,Older Adult,Day,Saturday
708,237-84-8828,Male,Native American/Alaska Native,35,2024-08-16,19:55:00,53,False,No referral.,Adult,Evening,Friday
709,619-20-9832,Male,Declined to Identify,58,2023-10-20,07:55:00,21,False,No referral.,Older Adult,Day,Friday
710,176-89-2201,Female,Declined to Identify,76,2023-08-24,19:41:00,38,True,No referral.,Senior,Evening,Thursday
711,363-33-8633,Female,African American,20,2023-05-09,04:15:00,43,False,No referral.,Young Adult,Night,Tuesday
712,747-07-7323,Female,White,11,2024-05-30,12:00:00,59,True,Physiotherapy,Minor,Day,Thursday
713,748-83-0279,Male,White,58,2023-12-29,05:18:00,12,False,No referral.,Older Adult,Night,Friday
714,623-38-5573,Female,White,15,2023-06-27,23:14:00,50,True,No referral.,Minor,Night,Tuesday
715,507-24-3607,Female,African American,2,2024-06-22,01:15:00,15,True,Physiotherapy,Minor,Night,Saturday
716,511-79-3919,Female,White,72,2024-03-04,22:43:00,33,False,General Practice,Senior,Evening,Monday
717,384-30-2755,Male,White,39,2023-10-09,07:58:00,21,False,No referral.,Adult,Day,Monday
718,561-92-4547,Male,White,7,2023-10-13,17:36:00,57,True,No referral.,Minor,Evening,Friday
719,228-43-4348,Male,African American,65,2023-01-05,18:28:00,36,True,No referral.,Senior,Evening,Thursday
720,635-03-0538,Female,Two or More Races,67,2024-01-30,23:57:00,57,False,General Practice,Senior,Night,Tuesday
721,441-78-6203,Male,African American,3,2024-08-28,23:28:00,42,True,Renal,Minor,Night,Wednesday
722,593-30-5918,Male,White,11,2024-09-05,09:32:00,48,True,No referral.,Minor,Day,Thursday
723,311-14-5921,Female,White,9,2023-06-13,08:23:00,19,False,No referral.,Minor,Day,Tuesday
724,414-58-8930,Female,African American,2,2024-03-14,12:18:00,25,True,No referral.,Minor,Day,Thursday
725,408-29-0501,Male,White,25,2024-02-05,00:33:00,26,True,Orthopedics,Young Adult,Night,Monday
726,101-38-5868,Male,White,14,2024-08-10,12:18:00,20,True,No referral.,Minor,Day,Saturday
727,270-39-6593,Female,Asian,11,2024-08-24,05:41:00,60,False,No referral.,Minor,Night,Saturday
728,574-75-4280,Female,Two or More Races,6,2024-08-22,06:37:00,57,True,No referral.,Minor,Night,Thursday
729,602-64-6212,Female,Declined to Identify,46,2023-09-29,02:21:00,52,True,General Practice,Middle-aged,Night,Friday
730,477-07-4012,Male,Asian,23,2023-12-06,23:51:00,11,True,General Practice,Young Adult,Night,Wednesday
731,458-41-3724,Female,African American,34,2024-05-23,23:10:00,13,False,Orthopedics,Young Adult,Night,Thursday
732,200-87-7696,Female,African American,13,2024-08-26,13:49:00,10,True,No referral.,Minor,Day,Monday
733,177-38-4025,Male,Two or More Races,63,2024-06-05,05:14:00,59,True,General Practice,Older Adult,Night,Wednesday
734,241-21-0506,Female,Declined to Identify,42,2023-10-17,02:00:00,54,True,No referral.,Adult,Night,Tuesday
735,644-76-1186,Female,Asian,47,2023-09-15,10:16:00,11,False,No referral.,Middle-aged,Day,Friday
736,213-73-5378,Male,Asian,27,2024-10-29,18:40:00,43,False,Orthopedics,Young Adult,Evening,Tuesday
737,210-06-8525,Female,White,38,2023-10-06,06:49:00,24,False,Physiotherapy,Adult,Night,Friday
738,738-81-7786,Female,African American,49,2024-07-27,09:58:00,50,True,General Practice,Middle-aged,Day,Saturday
739,667-52-8382,Male,African American,39,2024-04-08,09:56:00,55,True,General Practice,Adult,Day,Monday
740,714-41-2161,Female,African American,31,2023-01-05,22:37:00,41,True,Neurology,Young Adult,Evening,Thursday
741,599-40-2753,Female,African American,16,2024-03-10,13:39:00,20,True,No referral.,Minor,Day,Sunday
742,753-92-5377,Male,Two or More Races,46,2024-08-21,05:38:00,26,True,Physiotherapy,Middle-aged,Night,Wednesday
743,491-94-8271,Male,Two or More Races,14,2023-04-06,22:13:00,12,False,Orthopedics,Minor,Evening,Thursday
744,102-05-9716,Male,Two or More Races,71,2023-10-20,02:33:00,30,False,General Practice,Senior,Night,Friday
745,889-81-3794,Female,Declined to Identify,18,2024-02-07,07:05:00,27,False,No referral.,Minor,Day,Wednesday
746,422-91-8230,Male,Declined to Identify,1,2023-06-15,05:24:00,39,False,No referral.,Minor,Night,Thursday
747,589-52-0548,Male,Two or More Races,71,2024-08-29,16:05:00,21,True,No referral.,Senior,Evening,Thursday
748,559-99-5645,Male,Asian,32,2023-04-10,03:52:00,41,False,Renal,Young Adult,Night,Monday
749,613-37-8053,Female,Native American/Alaska Native,5,2024-10-02,22:13:00,54,True,No referral.,Minor,Evening,Wednesday
750,481-25-8959,Male,Pacific Islander,8,2024-01-02,03:01:00,33,False,Orthopedics,Minor,Night,Tuesday
751,783-44-2077,Female,African American,74,2024-05-08,09:38:00,54,False,General Practice,Senior,Day,Wednesday
752,820-32-2123,Female,Two or More Races,72,2023-12-06,14:01:00,56,True,Neurology,Senior,Day,Wednesday
753,487-23-6531,Male,Native American/Alaska Native,6,2024-03-27,07:22:00,48,True,General Practice,Minor,Day,Wednesday
754,806-06-2745,Female,White,52,2024-10-21,04:23:00,12,False,No referral.,Middle-aged,Night,Monday
755,413-62-4921,Male,White,57,2024-04-15,05:26:00,56,True,No referral.,Older Adult,Night,Monday
756,252-77-6344,Male,Asian,58,2023-09-26,14:52:00,16,False,No referral.,Older Adult,Day,Tuesday
757,540-87-5256,Male,Asian,27,2024-10-05,05:41:00,33,True,No referral.,Young Adult,Night,Saturday
758,690-11-2110,Male,Asian,40,2023-07-24,08:07:00,45,False,No referral.,Adult,Day,Monday
759,734-15-2159,Female,Asian,2,2024-02-14,19:36:00,20,True,No referral.,Minor,Evening,Wednesday
760,375-83-4770,Female,Two or More Races,47,2023-05-17,00:38:00,25,False,No referral.,Middle-aged,Night,Wednesday
761,842-23-1921,Female,Asian,24,2024-05-18,01:59:00,37,False,General Practice,Young Adult,Night,Saturday
762,440-64-1066,Male,Declined to Identify,55,2024-06-01,14:04:00,38,False,No referral.,Older Adult,Day,Saturday
763,186-34-2679,Male,White,25,2023-12-27,17:56:00,53,True,No referral.,Young Adult,Evening,Wednesday
764,205-92-6656,Female,White,9,2023-10-17,11:37:00,54,True,No referral.,Minor,Day,Tuesday
765,215-35-3486,Female,White,78,2024-08-31,15:40:00,26,True,General Practice,Senior,Evening,Saturday
766,830-21-0433,Male,Declined to Identify,5,2023-03-10,00:01:00,38,True,Orthopedics,Minor,Night,Friday
767,230-49-9379,Female,White,61,2023-01-12,13:50:00,57,True,No referral.,Older Adult,Day,Thursday
768,370-99-9209,Male,African American,67,2023-08-14,21:27:00,14,False,No referral.,Senior,Evening,Monday
769,238-05-9108,Male,Pacific Islander,51,2024-08-29,04:28:00,12,True,No referral.,Middle-aged,Night,Thursday
770,834-82-5675,Female,White,18,2023-04-18,13:20:00,51,True,No referral.,Minor,Day,Tuesday
771,648-27-9691,Male,Asian,27,2023-08-15,06:56:00,53,False,No referral.,Young Adult,Night,Tuesday
772,299-46-0910,Female,White,50,2023-05-11,02:36:00,57,True,No referral.,Middle-aged,Night,Thursday
773,490-06-4815,Female,White,3,2023-10-06,02:02:00,10,False,No referral.,Minor,Night,Friday
774,478-06-8771,Female,Two or More Races,76,2024-10-06,12:55:00,39,True,General Practice,Senior,Day,Sunday
775,658-48-0259,Female,Asian,6,2023-08-25,13:18:00,10,True,Orthopedics,Minor,Day,Friday
776,115-20-5052,Female,Asian,57,2023-05-18,07:27:00,29,False,No referral.,Older Adult,Day,Thursday
777,397-69-1392,Female,African American,10,2024-01-08,12:07:00,58,False,General Practice,Minor,Day,Monday
778,818-72-0858,Male,White,65,2023-08-19,15:34:00,15,True,General Practice,Senior,Evening,Saturday
779,108-24-4463,Male,Declined to Identify,46,2023-09-21,06:33:00,33,False,Gastroenterology,Middle-aged,Night,Thursday
780,751-97-7123,Female,Two or More Races,38,2024-08-29,21:48:00,11,True,No referral.,Adult,Evening,Thursday
781,599-12-3787,Female,African American,25,2023-11-10,07:35:00,35,False,No referral.,Young Adult,Day,Friday
782,467-44-4359,Male,African American,40,2023-04-08,01:54:00,28,True,Orthopedics,Adult,Night,Saturday
783,478-44-5649,Female,White,22,2023-07-07,21:17:00,60,False,No referral.,Young Adult,Evening,Friday
784,375-30-9722,Male,African American,46,2023-10-05,14:16:00,10,False,Orthopedics,Middle-aged,Day,Thursday
785,852-96-3176,Male,Two or More Races,56,2024-05-25,03:29:00,34,True,No referral.,Older Adult,Night,Saturday
786,789-25-4400,Male,Two or More Races,74,2024-02-10,22:12:00,60,False,No referral.,Senior,Evening,Saturday
787,499-70-1959,Male,Native American/Alaska Native,67,2024-02-18,19:13:00,36,True,No referral.,Senior,Evening,Sunday
788,735-74-1211,Male,White,23,2024-10-08,14:28:00,15,False,No referral.,Young Adult,Day,Tuesday
789,689-53-7459,Male,White,6,2023-10-11,12:19:00,21,True,General Practice,Minor,Day,Wednesday
790,542-23-6028,Male,White,42,2023-11-24,10:11:00,27,True,No referral.,Adult,Day,Friday
791,248-97-2178,Male,African American,39,2024-01-28,08:11:00,37,True,No referral.,Adult,Day,Sunday
792,639-32-1869,Male,African American,19,2024-07-16,06:58:00,43,True,No referral.,Minor,Night,Tuesday
793,247-92-4074,Female,White,36,2023-09-06,10:14:00,31,True,Gastroenterology,Adult,Day,Wednesday
794,415-78-9426,Male,White,9,2023-03-07,09:25:00,18,True,No referral.,Minor,Day,Tuesday
795,105-30-2335,Female,White,13,2024-05-20,14:35:00,38,True,Orthopedics,Minor,Day,Monday
796,662-68-0306,Male,Asian,6,2024-08-23,14:24:00,36,False,No referral.,Minor,Day,Friday
797,320-79-0174,Female,African American,79,2023-08-23,01:08:00,41,False,Neurology,Senior,Night,Wednesday
798,564-30-6384,Male,Pacific Islander,49,2024-06-07,01:04:00,45,False,No referral.,Middle-aged,Night,Friday
799,467-10-8749,Male,African American,47,2023-05-25,16:28:00,19,False,No referral.,Middle-aged,Evening,Thursday
800,820-08-8919,Male,African American,18,2024-10-14,10:20:00,36,False,No referral.,Minor,Day,Monday
801,504-31-4021,Male,White,79,2023-08-20,01:56:00,16,True,No referral.,Senior,Night,Sunday
802,473-86-0631,Female,Asian,5,2024-01-28,02:52:00,50,True,No referral.,Minor,Night,Sunday
803,799-68-0713,Female,Pacific Islander,5,2024-06-26,08:09:00,19,True,General Practice,Minor,Day,Wednesday
804,369-02-0603,Female,Declined to Identify,17,2023-12-24,00:26:00,23,False,No referral.,Minor,Night,Sunday
805,610-81-3745,Male,White,53,2024-01-07,09:05:00,56,True,Orthopedics,Middle-aged,Day,Sunday
806,311-78-6420,Male,White,2,2023-02-06,16:54:00,48,False,No referral.,Minor,Evening,Monday
807,427-70-7254,Female,Two or More Races,52,2024-08-22,20:27:00,20,False,No referral.,Middle-aged,Evening,Thursday
808,815-91-7298,Male,Declined to Identify,58,2024-07-28,23:33:00,22,False,No referral.,Older Adult,Night,Sunday
809,574-06-1810,Male,White,70,2023-04-06,02:36:00,17,False,No referral.,Senior,Night,Thursday
810,196-34-2784,Female,Asian,18,2023-11-24,18:14:00,48,False,Gastroenterology,Minor,Evening,Friday
811,384-21-6166,Female,White,30,2023-08-18,07:49:00,30,True,No referral.,Young Adult,Day,Friday
812,524-32-9191,Male,Asian,50,2024-12-06,14:50:00,60,False,General Practice,Middle-aged,Day,Friday
813,550-40-6794,Male,Two or More Races,75,2024-06-28,20:30:00,24,True,No referral.,Senior,Evening,Friday
814,630-21-7470,Male,Declined to Identify,37,2023-11-06,06:10:00,36,False,No referral.,Adult,Night,Monday
815,673-50-9490,Female,Asian,13,2024-04-06,03:17:00,28,True,Orthopedics,Minor,Night,Saturday
816,740-09-6067,Female,Asian,79,2024-09-26,05:47:00,49,True,No referral.,Senior,Night,Thursday
817,888-26-6668,Male,Two or More Races,67,2023-09-05,15:50:00,48,False,No referral.,Senior,Evening,Tuesday
818,389-23-5284,Female,White,25,2023-10-24,19:12:00,12,False,No referral.,Young Adult,Evening,Tuesday
819,300-02-4857,Female,White,52,2024-01-09,13:44:00,26,False,No referral.,Middle-aged,Day,Tuesday
820,380-49-3383,Male,Two or More Races,15,2023-10-20,13:04:00,56,False,No referral.,Minor,Day,Friday
821,355-73-0319,Female,African American,58,2024-05-21,05:57:00,17,False,No referral.,Older Adult,Night,Tuesday
822,417-96-2766,Female,Asian,22,2023-04-14,15:52:00,20,False,No referral.,Young Adult,Evening,Friday
823,676-90-4688,Female,Pacific Islander,29,2024-12-09,17:18:00,18,False,No referral.,Young Adult,Evening,Monday
824,245-88-7683,Female,Declined to Identify,25,2024-04-27,23:49:00,53,False,No referral.,Young Adult,Night,Saturday
825,230-36-9342,Male,White,46,2023-12-16,11:20:00,28,True,No referral.,Middle-aged,Day,Saturday
826,878-03-2218,Female,White,3,2023-08-16,21:46:00,52,False,No referral.,Minor,Evening,Wednesday
827,685-54-9380,Female,Declined to Identify,45,2023-05-30,03:24:00,52,True,No referral.,Middle-aged,Night,Tuesday
828,188-23-2789,Male,Declined to Identify,28,2023-03-06,07:28:00,37,True,Orthopedics,Young Adult,Day,Monday
829,797-54-3108,Male,Native American/Alaska Native,3,2023-08-20,11:44:00,40,False,No referral.,Minor,Day,Sunday
830,136-97-6005,Male,African American,64,2023-04-07,15:43:00,28,False,General Practice,Older Adult,Evening,Friday
831,557-77-2197,Male,African American,29,2024-05-09,19:04:00,54,False,Orthopedics,Young Adult,Evening,Thursday
832,574-99-8782,Male,Asian,13,2024-03-25,19:21:00,59,True,General Practice,Minor,Evening,Monday
833,222-46-6969,Male,Declined to Identify,49,2024-09-17,23:03:00,60,False,Orthopedics,Middle-aged,Night,Tuesday
834,480-08-1479,Female,Two or More Races,23,2023-07-17,09:24:00,47,True,No referral.,Young Adult,Day,Monday
835,481-74-8563,Male,White,30,2023-06-13,04:14:00,38,True,No referral.,Young Adult,Night,Tuesday
836,454-82-8237,Female,African American,33,2024-02-23,11:44:00,56,True,No referral.,Young Adult,Day,Friday
837,825-28-0932,Female,Two or More Races,38,2024-01-06,05:58:00,56,False,Orthopedics,Adult,Night,Saturday
838,689-04-9270,Male,White,21,2024-06-28,07:18:00,41,False,No referral.,Young Adult,Day,Friday
839,321-64-6408,Male,African American,11,2023-11-13,21:45:00,31,True,General Practice,Minor,Evening,Monday
840,296-35-4605,Male,African American,3,2024-01-13,00:46:00,50,False,No referral.,Minor,Night,Saturday
841,171-50-1220,Female,White,38,2023-06-27,16:51:00,52,False,No referral.,Adult,Evening,Tuesday
842,163-81-9187,Female,White,8,2024-12-05,08:24:00,23,True,Orthopedics,Minor,Day,Thursday
843,656-26-2781,Female,White,4,2024-03-31,21:38:00,32,True,General Practice,Minor,Evening,Sunday
844,526-80-6917,Female,Two or More Races,76,2023-10-12,19:17:00,57,True,No referral.,Senior,Evening,Thursday
845,753-19-0249,Male,White,17,2024-10-09,23:58:00,25,False,No referral.,Minor,Night,Wednesday
846,505-12-7655,Female,Two or More Races,42,2023-04-20,17:57:00,29,False,Physiotherapy,Adult,Evening,Thursday
847,179-75-0561,Female,Native American/Alaska Native,27,2024-06-13,09:29:00,52,True,Orthopedics,Young Adult,Day,Thursday
848,350-81-5979,Female,Declined to Identify,55,2023-07-21,05:17:00,31,False,No referral.,Older Adult,Night,Friday
849,857-53-5483,Male,Declined to Identify,30,2024-04-07,12:20:00,30,False,No referral.,Young Adult,Day,Sunday
850,334-39-4208,Male,Asian,36,2024-10-14,17:37:00,39,False,No referral.,Adult,Evening,Monday
851,202-59-1460,Female,White,3,2024-05-14,11:13:00,23,True,No referral.,Minor,Day,Tuesday
852,849-08-8017,Female,White,29,2023-07-26,18:32:00,14,False,No referral.,Young Adult,Evening,Wednesday
853,115-38-0568,Female,African American,52,2024-03-29,02:39:00,16,False,No referral.,Middle-aged,Night,Friday
854,383-59-9953,Female,Declined to Identify,66,2024-04-24,06:19:00,20,False,No referral.,Senior,Night,Wednesday
855,827-11-0047,Male,White,69,2023-10-09,07:28:00,46,True,No referral.,Senior,Day,Monday
856,689-37-4544,Female,Asian,65,2023-12-09,12:23:00,15,False,General Practice,Senior,Day,Saturday
857,115-32-2649,Male,White,30,2023-09-04,23:54:00,47,False,No referral.,Young Adult,Night,Monday
858,163-91-1804,Male,White,57,2024-01-23,08:46:00,26,False,General Practice,Older Adult,Day,Tuesday
859,664-09-7964,Male,White,63,2024-10-21,21:02:00,13,True,No referral.,Older Adult,Evening,Monday
860,482-84-7146,Female,Two or More Races,36,2024-05-23,07:01:00,41,True,No referral.,Adult,Day,Thursday
861,268-96-2123,Male,Declined to Identify,6,2023-05-14,20:48:00,58,True,No referral.,Minor,Evening,Sunday
862,765-76-0326,Female,Two or More Races,3,2024-08-13,07:52:00,40,True,General Practice,Minor,Day,Tuesday
863,698-73-6142,Male,Two or More Races,30,2024-09-14,09:45:00,45,True,No referral.,Young Adult,Day,Saturday
864,411-64-9516,Female,Asian,62,2024-11-08,12:24:00,14,True,No referral.,Older Adult,Day,Friday
865,803-63-0438,Female,White,19,2023-09-25,23:23:00,27,False,Orthopedics,Minor,Night,Monday
866,744-22-3323,Male,Asian,30,2023-11-24,02:49:00,38,True,No referral.,Young Adult,Night,Friday
867,654-54-6014,Male,Native American/Alaska Native,4,2024-06-09,05:46:00,33,True,General Practice,Minor,Night,Sunday
868,338-36-3253,Female,Asian,9,2023-07-08,14:44:00,26,False,No referral.,Minor,Day,Saturday
869,155-67-7834,Male,White,51,2023-01-09,17:34:00,24,True,No referral.,Middle-aged,Evening,Monday
870,429-22-2933,Female,White,45,2023-08-16,10:05:00,47,False,Cardiology,Middle-aged,Day,Wednesday
871,884-62-8043,Female,Two or More Races,43,2023-08-14,04:19:00,55,False,No referral.,Adult,Night,Monday
872,115-06-8540,Male,African American,39,2023-09-19,16:47:00,21,False,General Practice,Adult,Evening,Tuesday
873,580-35-3681,Female,African American,68,2024-08-20,20:36:00,26,True,Physiotherapy,Senior,Evening,Tuesday
874,844-55-2304,Male,White,74,2024-09-03,10:20:00,22,False,General Practice,Senior,Day,Tuesday
875,507-43-0074,Male,Asian,22,2024-04-26,21:25:00,43,True,No referral.,Young Adult,Evening,Friday
876,430-27-7131,Female,Pacific Islander,39,2023-11-26,04:39:00,34,True,Physiotherapy,Adult,Night,Sunday
877,290-02-3208,Female,Two or More Races,46,2024-01-22,18:34:00,57,False,No referral.,Middle-aged,Evening,Monday
878,257-10-3017,Male,African American,16,2023-07-13,14:45:00,26,False,No referral.,Minor,Day,Thursday
879,546-24-9453,Female,White,41,2023-08-29,20:24:00,17,False,General Practice,Adult,Evening,Tuesday
880,308-11-3429,Male,African American,3,2024-02-01,07:09:00,27,True,General Practice,Minor,Day,Thursday
881,441-73-7448,Male,African American,60,2024-09-07,03:46:00,45,False,Gastroenterology,Older Adult,Night,Saturday
882,409-90-4444,Male,African American,65,2023-10-08,13:40:00,35,True,No referral.,Senior,Day,Sunday
883,456-51-8577,Female,White,75,2024-08-27,07:04:00,13,False,No referral.,Senior,Day,Tuesday
884,125-52-4944,Male,White,79,2023-01-04,04:34:00,21,False,General Practice,Senior,Night,Wednesday
885,784-07-5849,Female,Declined to Identify,11,2024-04-08,20:04:00,38,True,No referral.,Minor,Evening,Monday
886,387-11-4530,Female,White,53,2024-03-04,07:49:00,43,True,General Practice,Middle-aged,Day,Monday
887,493-60-9445,Female,White,26,2024-05-03,16:35:00,28,True,No referral.,Young Adult,Evening,Friday
888,243-12-8113,Female,White,63,2023-04-24,19:44:00,26,False,General Practice,Older Adult,Evening,Monday
889,655-01-4978,Female,African American,14,2024-07-20,10:06:00,35,True,No referral.,Minor,Day,Saturday
890,712-66-6927,Female,Pacific Islander,44,2024-01-09,14:04:00,36,False,No referral.,Adult,Day,Tuesday
891,298-48-4593,Male,African American,40,2024-06-07,10:50:00,50,False,Physiotherapy,Adult,Day,Friday
892,158-18-8065,Female,Asian,15,2024-04-09,13:50:00,11,True,No referral.,Minor,Day,Tuesday
893,335-79-7657,Female,African American,39,2024-05-16,02:05:00,15,True,No referral.,Adult,Night,Thursday
894,789-18-7648,Female,African American,43,2023-07-10,05:09:00,12,False,No referral.,Adult,Night,Monday
895,886-96-6452,Female,Two or More Races,31,2024-03-06,05:17:00,47,True,No referral.,Young Adult,Night,Wednesday
896,812-72-2025,Male,White,65,2024-06-30,15:23:00,54,False,No referral.,Senior,Evening,Sunday
897,527-40-3617,Male,Two or More Races,37,2024-08-22,07:40:00,13,True,No referral.,Adult,Day,Thursday
898,346-84-5825,Female,White,50,2024-01-07,04:59:00,60,False,No referral.,Middle-aged,Night,Sunday
899,758-01-9953,Female,Native American/Alaska Native,33,2023-05-17,03:29:00,14,False,No referral.,Young Adult,Night,Wednesday
900,587-62-6740,Male,Pacific Islander,33,2023-12-25,10:12:00,26,True,Cardiology,Young Adult,Day,Monday
901,125-12-2869,Male,Two or More Races,2,2024-04-23,07:09:00,47,False,Orthopedics,Minor,Day,Tuesday
902,300-67-3405,Female,African American,48,2024-08-18,19:37:00,20,True,No referral.,Middle-aged,Evening,Sunday
903,178-38-6834,Female,African American,16,2024-07-19,02:11:00,45,False,No referral.,Minor,Night,Friday
904,432-50-6802,Male,White,49,2023-09-09,11:47:00,51,True,No referral.,Middle-aged,Day,Saturday
905,668-82-6440,Female,Two or More Races,79,2024-04-16,06:15:00,36,False,General Practice,Senior,Night,Tuesday
906,255-15-5945,Male,Pacific Islander,44,2024-07-31,02:59:00,30,True,Orthopedics,Adult,Night,Wednesday
907,205-05-3780,Male,Asian,21,2023-07-25,04:31:00,52,False,Cardiology,Young Adult,Night,Tuesday
908,884-77-2363,Male,African American,56,2024-06-09,13:39:00,55,False,General Practice,Older Adult,Day,Sunday
909,192-05-5593,Female,African American,33,2024-05-18,12:58:00,55,False,Cardiology,Young Adult,Day,Saturday
910,434-14-2526,Male,White,30,2024-06-01,14:30:00,58,False,No referral.,Young Adult,Day,Saturday
911,670-67-2348,Female,Two or More Races,76,2024-12-10,19:55:00,39,True,No referral.,Senior,Evening,Tuesday
912,192-37-6592,Female,Native American/Alaska Native,29,2023-07-11,01:37:00,31,True,No referral.,Young Adult,Night,Tuesday
913,323-84-1604,Female,White,19,2023-06-22,20:32:00,52,False,No referral.,Minor,Evening,Thursday
914,236-98-9389,Male,White,74,2023-06-11,10:21:00,12,False,No referral.,Senior,Day,Sunday
915,536-49-3021,Female,African American,8,2023-07-22,19:56:00,22,False,General Practice,Minor,Evening,Saturday
916,489-93-0555,Male,White,23,2023-08-16,07:07:00,23,False,No referral.,Young Adult,Day,Wednesday
917,315-47-9666,Female,White,72,2024-11-02,13:19:00,49,True,No referral.,Senior,Day,Saturday
918,307-21-3022,Male,White,10,2023-08-24,10:02:00,45,True,No referral.,Minor,Day,Thursday
919,330-63-0627,Female,White,59,2023-07-10,07:36:00,44,False,No referral.,Older Adult,Day,Monday
920,599-99-7003,Female,White,63,2023-07-15,18:50:00,24,False,Orthopedics,Older Adult,Evening,Saturday
921,140-08-8473,Male,White,55,2024-04-03,11:45:00,41,True,General Practice,Older Adult,Day,Wednesday
922,571-81-9747,Female,Pacific Islander,65,2023-05-22,04:40:00,23,False,No referral.,Senior,Night,Monday
923,790-37-0542,Male,Two or More Races,52,2024-02-27,20:39:00,22,False,No referral.,Middle-aged,Evening,Tuesday
924,592-59-2509,Female,Declined to Identify,15,2023-09-19,01:55:00,43,True,No referral.,Minor,Night,Tuesday
925,170-92-2559,Female,White,22,2023-08-18,05:25:00,49,False,Orthopedics,Young Adult,Night,Friday
926,234-94-2985,Female,Declined to Identify,22,2023-06-22,23:50:00,41,False,Cardiology,Young Adult,Night,Thursday
927,548-74-1022,Female,Pacific Islander,22,2024-02-08,03:32:00,46,False,No referral.,Young Adult,Night,Thursday
928,835-64-0452,Male,Declined to Identify,41,2023-06-22,09:13:00,58,True,No referral.,Adult,Day,Thursday
929,587-71-6980,Female,White,37,2024-01-09,04:25:00,57,True,No referral.,Adult,Night,Tuesday
930,568-87-8772,Female,White,66,2023-09-15,00:03:00,31,False,No referral.,Senior,Night,Friday
931,894-88-3223,Male,African American,68,2024-07-03,20:43:00,17,True,General Practice,Senior,Evening,Wednesday
932,457-45-3813,Female,African American,78,2024-02-09,20:20:00,31,False,No referral.,Senior,Evening,Friday
933,335-29-5695,Male,Pacific Islander,55,2023-11-23,04:13:00,12,False,No referral.,Older Adult,Night,Thursday
934,701-64-7880,Male,Two or More Races,18,2023-01-04,01:21:00,40,True,No referral.,Minor,Night,Wednesday
935,364-02-4362,Female,African American,56,2024-04-03,18:28:00,55,True,General Practice,Older Adult,Evening,Wednesday
936,716-47-4061,Female,White,42,2024-06-16,22:19:00,22,False,No referral.,Adult,Evening,Sunday
937,463-10-9391,Female,African American,40,2024-05-02,10:53:00,50,False,No referral.,Adult,Day,Thursday
938,511-18-6760,Female,African American,67,2023-11-28,18:57:00,39,False,General Practice,Senior,Evening,Tuesday
939,731-16-3469,Female,Asian,26,2023-05-08,16:04:00,47,False,No referral.,Young Adult,Evening,Monday
940,763-15-1169,Female,White,64,2024-08-05,02:15:00,57,True,Cardiology,Older Adult,Night,Monday
941,202-14-7624,Female,African American,43,2023-07-05,10:30:00,28,False,No referral.,Adult,Day,Wednesday
942,394-88-7661,Female,African American,79,2023-05-12,03:02:00,13,True,No referral.,Senior,Night,Friday
943,695-28-2556,Female,Asian,64,2024-05-28,19:25:00,32,False,No referral.,Older Adult,Evening,Tuesday
944,170-42-6194,Female,White,1,2023-11-13,02:46:00,29,False,Orthopedics,Minor,Night,Monday
945,883-22-1946,Female,African American,35,2024-10-08,12:08:00,15,True,No referral.,Adult,Day,Tuesday
946,131-17-8584,Female,Pacific Islander,74,2023-06-08,18:05:00,21,True,No referral.,Senior,Evening,Thursday
947,346-40-4027,Female,White,64,2023-10-18,14:05:00,26,True,Orthopedics,Older Adult,Day,Wednesday
948,359-53-6651,Male,African American,61,2024-08-06,16:01:00,19,False,No referral.,Older Adult,Evening,Tuesday
949,193-18-8479,Female,Two or More Races,76,2023-10-29,10:40:00,46,False,No referral.,Senior,Day,Sunday
950,278-28-0801,Male,African American,33,2023-05-23,20:50:00,42,True,No referral.,Young Adult,Evening,Tuesday
951,332-02-9468,Female,African American,33,2024-04-19,10:36:00,19,False,Physiotherapy,Young Adult,Day,Friday
952,770-80-9495,Male,White,37,2023-12-08,07:33:00,42,False,General Practice,Adult,Day,Friday
953,552-17-8075,Male,Two or More Races,15,2024-07-10,01:24:00,35,False,Orthopedics,Minor,Night,Wednesday
954,749-77-6720,Male,White,2,2024-05-19,03:33:00,51,False,No referral.,Minor,Night,Sunday
955,506-80-3575,Female,Two or More Races,70,2024-10-07,12:11:00,52,True,No referral.,Senior,Day,Monday
956,303-34-3215,Male,White,30,2023-03-12,20:34:00,39,True,No referral.,Young Adult,Evening,Sunday
957,438-35-3087,Male,Two or More Races,45,2023-04-27,11:46:00,36,True,No referral.,Middle-aged,Day,Thursday
958,550-62-2048,Female,Asian,73,2024-01-19,22:19:00,43,False,No referral.,Senior,Evening,Friday
959,263-15-6279,Female,White,68,2024-08-25,05:37:00,57,False,Orthopedics,Senior,Night,Sunday
960,674-28-0052,Female,Two or More Races,26,2024-05-15,21:27:00,30,True,General Practice,Young Adult,Evening,Wednesday
961,855-94-5606,Male,African American,50,2024-07-10,07:44:00,22,False,No referral.,Middle-aged,Day,Wednesday
962,452-70-6133,Female,Pacific Islander,32,2024-01-17,17:37:00,45,False,No referral.,Young Adult,Evening,Wednesday
963,518-33-8587,Male,Declined to Identify,71,2023-07-24,23:17:00,58,False,General Practice,Senior,Night,Monday
964,279-66-1617,Male,African American,58,2023-07-31,21:30:00,31,False,No referral.,Older Adult,Evening,Monday
965,791-74-3814,Male,Asian,76,2023-07-06,11:37:00,32,True,General Practice,Senior,Day,Thursday
966,761-02-7059,Male,White,66,2024-07-30,03:22:00,16,False,No referral.,Senior,Night,Tuesday
967,520-44-2701,Male,White,74,2023-11-23,18:53:00,53,True,No referral.,Senior,Evening,Thursday
968,125-20-9526,Female,White,16,2023-06-30,06:10:00,24,True,No referral.,Minor,Night,Friday
969,774-37-2696,Male,White,73,2023-09-04,11:56:00,53,True,General Practice,Senior,Day,Monday
970,587-09-0178,Male,White,52,2024-09-03,18:37:00,25,False,General Practice,Middle-aged,Evening,Tuesday
971,568-73-9574,Male,Declined to Identify,13,2024-06-29,17:17:00,52,True,No referral.,Minor,Evening,Saturday
972,684-47-0953,Female,Two or More Races,66,2024-02-25,10:06:00,47,True,No referral.,Senior,Day,Sunday
973,335-24-1217,Female,Pacific Islander,43,2023-10-08,10:26:00,50,True,No referral.,Adult,Day,Sunday
974,372-61-0636,Male,Asian,28,2024-10-08,15:27:00,55,False,General Practice,Young Adult,Evening,Tuesday
975,680-60-0211,Male,White,42,2023-08-11,07:28:00,55,True,No referral.,Adult,Day,Friday
976,558-56-3966,Female,White,76,2024-08-31,23:46:00,42,True,No referral.,Senior,Night,Saturday
977,615-25-9046,Female,African American,76,2024-10-22,13:37:00,57,False,General Practice,Senior,Day,Tuesday
978,710-24-2270,Male,Pacific Islander,63,2024-05-15,16:56:00,33,False,No referral.,Older Adult,Evening,Wednesday
979,256-81-6386,Male,White,44,2024-08-02,18:29:00,19,True,Orthopedics,Adult,Evening,Friday
980,422-02-1134,Male,Declined to Identify,20,2024-02-20,02:31:00,52,False,Orthopedics,Young Adult,Night,Tuesday
981,353-18-1225,Female,White,11,2023-07-13,08:24:00,31,True,Orthopedics,Minor,Day,Thursday
982,357-14-1841,Female,Declined to Identify,72,2023-05-12,17:29:00,48,False,No referral.,Senior,Evening,Friday
983,794-84-8070,Male,African American,11,2024-03-06,06:41:00,41,False,No referral.,Minor,Night,Wednesday
984,472-84-7278,Male,Two or More Races,73,2023-06-22,00:42:00,34,True,No referral.,Senior,Night,Thursday
985,724-64-2811,Female,White,31,2023-06-18,14:17:00,43,True,No referral.,Young Adult,Day,Sunday
986,564-80-3063,Female,Declined to Identify,26,2024-10-02,20:18:00,16,False,No referral.,Young Adult,Evening,Wednesday
987,444-43-8680,Male,Two or More Races,74,2023-10-19,21:10:00,23,True,No referral.,Senior,Evening,Thursday
988,899-92-7948,Male,Native American/Alaska Native,75,2023-09-22,14:32:00,11,True,No referral.,Senior,Day,Friday
989,888-09-0158,Male,Asian,7,2023-09-07,20:42:00,37,False,General Practice,Minor,Evening,Thursday
990,207-95-6685,Female,White,24,2023-04-29,10:01:00,23,True,No referral.,Young Adult,Day,Saturday
991,373-04-8920,Male,Two or More Races,79,2023-08-25,08:20:00,39,True,No referral.,Senior,Day,Friday
992,438-69-9769,Male,Asian,64,2024-03-17,22:46:00,47,False,General Practice,Older Adult,Evening,Sunday
993,308-46-0712,Female,Asian,8,2023-09-09,15:09:00,60,False,No referral.,Minor,Evening,Saturday
994,163-34-3132,Male,Two or More Races,71,2023-10-26,03:02:00,12,True,No referral.,Senior,Night,Thursday
995,265-75-4107,Female,Two or More Races,73,2023-10-21,22:08:00,48,False,General Practice,Senior,Evening,Saturday
996,877-16-4474,Female,Asian,33,2024-01-29,05:46:00,23,True,No referral.,Young Adult,Night,Monday
997,602-29-7310,Male,White,10,2024-03-09,01:37:00,21,True,No referral.,Minor,Night,Saturday
998,311-70-6319,Male,African American,16,2023-11-12,04:51:00,54,True,No referral.,Minor,Night,Sunday
999,649-33-3703,Female,Two or More Races,60,2024-08-08,03:09:00,27,False,No referral.,Older Adult,Night,Thursday
1000,719-06-1377,Female,African American,37,2023-05-21,01:04:00,48,False,Cardiology,Adult,Night,Sunday
1001,563-41-7288,Female,African American,6,2024-08-27,20:33:00,60,False,Cardiology,Minor,Evening,Tuesday
1002,111-50-6779,Female,African American,40,2023-06-08,03:14:00,51,False,Cardiology,Adult,Night,Thursday
1003,268-45-1271,Female,African American,21,2023-03-12,22:12:00,17,False,Cardiology,Young Adult,Evening,Sunday
1004,347-03-3021,Female,African American,74,2023-09-14,18:36:00,27,False,Cardiology,Senior,Evening,Thursday
1005,388-90-9318,Female,African American,12,2024-03-29,00:55:00,21,False,Cardiology,Minor,Night,Friday
1006,894-34-5445,Female,African American,18,2024-06-24,12:30:00,32,False,Cardiology,Minor,Day,Monday
1007,616-67-9062,Female,African American,40,2023-06-11,19:01:00,30,False,Cardiology,Adult,Evening,Sunday
1008,182-89-0226,Female,African American,74,2023-12-04,18:12:00,26,False,Cardiology,Senior,Evening,Monday
1009,886-24-8880,Female,African American,53,2024-09-18,06:14:00,59,False,Cardiology,Middle-aged,Night,Wednesday
1010,782-56-2604,Female,African American,4,2023-01-12,15:54:00,14,False,Gastroenterology,Minor,Evening,Thursday
1011,106-91-6612,Female,African American,63,2023-05-21,00:15:00,27,False,Gastroenterology,Older Adult,Night,Sunday
1012,130-38-4655,Female,African American,5,2023-08-07,17:49:00,40,False,Gastroenterology,Minor,Evening,Monday
1013,174-12-4814,Female,African American,74,2023-09-18,00:05:00,51,False,Gastroenterology,Senior,Night,Monday
1014,409-08-4045,Female,African American,35,2023-06-04,01:35:00,27,False,Gastroenterology,Adult,Night,Sunday
1015,568-07-4724,Female,African American,9,2023-12-19,05:31:00,51,False,Gastroenterology,Minor,Night,Tuesday
1016,285-69-9065,Female,African American,79,2024-06-25,21:11:00,14,False,General Practice,Senior,Evening,Tuesday
1017,126-95-6355,Female,African American,35,2024-07-26,17:59:00,22,False,General Practice,Adult,Evening,Friday
1018,855-81-5760,Female,African American,40,2023-05-27,00:10:00,25,False,General Practice,Adult,Night,Saturday
1019,490-58-8278,Female,African American,54,2024-08-27,09:11:00,47,False,General Practice,Middle-aged,Day,Tuesday
1020,852-85-2515,Female,African American,58,2024-02-05,06:16:00,19,False,General Practice,Older Adult,Night,Monday
1021,301-60-1162,Female,African American,14,2023-04-30,15:33:00,27,False,General Practice,Minor,Evening,Sunday
1022,329-16-8015,Female,African American,74,2023-11-14,00:00:00,33,False,General Practice,Senior,Night,Tuesday
1023,469-53-8098,Female,African American,70,2023-11-26,16:42:00,60,False,General Practice,Senior,Evening,Sunday
1024,771-62-4236,Female,African American,1,2024-08-14,19:58:00,35,False,General Practice,Minor,Evening,Wednesday
1025,176-69-3010,Female,African American,32,2024-05-16,22:09:00,42,False,General Practice,Young Adult,Evening,Thursday
1026,256-03-6469,Female,African American,30,2024-03-14,20:16:00,11,False,General Practice,Young Adult,Evening,Thursday
1027,608-77-1218,Female,African American,60,2024-06-16,05:23:00,12,False,General Practice,Older Adult,Night,Sunday
1028,826-43-2977,Female,African American,48,2023-08-21,16:18:00,14,False,General Practice,Middle-aged,Evening,Monday
1029,647-03-6974,Female,African American,8,2024-09-05,00:48:00,33,False,General Practice,Minor,Night,Thursday
1030,672-66-3624,Female,African American,1,2024-01-16,05:55:00,47,False,General Practice,Minor,Night,Tuesday
1031,385-55-7187,Female,African American,62,2023-12-18,11:49:00,12,False,General Practice,Older Adult,Day,Monday
1032,821-22-8596,Female,African American,23,2023-04-20,18:28:00,19,False,General Practice,Young Adult,Evening,Thursday
1033,312-87-8639,Female,African American,16,2023-04-17,17:35:00,25,False,General Practice,Minor,Evening,Monday
1034,515-48-8143,Female,African American,67,2024-01-31,12:42:00,41,False,General Practice,Senior,Day,Wednesday
1035,408-26-1392,Female,African American,13,2024-06-29,14:25:00,33,False,General Practice,Minor,Day,Saturday
1036,150-41-7960,Female,African American,27,2024-06-26,09:05:00,43,False,General Practice,Young Adult,Day,Wednesday
1037,476-53-5824,Female,African American,45,2024-08-02,01:06:00,18,False,General Practice,Middle-aged,Night,Friday
1038,699-53-9072,Female,African American,60,2023-10-18,09:39:00,29,False,General Practice,Older Adult,Day,Wednesday
1039,742-71-3088,Female,African American,22,2023-09-23,18:11:00,17,False,General Practice,Young Adult,Evening,Saturday
1040,548-38-7756,Female,African American,14,2024-11-02,20:36:00,40,False,General Practice,Minor,Evening,Saturday
1041,768-74-9911,Female,African American,55,2024-04-03,09:07:00,46,False,General Practice,Older Adult,Day,Wednesday
1042,555-04-4632,Female,African American,32,2024-07-19,10:42:00,36,False,General Practice,Young Adult,Day,Friday
1043,132-59-6486,Female,African American,68,2023-11-27,06:52:00,56,False,General Practice,Senior,Night,Monday
1044,678-71-1257,Female,African American,42,2024-06-18,09:53:00,21,False,General Practice,Adult,Day,Tuesday
1045,602-27-8019,Female,African American,66,2024-08-03,23:01:00,32,False,General Practice,Senior,Night,Saturday
1046,307-79-4993,Female,African American,8,2024-10-09,02:35:00,36,False,General Practice,Minor,Night,Wednesday
1047,887-70-0249,Female,African American,56,2024-12-08,19:45:00,35,False,General Practice,Older Adult,Evening,Sunday
1048,268-52-0413,Female,African American,36,2023-03-04,21:56:00,36,False,General Practice,Adult,Evening,Saturday
1049,415-79-3375,Female,African American,17,2023-12-30,04:23:00,45,False,General Practice,Minor,Night,Saturday
1050,193-65-5672,Female,African American,70,2023-05-08,08:53:00,48,False,General Practice,Senior,Day,Monday
1051,740-47-5663,Female,African American,33,2024-06-03,11:03:00,60,False,General Practice,Young Adult,Day,Monday
1052,616-33-9502,Female,African American,70,2023-10-08,11:19:00,60,False,General Practice,Senior,Day,Sunday
1053,481-07-6937,Female,African American,46,2023-12-04,21:51:00,42,False,General Practice,Middle-aged,Evening,Monday
1054,257-74-9742,Female,African American,19,2023-06-17,00:52:00,15,False,General Practice,Minor,Night,Saturday
1055,816-20-1565,Female,African American,9,2024-11-07,06:35:00,31,False,General Practice,Minor,Night,Thursday
1056,249-43-7801,Female,African American,36,2024-03-31,17:04:00,39,False,General Practice,Adult,Evening,Sunday
1057,127-11-9600,Female,African American,38,2024-04-25,23:31:00,34,False,General Practice,Adult,Night,Thursday
1058,434-36-4693,Female,African American,41,2024-08-26,04:59:00,51,False,General Practice,Adult,Night,Monday
1059,629-66-8713,Female,African American,46,2023-08-09,00:04:00,54,False,General Practice,Middle-aged,Night,Wednesday
1060,399-83-2838,Female,African American,11,2024-08-16,09:17:00,39,False,General Practice,Minor,Day,Friday
1061,403-12-7738,Female,African American,18,2024-03-04,06:24:00,23,False,General Practice,Minor,Night,Monday
1062,723-96-0625,Female,African American,39,2024-11-01,11:51:00,23,False,General Practice,Adult,Day,Friday
1063,509-96-8931,Female,African American,33,2023-08-21,18:39:00,49,False,General Practice,Young Adult,Evening,Monday
1064,286-15-2377,Female,African American,48,2023-12-30,18:39:00,50,False,General Practice,Middle-aged,Evening,Saturday
1065,895-44-5421,Female,African American,18,2023-11-22,17:16:00,51,False,General Practice,Minor,Evening,Wednesday
1066,744-37-2731,Female,African American,38,2023-05-19,07:21:00,30,False,General Practice,Adult,Day,Friday
1067,534-15-5048,Female,African American,10,2023-01-05,20:20:00,43,False,General Practice,Minor,Evening,Thursday
1068,713-55-9408,Female,African American,11,2023-08-23,07:24:00,46,False,General Practice,Minor,Day,Wednesday
1069,655-60-5604,Female,African American,54,2023-05-15,04:55:00,46,False,General Practice,Middle-aged,Night,Monday
1070,225-04-1769,Female,African American,16,2023-04-10,16:35:00,60,False,General Practice,Minor,Evening,Monday
1071,288-65-1997,Female,African American,50,2023-09-13,07:18:00,20,False,General Practice,Middle-aged,Day,Wednesday
1072,576-10-9140,Female,African American,19,2024-08-15,18:34:00,38,False,General Practice,Minor,Evening,Thursday
1073,299-19-3267,Female,African American,26,2023-06-15,00:03:00,43,False,General Practice,Young Adult,Night,Thursday
1074,613-38-1181,Female,African American,5,2024-08-18,11:14:00,49,False,General Practice,Minor,Day,Sunday
1075,555-34-2893,Female,African American,29,2023-09-07,00:09:00,53,False,General Practice,Young Adult,Night,Thursday
1076,503-61-0053,Female,African American,5,2023-08-26,19:25:00,54,False,General Practice,Minor,Evening,Saturday
1077,102-20-6596,Female,African American,69,2024-11-06,19:06:00,33,False,General Practice,Senior,Evening,Wednesday
1078,611-35-2228,Female,African American,38,2024-04-07,13:59:00,33,False,General Practice,Adult,Day,Sunday
1079,465-81-9018,Female,African American,55,2023-06-20,07:47:00,56,False,General Practice,Older Adult,Day,Tuesday
1080,769-70-5050,Female,African American,4,2023-12-12,14:19:00,10,False,General Practice,Minor,Day,Tuesday
1081,535-01-7739,Female,African American,7,2024-05-14,22:45:00,31,False,General Practice,Minor,Evening,Tuesday
1082,691-66-2729,Female,African American,5,2024-01-20,14:19:00,56,False,General Practice,Minor,Day,Saturday
1083,218-33-6566,Female,African American,8,2024-08-22,22:28:00,49,False,General Practice,Minor,Evening,Thursday
1084,820-39-7118,Female,African American,13,2024-10-26,19:24:00,39,False,General Practice,Minor,Evening,Saturday
1085,672-05-7311,Female,African American,13,2023-07-17,03:25:00,58,False,General Practice,Minor,Night,Monday
1086,660-26-9221,Female,African American,51,2024-05-22,09:06:00,52,False,General Practice,Middle-aged,Day,Wednesday
1087,897-92-4692,Female,African American,10,2024-09-30,09:55:00,12,False,General Practice,Minor,Day,Monday
1088,421-32-5744,Female,African American,71,2024-05-30,11:22:00,19,False,General Practice,Senior,Day,Thursday
1089,876-21-0868,Female,African American,29,2023-08-19,12:06:00,45,False,General Practice,Young Adult,Day,Saturday
1090,344-87-8606,Female,African American,7,2023-08-24,18:49:00,34,False,General Practice,Minor,Evening,Thursday
1091,188-73-2556,Female,African American,56,2024-01-20,18:31:00,37,False,General Practice,Older Adult,Evening,Saturday
1092,857-28-7777,Female,African American,38,2024-02-22,19:14:00,46,False,General Practice,Adult,Evening,Thursday
1093,198-10-9009,Female,African American,21,2024-05-21,23:05:00,34,False,General Practice,Young Adult,Night,Tuesday
1094,215-64-9064,Female,African American,63,2023-07-11,05:22:00,56,False,General Practice,Older Adult,Night,Tuesday
1095,637-78-4643,Female,African American,77,2024-01-25,20:27:00,12,False,General Practice,Senior,Evening,Thursday
1096,768-93-9567,Female,African American,11,2023-07-05,04:28:00,29,False,General Practice,Minor,Night,Wednesday
1097,852-52-8451,Female,African American,31,2024-01-05,22:32:00,12,False,General Practice,Young Adult,Evening,Friday
1098,871-89-4819,Female,African American,36,2024-10-02,08:54:00,39,False,General Practice,Adult,Day,Wednesday
1099,170-12-3064,Female,African American,22,2023-08-22,07:20:00,10,False,General Practice,Young Adult,Day,Tuesday
1100,613-18-7721,Female,African American,46,2024-02-16,05:10:00,51,False,General Practice,Middle-aged,Night,Friday
1101,160-60-1177,Female,African American,66,2023-10-14,00:50:00,21,False,General Practice,Senior,Night,Saturday
1102,703-90-9423,Female,African American,45,2023-06-23,09:01:00,14,False,General Practice,Middle-aged,Day,Friday
1103,575-30-5215,Female,African American,38,2024-10-14,19:04:00,47,False,General Practice,Adult,Evening,Monday
1104,128-04-8702,Female,African American,68,2024-11-07,16:39:00,34,False,General Practice,Senior,Evening,Thursday
1105,535-20-8984,Female,African American,13,2024-09-10,01:10:00,46,False,Neurology,Minor,Night,Tuesday
1106,816-61-0800,Female,African American,59,2024-12-07,13:45:00,58,False,Neurology,Older Adult,Day,Saturday
1107,786-86-2035,Female,African American,41,2023-11-20,04:27:00,23,False,Neurology,Adult,Night,Monday
1108,410-26-6916,Female,African American,31,2024-03-27,21:11:00,54,False,Neurology,Young Adult,Evening,Wednesday
1109,109-39-8231,Female,African American,5,2023-08-25,21:54:00,48,False,Neurology,Minor,Evening,Friday
1110,210-44-1324,Female,African American,11,2024-01-04,13:59:00,20,False,No referral.,Minor,Day,Thursday
1111,495-29-7252,Female,African American,21,2023-09-09,22:31:00,23,False,No referral.,Young Adult,Evening,Saturday
1112,196-02-1199,Female,African American,34,2024-08-18,16:20:00,30,False,No referral.,Young Adult,Evening,Sunday
1113,437-57-7623,Female,African American,71,2023-08-16,01:37:00,41,False,No referral.,Senior,Night,Wednesday
1114,475-87-9207,Female,African American,30,2023-03-11,12:16:00,54,False,No referral.,Young Adult,Day,Saturday
1115,207-23-0750,Female,African American,6,2023-09-04,08:04:00,11,False,No referral.,Minor,Day,Monday
1116,748-32-8916,Female,African American,77,2024-09-03,13:25:00,14,False,No referral.,Senior,Day,Tuesday
1117,301-25-5648,Female,African American,31,2023-09-12,21:46:00,17,False,No referral.,Young Adult,Evening,Tuesday
1118,641-44-1366,Female,African American,22,2023-11-21,04:13:00,48,False,No referral.,Young Adult,Night,Tuesday
1119,446-18-6335,Female,African American,52,2024-01-28,06:38:00,18,False,No referral.,Middle-aged,Night,Sunday
1120,258-16-3895,Female,African American,14,2023-06-09,13:28:00,21,False,No referral.,Minor,Day,Friday
1121,663-48-3553,Female,African American,8,2024-07-07,11:18:00,35,False,No referral.,Minor,Day,Sunday
1122,887-49-6202,Female,African American,77,2024-10-17,16:29:00,40,False,No referral.,Senior,Evening,Thursday
1123,153-35-5072,Female,African American,13,2024-01-18,09:38:00,54,False,No referral.,Minor,Day,Thursday
1124,298-98-5532,Female,African American,14,2023-04-23,17:43:00,22,False,No referral.,Minor,Evening,Sunday
1125,365-36-6718,Female,African American,79,2023-12-22,08:49:00,31,False,No referral.,Senior,Day,Friday
1126,595-32-0861,Female,African American,39,2023-07-21,11:22:00,36,False,No referral.,Adult,Day,Friday
1127,374-05-7474,Female,African American,69,2023-08-06,00:11:00,24,False,No referral.,Senior,Night,Sunday
1128,240-48-1291,Female,African American,31,2023-10-08,21:02:00,27,False,No referral.,Young Adult,Evening,Sunday
1129,897-33-5602,Female,African American,58,2024-06-07,15:47:00,31,False,No referral.,Older Adult,Evening,Friday
1130,863-91-3510,Female,African American,56,2024-06-22,03:19:00,32,False,No referral.,Older Adult,Night,Saturday
1131,236-73-7073,Female,African American,69,2024-09-18,04:01:00,36,False,No referral.,Senior,Night,Wednesday
1132,512-79-1834,Female,African American,24,2024-07-07,23:31:00,41,False,No referral.,Young Adult,Night,Sunday
1133,343-72-2599,Female,African American,68,2023-06-21,03:01:00,47,False,No referral.,Senior,Night,Wednesday
1134,442-16-7954,Female,African American,19,2024-08-23,04:31:00,50,False,No referral.,Minor,Night,Friday
1135,338-68-5955,Female,African American,79,2023-12-21,14:49:00,51,False,No referral.,Senior,Day,Thursday
1136,300-98-8851,Female,African American,8,2024-09-24,09:41:00,55,False,No referral.,Minor,Day,Tuesday
1137,389-05-1442,Female,African American,33,2023-01-11,14:27:00,30,False,No referral.,Young Adult,Day,Wednesday
1138,854-27-6593,Female,African American,61,2024-01-18,18:28:00,30,False,No referral.,Older Adult,Evening,Thursday
1139,828-82-9788,Female,African American,19,2023-12-19,17:32:00,32,False,No referral.,Minor,Evening,Tuesday
1140,294-44-8935,Female,African American,63,2023-09-29,01:15:00,33,False,No referral.,Older Adult,Night,Friday
1141,549-22-5714,Female,African American,41,2023-02-09,06:19:00,34,False,No referral.,Adult,Night,Thursday
1142,392-21-9704,Female,African American,72,2024-09-16,18:27:00,42,False,No referral.,Senior,Evening,Monday
1143,327-14-0232,Female,African American,39,2024-06-24,13:58:00,44,False,No referral.,Adult,Day,Monday
1144,892-76-7900,Female,African American,44,2023-09-28,13:56:00,49,False,No referral.,Adult,Day,Thursday
1145,530-35-3296,Female,African American,28,2024-04-21,09:04:00,50,False,No referral.,Young Adult,Day,Sunday
1146,281-46-2340,Female,African American,39,2023-08-14,20:53:00,51,False,No referral.,Adult,Evening,Monday
1147,559-24-9165,Female,African American,77,2024-08-08,11:26:00,52,False,No referral.,Senior,Day,Thursday
1148,260-36-3785,Female,African American,42,2024-07-17,08:46:00,54,False,No referral.,Adult,Day,Wednesday
1149,672-38-5049,Female,African American,61,2024-11-08,06:38:00,39,False,No referral.,Older Adult,Night,Friday
1150,157-03-9970,Female,African American,60,2023-06-16,21:17:00,40,False,No referral.,Older Adult,Evening,Friday
1151,606-56-7861,Female,African American,53,2023-12-25,13:16:00,44,False,No referral.,Middle-aged,Day,Monday
1152,350-25-0027,Female,African American,33,2024-10-27,01:42:00,14,False,No referral.,Young Adult,Night,Sunday
1153,304-98-5113,Female,African American,65,2023-05-10,16:34:00,16,False,No referral.,Senior,Evening,Wednesday
1154,260-06-9563,Female,African American,41,2023-01-05,23:20:00,17,False,No referral.,Adult,Night,Thursday
1155,505-68-4956,Female,African American,55,2023-12-28,02:06:00,24,False,No referral.,Older Adult,Night,Thursday
1156,702-19-4450,Female,African American,23,2023-06-21,14:45:00,25,False,No referral.,Young Adult,Day,Wednesday
1157,462-70-2628,Female,African American,17,2024-01-28,08:35:00,42,False,No referral.,Minor,Day,Sunday
1158,243-22-8875,Female,African American,55,2024-03-24,09:08:00,52,False,No referral.,Older Adult,Day,Sunday
1159,745-93-9728,Female,African American,64,2024-03-27,10:37:00,52,False,No referral.,Older Adult,Day,Wednesday
1160,506-78-3537,Female,African American,39,2024-11-05,09:38:00,10,False,No referral.,Adult,Day,Tuesday
1161,172-56-8559,Female,African American,33,2023-08-27,18:05:00,15,False,No referral.,Young Adult,Evening,Sunday
1162,376-61-1160,Female,African American,77,2023-04-20,10:27:00,24,False,No referral.,Senior,Day,Thursday
1163,883-57-0781,Female,African American,77,2023-09-17,11:46:00,25,False,No referral.,Senior,Day,Sunday
1164,249-54-0354,Female,African American,28,2024-03-19,14:01:00,45,False,No referral.,Young Adult,Day,Tuesday
1165,518-52-9027,Female,African American,65,2024-11-10,12:12:00,45,False,No referral.,Senior,Day,Sunday
1166,543-26-8730,Female,African American,11,2023-02-05,07:52:00,48,False,No referral.,Minor,Day,Sunday
1167,186-37-5209,Female,African American,48,2024-09-03,14:06:00,16,False,No referral.,Middle-aged,Day,Tuesday
1168,673-55-3238,Female,African American,41,2023-01-11,00:00:00,22,False,No referral.,Adult,Night,Wednesday
1169,492-27-5140,Female,African American,78,2023-10-15,10:25:00,30,False,No referral.,Senior,Day,Sunday
1170,378-54-6356,Female,African American,69,2024-04-08,06:39:00,44,False,No referral.,Senior,Night,Monday
1171,193-02-5632,Female,African American,68,2023-12-06,23:04:00,49,False,No referral.,Senior,Night,Wednesday
1172,202-34-5918,Female,African American,77,2024-06-10,23:55:00,54,False,No referral.,Senior,Night,Monday
1173,360-11-4625,Female,African American,27,2023-09-07,22:08:00,11,False,No referral.,Young Adult,Evening,Thursday
1174,605-38-9414,Female,African American,40,2024-06-03,06:07:00,21,False,No referral.,Adult,Night,Monday
1175,255-37-8774,Female,African American,71,2024-02-04,05:58:00,22,False,No referral.,Senior,Night,Sunday
1176,887-18-7294,Female,African American,56,2024-06-03,14:19:00,30,False,No referral.,Older Adult,Day,Monday
1177,813-42-2947,Female,African American,25,2023-02-10,14:06:00,34,False,No referral.,Young Adult,Day,Friday
1178,336-78-5411,Female,African American,73,2023-02-05,13:44:00,58,False,No referral.,Senior,Day,Sunday
1179,196-55-4306,Female,African American,79,2023-06-27,08:59:00,37,False,No referral.,Senior,Day,Tuesday
1180,305-98-3609,Female,African American,10,2023-06-07,02:28:00,38,False,No referral.,Minor,Night,Wednesday
1181,198-86-0248,Female,African American,43,2023-11-16,05:53:00,32,False,No referral.,Adult,Night,Thursday
1182,684-59-6729,Female,African American,31,2023-09-09,06:44:00,43,False,No referral.,Young Adult,Night,Saturday
1183,705-59-1580,Female,African American,20,2023-04-05,07:22:00,49,False,No referral.,Young Adult,Day,Wednesday
1184,433-09-6429,Female,African American,37,2024-03-24,18:29:00,52,False,No referral.,Adult,Evening,Sunday
1185,165-19-8083,Female,African American,78,2024-07-24,01:20:00,55,False,No referral.,Senior,Night,Wednesday
1186,814-54-8042,Female,African American,2,2024-08-13,02:04:00,59,False,No referral.,Minor,Night,Tuesday
1187,829-08-9408,Female,African American,20,2024-05-01,11:12:00,16,False,No referral.,Young Adult,Day,Wednesday
1188,782-54-1244,Female,African American,54,2023-08-29,21:58:00,17,False,No referral.,Middle-aged,Evening,Tuesday
1189,165-45-0585,Female,African American,11,2023-10-26,02:36:00,18,False,No referral.,Minor,Night,Thursday
1190,592-54-1896,Female,African American,47,2024-04-22,05:39:00,24,False,No referral.,Middle-aged,Night,Monday
1191,495-30-3359,Female,African American,55,2024-08-16,16:34:00,35,False,No referral.,Older Adult,Evening,Friday
1192,249-59-1568,Female,African American,58,2024-06-05,08:13:00,41,False,No referral.,Older Adult,Day,Wednesday
1193,207-05-0110,Female,African American,11,2023-03-08,11:06:00,45,False,No referral.,Minor,Day,Wednesday
1194,462-88-3724,Female,African American,27,2023-05-25,20:48:00,52,False,No referral.,Young Adult,Evening,Thursday
1195,564-99-6715,Female,African American,36,2024-02-05,22:37:00,35,False,No referral.,Adult,Evening,Monday
1196,478-70-3474,Female,African American,61,2023-07-17,15:03:00,50,False,No referral.,Older Adult,Evening,Monday
1197,687-50-1228,Female,African American,48,2024-09-02,09:51:00,14,False,No referral.,Middle-aged,Day,Monday
1198,545-39-0155,Female,African American,52,2024-07-10,17:49:00,25,False,No referral.,Middle-aged,Evening,Wednesday
1199,818-64-0082,Female,African American,69,2024-06-30,14:40:00,32,False,No referral.,Senior,Day,Sunday
1200,203-87-1234,Female,African American,77,2024-01-14,08:56:00,34,False,No referral.,Senior,Day,Sunday
1201,411-72-1989,Female,African American,47,2023-10-14,11:31:00,44,False,No referral.,Middle-aged,Day,Saturday
1202,606-58-0499,Female,African American,76,2024-11-10,23:37:00,47,False,No referral.,Senior,Night,Sunday
1203,564-53-7946,Female,African American,5,2024-05-21,05:44:00,14,False,No referral.,Minor,Night,Tuesday
1204,850-57-6988,Female,African American,6,2023-10-18,14:46:00,26,False,No referral.,Minor,Day,Wednesday
1205,824-35-1947,Female,African American,44,2023-09-16,06:00:00,33,False,No referral.,Adult,Night,Saturday
1206,440-96-6453,Female,African American,2,2023-09-20,02:44:00,34,False,No referral.,Minor,Night,Wednesday
1207,338-40-8634,Female,African American,25,2024-01-28,14:58:00,36,False,No referral.,Young Adult,Day,Sunday
1208,678-92-8622,Female,African American,53,2023-06-11,03:52:00,54,False,No referral.,Middle-aged,Night,Sunday
1209,416-85-7059,Female,African American,17,2024-07-13,02:57:00,56,False,No referral.,Minor,Night,Saturday
1210,742-99-7117,Female,African American,38,2023-09-10,11:43:00,57,False,No referral.,Adult,Day,Sunday
1211,311-29-1521,Female,African American,76,2023-06-14,05:30:00,60,False,No referral.,Senior,Night,Wednesday
1212,746-61-3889,Female,African American,48,2023-04-08,06:05:00,28,False,No referral.,Middle-aged,Night,Saturday
1213,855-64-6102,Female,African American,41,2023-10-24,12:38:00,32,False,No referral.,Adult,Day,Tuesday
1214,599-42-0177,Female,African American,1,2023-05-25,09:29:00,35,False,No referral.,Minor,Day,Thursday
1215,152-28-2503,Female,African American,77,2024-07-10,16:43:00,46,False,No referral.,Senior,Evening,Wednesday
1216,435-83-6917,Female,African American,35,2024-04-06,10:08:00,10,False,No referral.,Adult,Day,Saturday
1217,455-28-4709,Female,African American,73,2023-12-28,02:52:00,11,False,No referral.,Senior,Night,Thursday
1218,355-96-0567,Female,African American,64,2023-06-28,11:27:00,12,False,No referral.,Older Adult,Day,Wednesday
1219,708-79-4106,Female,African American,8,2024-08-05,17:35:00,37,False,No referral.,Minor,Evening,Monday
1220,489-95-2505,Female,African American,7,2023-07-21,07:22:00,44,False,No referral.,Minor,Day,Friday
1221,307-33-2596,Female,African American,54,2024-05-01,05:58:00,55,False,No referral.,Middle-aged,Night,Wednesday
1222,291-48-9297,Female,African American,61,2023-06-17,17:07:00,56,False,No referral.,Older Adult,Evening,Saturday
1223,155-91-4793,Female,African American,51,2024-03-21,08:22:00,18,False,No referral.,Middle-aged,Day,Thursday
1224,388-56-6915,Female,African American,38,2024-11-01,19:08:00,36,False,No referral.,Adult,Evening,Friday
1225,459-41-9027,Female,African American,61,2023-10-22,10:12:00,43,False,No referral.,Older Adult,Day,Sunday
1226,497-79-0802,Female,African American,4,2024-10-20,21:26:00,47,False,No referral.,Minor,Evening,Sunday
1227,398-81-8943,Female,African American,48,2024-03-31,01:09:00,60,False,No referral.,Middle-aged,Night,Sunday
1228,225-11-8653,Female,African American,55,2023-10-05,14:21:00,17,False,No referral.,Older Adult,Day,Thursday
1229,614-25-0773,Female,African American,5,2024-01-21,14:28:00,39,False,No referral.,Minor,Day,Sunday
1230,510-78-2623,Female,African American,38,2023-06-11,20:28:00,55,False,No referral.,Adult,Evening,Sunday
1231,176-55-3727,Female,African American,45,2024-09-04,10:01:00,19,False,No referral.,Middle-aged,Day,Wednesday
1232,872-04-2237,Female,African American,52,2023-03-12,15:41:00,22,False,No referral.,Middle-aged,Evening,Sunday
1233,231-82-7606,Female,African American,78,2023-09-06,20:36:00,35,False,No referral.,Senior,Evening,Wednesday
1234,290-43-2174,Female,African American,28,2024-09-18,07:27:00,39,False,No referral.,Young Adult,Day,Wednesday
1235,213-36-0331,Female,African American,72,2024-03-06,23:07:00,44,False,No referral.,Senior,Night,Wednesday
1236,260-42-5687,Female,African American,9,2023-06-24,16:59:00,47,False,No referral.,Minor,Evening,Saturday
1237,858-73-2347,Female,African American,1,2024-05-02,08:21:00,56,False,No referral.,Minor,Day,Thursday
1238,835-17-8259,Female,African American,38,2023-07-17,19:38:00,15,False,No referral.,Adult,Evening,Monday
1239,519-39-3056,Female,African American,52,2023-10-14,14:47:00,17,False,No referral.,Middle-aged,Day,Saturday
1240,706-88-2106,Female,African American,12,2023-08-11,15:47:00,18,False,No referral.,Minor,Evening,Friday
1241,766-36-9799,Female,African American,8,2023-02-08,18:18:00,19,False,No referral.,Minor,Evening,Wednesday
1242,873-06-2405,Female,African American,56,2024-09-24,04:41:00,20,False,No referral.,Older Adult,Night,Tuesday
1243,310-10-1774,Female,African American,39,2024-08-09,15:13:00,21,False,No referral.,Adult,Evening,Friday
1244,641-55-4227,Female,African American,2,2023-06-22,20:23:00,27,False,No referral.,Minor,Evening,Thursday
1245,638-81-1348,Female,African American,58,2024-08-01,05:32:00,28,False,No referral.,Older Adult,Night,Thursday
1246,124-05-9790,Female,African American,56,2023-12-19,23:45:00,30,False,No referral.,Older Adult,Night,Tuesday
1247,821-01-1065,Female,African American,75,2023-09-20,06:19:00,56,False,No referral.,Senior,Night,Wednesday
1248,357-39-6143,Female,African American,42,2023-04-29,02:32:00,59,False,No referral.,Adult,Night,Saturday
1249,848-38-5877,Female,African American,7,2024-08-23,06:52:00,13,False,No referral.,Minor,Night,Friday
1250,875-86-2290,Female,African American,30,2024-11-02,12:21:00,19,False,No referral.,Young Adult,Day,Saturday
1251,667-03-3602,Female,African American,73,2023-04-26,21:04:00,32,False,No referral.,Senior,Evening,Wednesday
1252,844-11-6053,Female,African American,47,2023-09-17,21:50:00,19,False,No referral.,Middle-aged,Evening,Sunday
1253,250-23-2067,Female,African American,36,2024-04-25,15:29:00,24,False,No referral.,Adult,Evening,Thursday
1254,345-22-7048,Female,African American,61,2023-08-27,00:53:00,42,False,No referral.,Older Adult,Night,Sunday
1255,311-70-7578,Female,African American,36,2023-06-05,20:18:00,49,False,No referral.,Adult,Evening,Monday
1256,167-50-7288,Female,African American,6,2024-01-28,19:26:00,50,False,No referral.,Minor,Evening,Sunday
1257,869-19-5286,Female,African American,4,2023-11-16,17:56:00,59,False,No referral.,Minor,Evening,Thursday
1258,527-81-7213,Female,African American,22,2023-09-21,21:46:00,60,False,No referral.,Young Adult,Evening,Thursday
1259,509-22-9173,Female,African American,78,2023-04-06,07:40:00,60,False,No referral.,Senior,Day,Thursday
1260,769-16-8734,Female,African American,53,2023-04-07,05:12:00,10,False,No referral.,Middle-aged,Night,Friday
1261,141-74-4458,Female,African American,54,2023-12-26,10:24:00,21,False,No referral.,Middle-aged,Day,Tuesday
1262,679-38-3458,Female,African American,24,2023-06-22,22:39:00,29,False,No referral.,Young Adult,Evening,Thursday
1263,743-50-8009,Female,African American,9,2023-05-12,13:28:00,29,False,No referral.,Minor,Day,Friday
1264,848-13-6227,Female,African American,77,2024-03-02,08:15:00,25,False,No referral.,Senior,Day,Saturday
1265,850-19-4604,Female,African American,67,2024-03-06,19:37:00,40,False,No referral.,Senior,Evening,Wednesday
1266,543-99-4748,Female,African American,62,2024-01-08,12:27:00,35,False,No referral.,Older Adult,Day,Monday
1267,315-73-8679,Female,African American,36,2023-05-30,17:02:00,14,False,No referral.,Adult,Evening,Tuesday
1268,215-96-3099,Female,African American,70,2023-01-06,14:17:00,37,False,No referral.,Senior,Day,Friday
1269,780-28-1491,Female,African American,16,2024-02-01,17:16:00,29,False,No referral.,Minor,Evening,Thursday
1270,595-33-7472,Female,African American,72,2023-07-06,03:24:00,48,False,No referral.,Senior,Night,Thursday
1271,746-03-9818,Female,African American,11,2023-10-11,03:04:00,11,False,No referral.,Minor,Night,Wednesday
1272,699-87-8336,Female,African American,19,2024-10-07,19:14:00,30,False,No referral.,Minor,Evening,Monday
1273,229-94-6883,Female,African American,4,2023-01-07,10:47:00,26,False,No referral.,Minor,Day,Saturday
1274,683-61-8328,Female,African American,10,2024-04-28,17:08:00,40,False,No referral.,Minor,Evening,Sunday
1275,275-97-9757,Female,African American,59,2024-11-10,11:11:00,13,False,No referral.,Older Adult,Day,Sunday
1276,537-53-0651,Female,African American,26,2023-04-07,13:24:00,48,False,No referral.,Young Adult,Day,Friday
1277,843-36-4800,Female,African American,42,2023-10-09,19:02:00,13,False,No referral.,Adult,Evening,Monday
1278,519-73-0586,Female,African American,37,2024-10-25,05:11:00,24,False,No referral.,Adult,Night,Friday
1279,552-80-5445,Female,African American,17,2023-09-09,12:28:00,37,False,No referral.,Minor,Day,Saturday
1280,822-56-9864,Female,African American,65,2023-10-31,19:49:00,39,False,No referral.,Senior,Evening,Tuesday
1281,621-97-5594,Female,African American,57,2023-08-14,20:02:00,58,False,No referral.,Older Adult,Evening,Monday
1282,649-96-4440,Female,African American,36,2024-04-13,07:45:00,15,False,No referral.,Adult,Day,Saturday
1283,104-44-8448,Female,African American,10,2023-06-18,22:14:00,26,False,No referral.,Minor,Evening,Sunday
1284,797-16-0807,Female,African American,71,2023-04-06,10:57:00,54,False,No referral.,Senior,Day,Thursday
1285,362-04-6227,Female,African American,49,2023-12-17,23:39:00,33,False,No referral.,Middle-aged,Night,Sunday
1286,310-63-1799,Female,African American,39,2024-01-15,15:31:00,28,False,No referral.,Adult,Evening,Monday
1287,175-46-2862,Female,African American,6,2024-10-18,02:03:00,56,False,No referral.,Minor,Night,Friday
1288,467-99-8996,Female,African American,19,2024-01-19,03:28:00,42,False,No referral.,Minor,Night,Friday
1289,460-15-6586,Female,African American,27,2023-04-24,03:16:00,32,False,No referral.,Young Adult,Night,Monday
1290,627-37-4516,Female,African American,68,2024-04-09,07:52:00,42,False,No referral.,Senior,Day,Tuesday
1291,580-39-5361,Female,African American,37,2023-08-28,13:46:00,22,False,No referral.,Adult,Day,Monday
1292,677-05-5953,Female,African American,70,2024-08-20,18:01:00,32,False,No referral.,Senior,Evening,Tuesday
1293,780-96-6113,Female,African American,63,2024-09-09,09:25:00,32,False,No referral.,Older Adult,Day,Monday
1294,482-40-7597,Female,African American,27,2024-03-09,18:54:00,18,False,No referral.,Young Adult,Evening,Saturday
1295,384-22-6406,Female,African American,56,2024-12-05,02:21:00,60,False,No referral.,Older Adult,Night,Thursday
1296,127-77-9547,Female,African American,66,2024-01-23,00:17:00,45,False,No referral.,Senior,Night,Tuesday
1297,604-61-1731,Female,African American,40,2024-02-29,08:46:00,32,False,No referral.,Adult,Day,Thursday
1298,125-88-7366,Female,African American,24,2023-06-18,20:35:00,54,False,No referral.,Young Adult,Evening,Sunday
1299,514-44-5278,Female,African American,28,2024-12-06,07:52:00,19,False,No referral.,Young Adult,Day,Friday
1300,385-86-5654,Female,African American,17,2023-12-24,17:51:00,41,False,No referral.,Minor,Evening,Sunday
1301,578-05-4342,Female,African American,13,2023-05-17,18:06:00,50,False,No referral.,Minor,Evening,Wednesday
1302,131-31-2028,Female,African American,23,2024-06-20,02:45:00,22,False,No referral.,Young Adult,Night,Thursday
1303,442-31-5916,Female,African American,39,2023-05-24,17:06:00,37,False,No referral.,Adult,Evening,Wednesday
1304,128-10-0306,Female,African American,45,2024-06-23,23:33:00,10,False,No referral.,Middle-aged,Night,Sunday
1305,426-66-7893,Female,African American,33,2023-05-16,20:44:00,28,False,No referral.,Young Adult,Evening,Tuesday
1306,259-86-4387,Female,African American,41,2023-12-17,03:50:00,32,False,No referral.,Adult,Night,Sunday
1307,472-72-8473,Female,African American,23,2023-11-11,22:32:00,54,False,No referral.,Young Adult,Evening,Saturday
1308,711-46-8573,Female,African American,74,2023-02-07,16:28:00,25,False,No referral.,Senior,Evening,Tuesday
1309,128-24-3514,Female,African American,19,2024-03-31,09:06:00,55,False,No referral.,Minor,Day,Sunday
1310,208-88-3128,Female,African American,72,2024-08-20,20:33:00,37,False,No referral.,Senior,Evening,Tuesday
1311,727-78-9302,Female,African American,31,2024-07-27,13:18:00,57,False,No referral.,Young Adult,Day,Saturday
1312,340-41-2981,Female,African American,69,2023-10-18,07:06:00,20,False,No referral.,Senior,Day,Wednesday
1313,460-64-4936,Female,African American,8,2023-12-15,05:38:00,42,False,No referral.,Minor,Night,Friday
1314,280-79-5942,Female,African American,46,2023-12-21,08:50:00,34,False,No referral.,Middle-aged,Day,Thursday
1315,860-54-9346,Female,African American,39,2023-05-08,15:24:00,54,False,No referral.,Adult,Evening,Monday
1316,438-98-4639,Female,African American,26,2023-05-04,06:25:00,46,False,No referral.,Young Adult,Night,Thursday
1317,381-92-2973,Female,African American,79,2023-06-06,17:51:00,15,False,No referral.,Senior,Evening,Tuesday
1318,584-74-6723,Female,African American,67,2024-08-25,07:43:00,20,False,No referral.,Senior,Day,Sunday
1319,483-20-0302,Female,African American,47,2024-03-28,09:22:00,30,False,Orthopedics,Middle-aged,Day,Thursday
1320,634-38-7814,Female,African American,4,2024-03-27,15:55:00,45,False,Orthopedics,Minor,Evening,Wednesday
1321,578-73-4353,Female,African American,15,2023-08-04,23:49:00,33,False,Orthopedics,Minor,Night,Friday
1322,442-97-4394,Female,African American,60,2024-05-22,16:23:00,47,False,Orthopedics,Older Adult,Evening,Wednesday
1323,180-27-1558,Female,African American,20,2023-02-11,14:32:00,52,False,Orthopedics,Young Adult,Day,Saturday
1324,196-80-7773,Female,African American,74,2023-08-15,06:55:00,13,False,Orthopedics,Senior,Night,Tuesday
1325,774-04-3304,Female,African American,34,2023-04-28,05:13:00,27,False,Orthopedics,Young Adult,Night,Friday
1326,708-77-3192,Female,African American,23,2023-11-14,07:27:00,30,False,Orthopedics,Young Adult,Day,Tuesday
1327,777-67-6604,Female,African American,65,2024-02-25,15:02:00,29,False,Orthopedics,Senior,Evening,Sunday
1328,559-67-0354,Female,African American,43,2023-09-11,11:58:00,43,False,Orthopedics,Adult,Day,Monday
1329,443-36-2330,Female,African American,10,2023-06-04,06:42:00,21,False,Orthopedics,Minor,Night,Sunday
1330,884-65-0896,Female,African American,48,2024-06-27,06:21:00,54,False,Orthopedics,Middle-aged,Night,Thursday
1331,809-10-0879,Female,African American,60,2023-01-06,19:46:00,58,False,Orthopedics,Older Adult,Evening,Friday
1332,219-45-8034,Female,African American,73,2024-06-23,16:24:00,14,False,Orthopedics,Senior,Evening,Sunday
1333,819-83-4431,Female,African American,16,2023-05-28,22:50:00,17,False,Orthopedics,Minor,Evening,Sunday
1334,416-95-3368,Female,African American,54,2024-03-02,10:36:00,19,False,Orthopedics,Middle-aged,Day,Saturday
1335,645-90-4320,Female,African American,4,2023-11-18,19:25:00,26,False,Orthopedics,Minor,Evening,Saturday
1336,293-18-7287,Female,African American,63,2024-02-03,16:03:00,49,False,Orthopedics,Older Adult,Evening,Saturday
1337,754-26-5507,Female,African American,32,2024-01-31,16:28:00,33,False,Orthopedics,Young Adult,Evening,Wednesday
1338,429-49-3591,Female,African American,6,2024-07-15,16:49:00,44,False,Orthopedics,Minor,Evening,Monday
1339,698-20-8468,Female,African American,23,2024-09-10,00:44:00,33,False,Orthopedics,Young Adult,Night,Tuesday
1340,123-27-5720,Female,African American,55,2023-10-14,03:14:00,11,False,Orthopedics,Older Adult,Night,Saturday
1341,482-13-8422,Female,African American,5,2023-11-30,08:20:00,14,False,Orthopedics,Minor,Day,Thursday
1342,122-73-4557,Female,African American,2,2024-09-30,19:55:00,23,False,Orthopedics,Minor,Evening,Monday
1343,875-20-1020,Female,African American,10,2023-09-06,05:03:00,46,False,Orthopedics,Minor,Night,Wednesday
1344,409-52-4416,Female,African American,74,2024-03-05,10:25:00,43,False,Orthopedics,Senior,Day,Tuesday
1345,554-09-0300,Female,African American,42,2024-10-02,23:31:00,56,False,Orthopedics,Adult,Night,Wednesday
1346,124-36-9054,Female,African American,44,2024-10-22,04:32:00,38,False,Orthopedics,Adult,Night,Tuesday
1347,814-11-2492,Female,African American,64,2024-03-06,04:20:00,43,False,Orthopedics,Older Adult,Night,Wednesday
1348,364-41-2788,Female,African American,46,2023-07-23,17:48:00,30,False,Orthopedics,Middle-aged,Evening,Sunday
1349,801-75-4801,Female,African American,38,2024-08-10,22:18:00,35,False,Orthopedics,Adult,Evening,Saturday
1350,643-88-8465,Female,African American,79,2023-10-28,11:51:00,41,False,Orthopedics,Senior,Day,Saturday
1351,309-34-4512,Female,African American,8,2024-03-03,22:53:00,51,False,Orthopedics,Minor,Evening,Sunday
1352,143-12-4621,Female,African American,66,2024-08-17,21:33:00,52,False,Orthopedics,Senior,Evening,Saturday
1353,649-47-0696,Female,African American,4,2024-05-18,19:39:00,38,False,Orthopedics,Minor,Evening,Saturday
1354,418-68-8857,Female,African American,4,2024-07-19,06:27:00,58,False,Orthopedics,Minor,Night,Friday
1355,663-52-0761,Female,African American,3,2023-09-11,12:52:00,32,False,Orthopedics,Minor,Day,Monday
1356,110-15-3555,Female,African American,70,2024-03-20,09:45:00,33,False,Orthopedics,Senior,Day,Wednesday
1357,611-20-6971,Female,African American,12,2023-04-14,16:33:00,12,False,Orthopedics,Minor,Evening,Friday
1358,891-13-0532,Female,African American,7,2024-02-04,06:03:00,54,False,Orthopedics,Minor,Night,Sunday
1359,102-54-1653,Female,African American,50,2024-04-27,02:32:00,51,False,Orthopedics,Middle-aged,Night,Saturday
1360,333-28-5802,Female,African American,33,2023-06-25,20:02:00,32,False,Orthopedics,Young Adult,Evening,Sunday
1361,493-10-9938,Female,African American,66,2024-01-02,06:47:00,16,False,Orthopedics,Senior,Night,Tuesday
1362,809-77-6432,Female,African American,47,2023-04-25,11:21:00,55,False,Orthopedics,Middle-aged,Day,Tuesday
1363,142-24-2360,Female,African American,67,2023-06-22,05:53:00,60,False,Orthopedics,Senior,Night,Thursday
1364,749-62-2279,Female,African American,10,2024-04-17,09:49:00,30,False,Orthopedics,Minor,Day,Wednesday
1365,875-56-3403,Female,African American,64,2024-08-28,22:33:00,34,False,Orthopedics,Older Adult,Evening,Wednesday
1366,713-23-9419,Female,African American,15,2023-07-26,02:30:00,28,False,Orthopedics,Minor,Night,Wednesday
1367,721-57-7739,Female,African American,34,2023-10-18,11:17:00,21,False,Orthopedics,Young Adult,Day,Wednesday
1368,748-29-8054,Female,African American,29,2024-05-07,00:36:00,55,False,Orthopedics,Young Adult,Night,Tuesday
1369,679-04-2649,Female,African American,47,2023-05-30,04:08:00,37,False,Orthopedics,Middle-aged,Night,Tuesday
1370,565-38-3119,Female,African American,3,2023-06-30,15:03:00,53,False,Orthopedics,Minor,Evening,Friday
1371,322-99-9924,Female,African American,30,2023-08-29,20:57:00,24,False,Orthopedics,Young Adult,Evening,Tuesday
1372,679-29-9661,Female,African American,34,2024-04-04,07:23:00,49,False,Orthopedics,Young Adult,Day,Thursday
1373,146-07-1057,Female,African American,67,2024-06-05,00:44:00,56,False,Physiotherapy,Senior,Night,Wednesday
1374,711-07-7795,Female,African American,18,2023-11-28,03:33:00,25,False,Physiotherapy,Minor,Night,Tuesday
1375,805-02-0749,Female,African American,26,2023-07-22,08:52:00,40,False,Physiotherapy,Young Adult,Day,Saturday
1376,657-05-4117,Female,African American,18,2023-02-05,03:29:00,11,False,Physiotherapy,Minor,Night,Sunday
1377,445-96-8347,Female,African American,40,2023-10-28,11:01:00,18,False,Physiotherapy,Adult,Day,Saturday
1378,528-88-1999,Female,African American,6,2024-10-28,16:52:00,57,False,Physiotherapy,Minor,Evening,Monday
1379,267-89-0681,Female,African American,22,2024-06-30,13:22:00,46,False,Physiotherapy,Young Adult,Day,Sunday
1380,511-46-2159,Female,African American,56,2024-01-24,14:10:00,17,False,Physiotherapy,Older Adult,Day,Wednesday
1381,721-28-4161,Female,African American,28,2023-08-07,23:44:00,49,False,Physiotherapy,Young Adult,Night,Monday
1382,759-61-2096,Female,African American,43,2023-11-25,10:45:00,59,False,Renal,Adult,Day,Saturday
1383,369-24-4662,Female,African American,16,2024-05-21,07:13:00,11,False,Renal,Minor,Day,Tuesday
1384,625-84-2319,Female,African American,77,2024-09-16,17:27:00,43,False,Renal,Senior,Evening,Monday
1385,291-47-8677,Female,African American,12,2023-12-12,08:49:00,28,False,Renal,Minor,Day,Tuesday
1386,202-68-7145,Female,African American,38,2023-01-10,16:15:00,20,False,Renal,Adult,Evening,Tuesday
1387,786-23-7303,Female,African American,17,2024-09-25,09:59:00,25,False,Renal,Minor,Day,Wednesday
1388,729-44-7586,Female,Asian,32,2024-01-13,22:55:00,35,False,Cardiology,Young Adult,Evening,Saturday
1389,142-87-7640,Female,Asian,41,2024-09-14,05:00:00,20,False,Cardiology,Adult,Night,Saturday
1390,210-09-0959,Female,Asian,60,2024-06-03,16:17:00,56,False,Cardiology,Older Adult,Evening,Monday
1391,770-69-8526,Female,Asian,9,2024-05-02,10:24:00,49,False,Cardiology,Minor,Day,Thursday
1392,444-32-3923,Female,Asian,36,2024-01-06,06:19:00,15,False,Cardiology,Adult,Night,Saturday
1393,477-43-3427,Female,Asian,58,2024-07-09,16:02:00,10,False,Cardiology,Older Adult,Evening,Tuesday
1394,193-39-9512,Female,Asian,66,2023-08-14,05:46:00,49,False,Gastroenterology,Senior,Night,Monday
1395,791-28-9797,Female,Asian,28,2024-02-06,07:59:00,50,False,Gastroenterology,Young Adult,Day,Tuesday
1396,772-47-3814,Female,Asian,69,2023-10-12,21:31:00,55,False,Gastroenterology,Senior,Evening,Thursday
1397,389-14-6190,Female,Asian,20,2023-01-04,15:10:00,30,False,General Practice,Young Adult,Evening,Wednesday
1398,100-66-8222,Female,Asian,65,2023-12-23,12:07:00,17,False,General Practice,Senior,Day,Saturday
1399,401-04-4348,Female,Asian,21,2024-05-25,14:38:00,33,False,General Practice,Young Adult,Day,Saturday
1400,178-35-6443,Female,Asian,67,2024-04-01,01:00:00,40,False,General Practice,Senior,Night,Monday
1401,556-75-8409,Female,Asian,10,2023-06-13,20:07:00,56,False,General Practice,Minor,Evening,Tuesday
1402,349-40-9306,Female,Asian,30,2023-04-11,04:56:00,20,False,General Practice,Young Adult,Night,Tuesday
1403,509-62-2204,Female,Asian,40,2023-12-23,16:43:00,57,False,General Practice,Adult,Evening,Saturday
1404,665-50-9637,Female,Asian,27,2024-06-09,12:41:00,10,False,General Practice,Young Adult,Day,Sunday
1405,505-85-5884,Female,Asian,45,2024-04-29,08:20:00,14,False,General Practice,Middle-aged,Day,Monday
1406,254-67-7783,Female,Asian,76,2023-05-04,18:19:00,54,False,General Practice,Senior,Evening,Thursday
1407,385-36-3839,Female,Asian,40,2023-07-06,04:18:00,33,False,General Practice,Adult,Night,Thursday
1408,407-66-8499,Female,Asian,11,2024-05-27,11:27:00,36,False,General Practice,Minor,Day,Monday
1409,443-92-1671,Female,Asian,72,2024-06-13,03:12:00,43,False,General Practice,Senior,Night,Thursday
1410,556-28-7915,Female,Asian,78,2023-03-06,12:33:00,21,False,General Practice,Senior,Day,Monday
1411,858-84-0931,Female,Asian,61,2023-04-19,12:02:00,59,False,General Practice,Older Adult,Day,Wednesday
1412,400-43-2749,Female,Asian,34,2023-05-14,16:01:00,50,False,General Practice,Young Adult,Evening,Sunday
1413,863-95-9525,Female,Asian,38,2024-09-30,10:20:00,55,False,General Practice,Adult,Day,Monday
1414,749-04-9739,Female,Asian,61,2023-05-12,08:28:00,22,False,General Practice,Older Adult,Day,Friday
1415,820-21-7142,Female,Asian,59,2023-07-25,01:13:00,15,False,General Practice,Older Adult,Night,Tuesday
1416,615-80-8527,Female,Asian,36,2023-07-31,13:17:00,20,False,General Practice,Adult,Day,Monday
1417,535-81-8385,Female,Asian,54,2023-10-31,07:50:00,31,False,General Practice,Middle-aged,Day,Tuesday
1418,620-60-2232,Female,Asian,47,2024-06-26,08:07:00,38,False,General Practice,Middle-aged,Day,Wednesday
1419,662-75-3787,Female,Asian,33,2023-11-05,03:45:00,37,False,General Practice,Young Adult,Night,Sunday
1420,358-64-0690,Female,Asian,61,2024-07-25,17:31:00,41,False,Neurology,Older Adult,Evening,Thursday
1421,686-06-9347,Female,Asian,36,2023-10-30,05:18:00,22,False,Neurology,Adult,Night,Monday
1422,138-11-0080,Female,Asian,78,2024-02-04,00:21:00,23,False,Neurology,Senior,Night,Sunday
1423,679-34-7055,Female,Asian,62,2023-06-23,04:20:00,57,False,Neurology,Older Adult,Night,Friday
1424,406-30-2620,Female,Asian,77,2024-07-24,19:20:00,52,False,Neurology,Senior,Evening,Wednesday
1425,814-81-8129,Female,Asian,6,2023-08-23,05:23:00,49,False,Neurology,Minor,Night,Wednesday
1426,838-27-1967,Female,Asian,66,2023-02-10,14:35:00,45,False,Neurology,Senior,Day,Friday
1427,824-90-7037,Female,Asian,25,2023-10-07,06:31:00,26,False,Neurology,Young Adult,Night,Saturday
1428,134-42-6830,Female,Asian,16,2024-03-03,04:05:00,13,False,No referral.,Minor,Night,Sunday
1429,559-43-9962,Female,Asian,36,2023-01-05,06:25:00,13,False,No referral.,Adult,Night,Thursday
1430,493-86-6497,Female,Asian,54,2024-03-21,03:57:00,15,False,No referral.,Middle-aged,Night,Thursday
1431,200-75-7847,Female,Asian,74,2024-07-19,22:49:00,51,False,No referral.,Senior,Evening,Friday
1432,372-20-5389,Female,Asian,5,2024-07-13,23:24:00,58,False,No referral.,Minor,Night,Saturday
1433,886-83-6515,Female,Asian,47,2023-04-12,16:18:00,59,False,No referral.,Middle-aged,Evening,Wednesday
1434,492-03-5767,Female,Asian,1,2024-07-03,17:28:00,17,False,No referral.,Minor,Evening,Wednesday
1435,796-02-2960,Female,Asian,55,2023-04-09,11:18:00,21,False,No referral.,Older Adult,Day,Sunday
1436,832-25-9816,Female,Asian,30,2024-06-23,12:28:00,40,False,No referral.,Young Adult,Day,Sunday
1437,542-49-2911,Female,Asian,36,2024-09-29,05:08:00,55,False,No referral.,Adult,Night,Sunday
1438,223-48-3317,Female,Asian,12,2024-05-01,14:14:00,15,False,No referral.,Minor,Day,Wednesday
1439,692-52-8598,Female,Asian,30,2024-02-16,16:09:00,55,False,No referral.,Young Adult,Evening,Friday
1440,217-49-5486,Female,Asian,58,2023-08-31,08:16:00,59,False,No referral.,Older Adult,Day,Thursday
1441,271-45-0948,Female,Asian,17,2024-02-08,05:43:00,33,False,No referral.,Minor,Night,Thursday
1442,572-74-8397,Female,Asian,2,2023-07-13,05:22:00,48,False,No referral.,Minor,Night,Thursday
1443,319-68-1866,Female,Asian,8,2024-06-17,21:18:00,23,False,No referral.,Minor,Evening,Monday
1444,729-73-0284,Female,Asian,46,2024-05-21,06:44:00,24,False,No referral.,Middle-aged,Night,Tuesday
1445,644-15-9218,Female,Asian,56,2024-09-07,18:27:00,43,False,No referral.,Older Adult,Evening,Saturday
1446,832-56-7060,Female,Asian,63,2024-07-04,13:16:00,44,False,No referral.,Older Adult,Day,Thursday
1447,385-25-7103,Female,Asian,62,2023-09-18,00:56:00,52,False,No referral.,Older Adult,Night,Monday
1448,400-75-0237,Female,Asian,25,2023-07-12,09:51:00,59,False,No referral.,Young Adult,Day,Wednesday
1449,520-83-1270,Female,Asian,49,2023-11-14,01:21:00,13,False,No referral.,Middle-aged,Night,Tuesday
1450,613-20-5618,Female,Asian,78,2023-07-25,23:42:00,19,False,No referral.,Senior,Night,Tuesday
1451,614-91-8822,Female,Asian,59,2023-08-14,23:11:00,30,False,No referral.,Older Adult,Night,Monday
1452,674-99-3177,Female,Asian,31,2023-12-14,06:09:00,38,False,No referral.,Young Adult,Night,Thursday
1453,839-76-6725,Female,Asian,78,2024-01-25,05:34:00,22,False,No referral.,Senior,Night,Thursday
1454,894-34-4848,Female,Asian,11,2024-11-01,03:54:00,23,False,No referral.,Minor,Night,Friday
1455,154-86-0769,Female,Asian,69,2023-08-25,15:34:00,26,False,No referral.,Senior,Evening,Friday
1456,193-35-5764,Female,Asian,49,2023-05-11,23:01:00,31,False,No referral.,Middle-aged,Night,Thursday
1457,820-68-0040,Female,Asian,55,2023-10-07,03:12:00,34,False,No referral.,Older Adult,Night,Saturday
1458,877-55-1245,Female,Asian,19,2023-10-26,00:41:00,39,False,No referral.,Minor,Night,Thursday
1459,436-53-0891,Female,Asian,15,2024-08-20,09:27:00,55,False,No referral.,Minor,Day,Tuesday
1460,780-36-8575,Female,Asian,33,2023-04-22,09:28:00,24,False,No referral.,Young Adult,Day,Saturday
1461,328-74-8801,Female,Asian,15,2023-12-06,09:02:00,30,False,No referral.,Minor,Day,Wednesday
1462,880-82-9131,Female,Asian,79,2023-09-26,13:08:00,43,False,No referral.,Senior,Day,Tuesday
1463,726-73-5570,Female,Asian,46,2024-02-07,05:20:00,38,False,No referral.,Middle-aged,Night,Wednesday
1464,309-54-6523,Female,Asian,59,2023-04-09,00:58:00,45,False,No referral.,Older Adult,Night,Sunday
1465,735-51-2783,Female,Asian,8,2024-06-27,23:27:00,54,False,No referral.,Minor,Night,Thursday
1466,487-94-8562,Female,Asian,74,2024-07-06,03:27:00,59,False,No referral.,Senior,Night,Saturday
1467,844-64-3064,Female,Asian,3,2023-06-10,19:46:00,11,False,No referral.,Minor,Evening,Saturday
1468,487-60-3573,Female,Asian,22,2024-10-18,10:46:00,13,False,No referral.,Young Adult,Day,Friday
1469,223-22-7407,Female,Asian,5,2023-04-11,17:35:00,14,False,No referral.,Minor,Evening,Tuesday
1470,632-33-1275,Female,Asian,78,2024-02-14,00:06:00,20,False,No referral.,Senior,Night,Wednesday
1471,284-16-9688,Female,Asian,25,2024-01-29,21:16:00,42,False,No referral.,Young Adult,Evening,Monday
1472,536-56-4427,Female,Asian,38,2024-03-15,01:23:00,11,False,No referral.,Adult,Night,Friday
1473,387-82-3558,Female,Asian,64,2023-12-06,07:14:00,16,False,No referral.,Older Adult,Day,Wednesday
1474,845-04-1216,Female,Asian,39,2024-07-06,23:27:00,46,False,No referral.,Adult,Night,Saturday
1475,730-36-4244,Female,Asian,26,2024-11-06,18:16:00,52,False,No referral.,Young Adult,Evening,Wednesday
1476,488-56-1587,Female,Asian,42,2023-12-15,11:46:00,52,False,No referral.,Adult,Day,Friday
1477,488-42-2856,Female,Asian,2,2024-10-05,06:09:00,12,False,No referral.,Minor,Night,Saturday
1478,897-23-2167,Female,Asian,71,2024-08-27,16:44:00,26,False,No referral.,Senior,Evening,Tuesday
1479,807-87-0849,Female,Asian,21,2024-12-04,10:57:00,40,False,No referral.,Young Adult,Day,Wednesday
1480,426-61-6009,Female,Asian,69,2024-09-23,00:55:00,40,False,No referral.,Senior,Night,Monday
1481,828-59-6248,Female,Asian,53,2023-05-26,00:32:00,36,False,No referral.,Middle-aged,Night,Friday
1482,416-31-7468,Female,Asian,23,2023-10-30,16:45:00,40,False,No referral.,Young Adult,Evening,Monday
1483,117-06-6307,Female,Asian,78,2024-05-23,16:26:00,41,False,No referral.,Senior,Evening,Thursday
1484,400-75-0750,Female,Asian,14,2024-03-03,18:21:00,42,False,No referral.,Minor,Evening,Sunday
1485,504-09-9129,Female,Asian,7,2023-08-18,20:58:00,58,False,No referral.,Minor,Evening,Friday
1486,127-86-2344,Female,Asian,42,2023-05-20,08:57:00,20,False,No referral.,Adult,Day,Saturday
1487,428-71-5074,Female,Asian,15,2024-08-06,05:38:00,32,False,No referral.,Minor,Night,Tuesday
1488,541-50-7505,Female,Asian,66,2023-12-31,01:34:00,41,False,No referral.,Senior,Night,Sunday
1489,801-77-4739,Female,Asian,76,2023-09-22,09:35:00,54,False,No referral.,Senior,Day,Friday
1490,383-64-6636,Female,Asian,74,2024-01-20,23:52:00,60,False,No referral.,Senior,Night,Saturday
1491,730-80-4986,Female,Asian,56,2024-04-15,16:02:00,16,False,No referral.,Older Adult,Evening,Monday
1492,323-15-5382,Female,Asian,64,2023-08-04,00:02:00,17,False,No referral.,Older Adult,Night,Friday
1493,358-88-4969,Female,Asian,25,2024-06-18,23:22:00,23,False,No referral.,Young Adult,Night,Tuesday
1494,705-95-8195,Female,Asian,67,2024-06-10,18:31:00,25,False,No referral.,Senior,Evening,Monday
1495,208-89-0119,Female,Asian,54,2023-11-05,03:28:00,50,False,No referral.,Middle-aged,Night,Sunday
1496,557-05-5900,Female,Asian,46,2023-06-21,04:49:00,25,False,No referral.,Middle-aged,Night,Wednesday
1497,609-79-0405,Female,Asian,72,2024-04-05,16:49:00,47,False,No referral.,Senior,Evening,Friday
1498,519-96-7743,Female,Asian,52,2023-11-28,15:03:00,11,False,No referral.,Middle-aged,Evening,Tuesday
1499,324-36-5374,Female,Asian,44,2024-12-08,22:03:00,15,False,No referral.,Adult,Evening,Sunday
1500,183-15-0828,Female,Asian,66,2024-12-01,17:06:00,19,False,No referral.,Senior,Evening,Sunday
1501,713-88-3339,Female,Asian,41,2024-08-19,15:27:00,48,False,No referral.,Adult,Evening,Monday
1502,874-60-4529,Female,Asian,19,2023-06-05,09:23:00,51,False,No referral.,Minor,Day,Monday
1503,127-06-6159,Female,Asian,19,2023-04-19,08:48:00,54,False,No referral.,Minor,Day,Wednesday
1504,877-89-1517,Female,Asian,74,2023-04-11,09:41:00,10,False,No referral.,Senior,Day,Tuesday
1505,587-16-0608,Female,Asian,53,2024-08-21,12:49:00,11,False,No referral.,Middle-aged,Day,Wednesday
1506,768-10-9983,Female,Asian,31,2023-08-17,09:09:00,45,False,No referral.,Young Adult,Day,Thursday
1507,687-36-3981,Female,Asian,24,2024-05-05,23:39:00,11,False,No referral.,Young Adult,Night,Sunday
1508,590-19-6541,Female,Asian,77,2024-02-27,10:47:00,12,False,No referral.,Senior,Day,Tuesday
1509,707-44-8386,Female,Asian,3,2024-10-18,15:36:00,15,False,No referral.,Minor,Evening,Friday
1510,308-16-8481,Female,Asian,40,2023-04-23,10:06:00,35,False,No referral.,Adult,Day,Sunday
1511,248-87-1718,Female,Asian,40,2024-02-08,12:39:00,43,False,No referral.,Adult,Day,Thursday
1512,857-68-2721,Female,Asian,29,2023-04-18,16:09:00,26,False,No referral.,Young Adult,Evening,Tuesday
1513,736-54-2232,Female,Asian,56,2024-10-07,20:34:00,37,False,No referral.,Older Adult,Evening,Monday
1514,252-67-0809,Female,Asian,73,2024-08-23,09:57:00,49,False,No referral.,Senior,Day,Friday
1515,754-27-4650,Female,Asian,48,2023-08-16,03:43:00,51,False,No referral.,Middle-aged,Night,Wednesday
1516,381-69-6342,Female,Asian,65,2023-04-28,23:27:00,56,False,No referral.,Senior,Night,Friday
1517,659-42-8898,Female,Asian,16,2024-02-09,18:38:00,13,False,No referral.,Minor,Evening,Friday
1518,214-94-9998,Female,Asian,35,2023-04-05,08:50:00,13,False,No referral.,Adult,Day,Wednesday
1519,418-76-1742,Female,Asian,43,2024-01-06,22:26:00,25,False,No referral.,Adult,Evening,Saturday
1520,290-17-4655,Female,Asian,79,2024-01-06,06:10:00,37,False,No referral.,Senior,Night,Saturday
1521,864-37-9908,Female,Asian,76,2023-04-19,13:17:00,48,False,No referral.,Senior,Day,Wednesday
1522,442-72-9831,Female,Asian,46,2023-04-12,06:21:00,51,False,No referral.,Middle-aged,Night,Wednesday
1523,765-85-5657,Female,Asian,4,2023-08-23,12:26:00,16,False,No referral.,Minor,Day,Wednesday
1524,642-14-4801,Female,Asian,47,2024-08-27,21:06:00,16,False,No referral.,Middle-aged,Evening,Tuesday
1525,323-52-6658,Female,Asian,58,2023-08-16,14:20:00,21,False,No referral.,Older Adult,Day,Wednesday
1526,327-71-5579,Female,Asian,14,2023-03-08,07:52:00,24,False,No referral.,Minor,Day,Wednesday
1527,161-11-8631,Female,Asian,10,2024-05-20,07:14:00,30,False,No referral.,Minor,Day,Monday
1528,574-48-5950,Female,Asian,42,2024-04-07,06:25:00,46,False,No referral.,Adult,Night,Sunday
1529,345-42-0466,Female,Asian,31,2023-08-20,01:25:00,40,False,No referral.,Young Adult,Night,Sunday
1530,281-67-7646,Female,Asian,12,2023-09-15,16:02:00,45,False,No referral.,Minor,Evening,Friday
1531,351-60-6045,Female,Asian,73,2023-10-20,21:35:00,41,False,No referral.,Senior,Evening,Friday
1532,196-42-4139,Female,Asian,39,2023-07-18,23:58:00,36,False,No referral.,Adult,Night,Tuesday
1533,784-97-6948,Female,Asian,61,2024-07-14,03:44:00,48,False,No referral.,Older Adult,Night,Sunday
1534,110-38-1973,Female,Asian,76,2024-06-04,09:56:00,41,False,No referral.,Senior,Day,Tuesday
1535,879-31-2414,Female,Asian,62,2023-08-08,22:40:00,23,False,No referral.,Older Adult,Evening,Tuesday
1536,213-23-7376,Female,Asian,27,2024-02-23,19:35:00,60,False,No referral.,Young Adult,Evening,Friday
1537,538-74-2222,Female,Asian,18,2024-07-31,14:03:00,44,False,No referral.,Minor,Day,Wednesday
1538,438-20-6869,Female,Asian,18,2024-05-06,01:29:00,15,False,No referral.,Minor,Night,Monday
1539,345-56-2522,Female,Asian,18,2024-07-29,21:55:00,35,False,No referral.,Minor,Evening,Monday
1540,382-04-7586,Female,Asian,28,2024-05-24,10:09:00,53,False,No referral.,Young Adult,Day,Friday
1541,127-78-2954,Female,Asian,13,2024-07-29,10:38:00,45,False,No referral.,Minor,Day,Monday
1542,843-20-8997,Female,Asian,51,2023-09-15,18:09:00,26,False,No referral.,Middle-aged,Evening,Friday
1543,325-53-6475,Female,Asian,68,2024-07-29,12:11:00,45,False,No referral.,Senior,Day,Monday
1544,597-64-3246,Female,Asian,78,2023-04-24,04:24:00,22,False,No referral.,Senior,Night,Monday
1545,821-38-7964,Female,Asian,58,2023-06-29,14:21:00,43,False,No referral.,Older Adult,Day,Thursday
1546,628-24-0324,Female,Asian,10,2023-05-30,16:27:00,24,False,No referral.,Minor,Evening,Tuesday
1547,313-99-3667,Female,Asian,4,2023-11-29,06:05:00,23,False,No referral.,Minor,Night,Wednesday
1548,384-25-8158,Female,Asian,71,2024-01-13,11:00:00,42,False,No referral.,Senior,Day,Saturday
1549,577-72-3497,Female,Asian,8,2024-06-01,10:02:00,30,False,No referral.,Minor,Day,Saturday
1550,282-36-6038,Female,Asian,37,2023-12-23,16:03:00,58,False,No referral.,Adult,Evening,Saturday
1551,832-36-7335,Female,Asian,29,2023-11-10,01:56:00,52,False,No referral.,Young Adult,Night,Friday
1552,709-27-5618,Female,Asian,50,2024-02-23,16:49:00,55,False,No referral.,Middle-aged,Evening,Friday
1553,749-52-0280,Female,Asian,54,2023-04-26,01:57:00,43,False,No referral.,Middle-aged,Night,Wednesday
1554,453-37-7733,Female,Asian,67,2024-07-28,18:57:00,14,False,No referral.,Senior,Evening,Sunday
1555,461-43-8162,Female,Asian,3,2023-05-31,19:53:00,53,False,No referral.,Minor,Evening,Wednesday
1556,429-49-7880,Female,Asian,2,2023-08-15,09:47:00,24,False,No referral.,Minor,Day,Tuesday
1557,262-61-0435,Female,Asian,18,2024-01-10,08:14:00,30,False,No referral.,Minor,Day,Wednesday
1558,215-31-6186,Female,Asian,6,2024-02-17,17:19:00,42,False,No referral.,Minor,Evening,Saturday
1559,739-96-9502,Female,Asian,6,2024-05-07,18:32:00,52,False,No referral.,Minor,Evening,Tuesday
1560,380-97-2809,Female,Asian,43,2024-08-19,02:17:00,47,False,No referral.,Adult,Night,Monday
1561,511-98-1628,Female,Asian,25,2024-10-20,15:46:00,19,False,No referral.,Young Adult,Evening,Sunday
1562,534-57-7812,Female,Asian,20,2024-01-05,03:39:00,17,False,No referral.,Young Adult,Night,Friday
1563,590-94-5630,Female,Asian,77,2024-09-10,01:38:00,26,False,Orthopedics,Senior,Night,Tuesday
1564,493-57-5938,Female,Asian,37,2024-06-29,11:57:00,24,False,Orthopedics,Adult,Day,Saturday
1565,576-68-0482,Female,Asian,33,2023-01-11,13:54:00,49,False,Orthopedics,Young Adult,Day,Wednesday
1566,480-59-4442,Female,Asian,33,2024-04-26,02:21:00,35,False,Orthopedics,Young Adult,Night,Friday
1567,368-31-2124,Female,Asian,69,2024-08-15,05:41:00,45,False,Orthopedics,Senior,Night,Thursday
1568,477-47-0020,Female,Asian,19,2023-06-15,15:36:00,39,False,Orthopedics,Minor,Evening,Thursday
1569,875-57-2036,Female,Asian,3,2024-07-20,13:34:00,30,False,Orthopedics,Minor,Day,Saturday
1570,804-44-8560,Female,Asian,74,2024-01-14,21:59:00,59,False,Orthopedics,Senior,Evening,Sunday
1571,206-57-6026,Female,Asian,59,2023-07-05,06:02:00,19,False,Orthopedics,Older Adult,Night,Wednesday
1572,795-71-6463,Female,Asian,12,2024-06-22,23:34:00,56,False,Orthopedics,Minor,Night,Saturday
1573,832-72-0329,Female,Asian,25,2024-01-18,02:20:00,44,False,Orthopedics,Young Adult,Night,Thursday
1574,840-62-1287,Female,Asian,72,2023-11-17,22:17:00,55,False,Orthopedics,Senior,Evening,Friday
1575,219-04-6134,Female,Asian,45,2023-06-17,14:54:00,29,False,Orthopedics,Middle-aged,Day,Saturday
1576,539-97-0120,Female,Asian,25,2024-02-14,08:22:00,52,False,Orthopedics,Young Adult,Day,Wednesday
1577,552-28-2494,Female,Asian,54,2024-06-18,07:13:00,23,False,Orthopedics,Middle-aged,Day,Tuesday
1578,541-22-8120,Female,Asian,53,2024-01-03,19:44:00,48,False,Orthopedics,Middle-aged,Evening,Wednesday
1579,216-38-8198,Female,Asian,41,2023-10-22,14:23:00,19,False,Orthopedics,Adult,Day,Sunday
1580,595-81-5298,Female,Asian,38,2023-04-21,06:43:00,33,False,Orthopedics,Adult,Night,Friday
1581,374-27-4733,Female,Asian,47,2024-02-15,09:33:00,24,False,Orthopedics,Middle-aged,Day,Thursday
1582,579-47-5526,Female,Asian,56,2023-12-10,05:09:00,16,False,Orthopedics,Older Adult,Night,Sunday
1583,470-65-1385,Female,Asian,56,2024-06-14,18:44:00,45,False,Orthopedics,Older Adult,Evening,Friday
1584,156-38-9827,Female,Asian,76,2023-06-09,12:57:00,60,False,Orthopedics,Senior,Day,Friday
1585,764-90-1391,Female,Asian,68,2023-08-06,20:54:00,11,False,Orthopedics,Senior,Evening,Sunday
1586,507-76-1018,Female,Asian,34,2024-02-03,23:03:00,30,False,Physiotherapy,Young Adult,Night,Saturday
1587,551-55-2010,Female,Asian,21,2024-04-16,15:18:00,47,False,Physiotherapy,Young Adult,Evening,Tuesday
1588,187-39-7367,Female,Asian,10,2024-01-15,02:56:00,48,False,Physiotherapy,Minor,Night,Monday
1589,663-65-5691,Female,Asian,19,2023-11-13,18:32:00,20,False,Physiotherapy,Minor,Evening,Monday
1590,733-13-6784,Female,Asian,22,2023-07-14,12:45:00,14,False,Physiotherapy,Young Adult,Day,Friday
1591,123-18-3686,Female,Asian,74,2024-03-29,13:31:00,33,False,Physiotherapy,Senior,Day,Friday
1592,323-05-5893,Female,Asian,77,2023-09-24,13:44:00,58,False,Physiotherapy,Senior,Day,Sunday
1593,207-58-3631,Female,Asian,1,2024-06-28,15:10:00,32,False,Physiotherapy,Minor,Evening,Friday
1594,317-66-7650,Female,Asian,70,2023-05-16,07:38:00,11,False,Physiotherapy,Senior,Day,Tuesday
1595,334-60-2957,Female,Asian,56,2023-05-20,05:07:00,50,False,Physiotherapy,Older Adult,Night,Saturday
1596,691-60-9872,Female,Asian,59,2024-05-30,03:36:00,46,False,Physiotherapy,Older Adult,Night,Thursday
1597,515-56-0003,Female,Asian,37,2024-03-22,21:49:00,41,False,Physiotherapy,Adult,Evening,Friday
1598,792-98-0919,Female,Asian,19,2024-03-08,04:00:00,56,False,Physiotherapy,Minor,Night,Friday
1599,722-74-4559,Female,Asian,77,2024-10-20,09:50:00,42,False,Physiotherapy,Senior,Day,Sunday
1600,818-20-9986,Female,Asian,30,2023-10-09,03:24:00,10,False,Renal,Young Adult,Night,Monday
1601,645-18-1740,Female,Asian,24,2023-12-18,15:02:00,37,False,Renal,Young Adult,Evening,Monday
1602,765-53-4095,Female,Declined to Identify,28,2024-08-01,17:36:00,18,False,Cardiology,Young Adult,Evening,Thursday
1603,884-30-0023,Female,Declined to Identify,58,2024-10-06,13:30:00,35,False,Cardiology,Older Adult,Day,Sunday
1604,212-43-9461,Female,Declined to Identify,39,2024-04-19,08:15:00,13,False,Cardiology,Adult,Day,Friday
1605,699-78-0927,Female,Declined to Identify,19,2023-09-27,12:16:00,30,False,Cardiology,Minor,Day,Wednesday
1606,373-56-3448,Female,Declined to Identify,29,2024-08-16,07:20:00,39,False,Cardiology,Young Adult,Day,Friday
1607,856-96-4267,Female,Declined to Identify,32,2024-05-02,07:41:00,11,False,Cardiology,Young Adult,Day,Thursday
1608,208-45-8047,Female,Declined to Identify,37,2023-11-11,08:37:00,57,False,Gastroenterology,Adult,Day,Saturday
1609,282-04-2756,Female,Declined to Identify,50,2024-08-24,12:36:00,42,False,Gastroenterology,Middle-aged,Day,Saturday
1610,658-57-9431,Female,Declined to Identify,51,2024-08-27,09:29:00,60,False,Gastroenterology,Middle-aged,Day,Tuesday
1611,321-57-9470,Female,Declined to Identify,2,2024-08-24,16:17:00,15,False,Gastroenterology,Minor,Evening,Saturday
1612,378-01-8926,Female,Declined to Identify,47,2024-10-28,01:41:00,19,False,Gastroenterology,Middle-aged,Night,Monday
1613,722-44-1826,Female,Declined to Identify,4,2023-11-26,15:03:00,57,False,Gastroenterology,Minor,Evening,Sunday
1614,711-53-0902,Female,Declined to Identify,14,2024-07-23,04:54:00,36,False,Gastroenterology,Minor,Night,Tuesday
1615,271-50-1988,Female,Declined to Identify,65,2024-12-09,13:20:00,11,False,Gastroenterology,Senior,Day,Monday
1616,620-37-6376,Female,Declined to Identify,33,2023-02-09,04:21:00,50,False,Gastroenterology,Young Adult,Night,Thursday
1617,199-43-4653,Female,Declined to Identify,78,2024-06-17,23:04:00,32,False,Gastroenterology,Senior,Night,Monday
1618,126-63-0154,Female,Declined to Identify,38,2023-08-26,05:20:00,18,False,General Practice,Adult,Night,Saturday
1619,521-23-1966,Female,Declined to Identify,51,2023-07-18,18:53:00,51,False,General Practice,Middle-aged,Evening,Tuesday
1620,107-06-8299,Female,Declined to Identify,50,2023-05-09,06:36:00,10,False,General Practice,Middle-aged,Night,Tuesday
1621,108-70-2706,Female,Declined to Identify,15,2024-09-14,10:04:00,40,False,General Practice,Minor,Day,Saturday
1622,308-72-6633,Female,Declined to Identify,51,2023-01-07,12:07:00,40,False,General Practice,Middle-aged,Day,Saturday
1623,324-67-2447,Female,Declined to Identify,8,2024-08-24,16:01:00,41,False,General Practice,Minor,Evening,Saturday
1624,409-71-7005,Female,Declined to Identify,18,2024-09-15,07:06:00,56,False,General Practice,Minor,Day,Sunday
1625,669-90-6148,Female,Declined to Identify,63,2024-04-27,11:49:00,60,False,General Practice,Older Adult,Day,Saturday
1626,778-57-1512,Female,Declined to Identify,3,2024-06-19,02:14:00,40,False,General Practice,Minor,Night,Wednesday
1627,406-76-0752,Female,Declined to Identify,64,2024-04-29,04:41:00,53,False,General Practice,Older Adult,Night,Monday
1628,833-30-3540,Female,Declined to Identify,66,2023-06-26,05:23:00,43,False,General Practice,Senior,Night,Monday
1629,802-23-8575,Female,Declined to Identify,66,2024-04-17,04:16:00,36,False,General Practice,Senior,Night,Wednesday
1630,683-70-1477,Female,Declined to Identify,51,2023-11-04,13:49:00,53,False,General Practice,Middle-aged,Day,Saturday
1631,197-94-1715,Female,Declined to Identify,26,2024-04-27,20:13:00,60,False,General Practice,Young Adult,Evening,Saturday
1632,214-90-2105,Female,Declined to Identify,46,2024-05-27,06:04:00,17,False,General Practice,Middle-aged,Night,Monday
1633,403-64-1560,Female,Declined to Identify,26,2023-08-29,14:05:00,18,False,General Practice,Young Adult,Day,Tuesday
1634,566-34-5549,Female,Declined to Identify,51,2023-10-28,19:52:00,55,False,General Practice,Middle-aged,Evening,Saturday
1635,822-72-9742,Female,Declined to Identify,61,2023-05-23,05:36:00,21,False,General Practice,Older Adult,Night,Tuesday
1636,168-12-2195,Female,Declined to Identify,48,2024-01-02,06:31:00,25,False,General Practice,Middle-aged,Night,Tuesday
1637,236-05-7260,Female,Declined to Identify,9,2024-08-10,00:30:00,49,False,General Practice,Minor,Night,Saturday
1638,605-22-9708,Female,Declined to Identify,1,2024-05-05,14:12:00,35,False,General Practice,Minor,Day,Sunday
1639,506-11-6490,Female,Declined to Identify,39,2024-06-18,00:00:00,49,False,General Practice,Adult,Night,Tuesday
1640,827-24-1321,Female,Declined to Identify,67,2023-11-23,05:50:00,33,False,General Practice,Senior,Night,Thursday
1641,424-53-4633,Female,Declined to Identify,46,2024-05-24,00:43:00,34,False,General Practice,Middle-aged,Night,Friday
1642,532-03-7351,Female,Declined to Identify,50,2023-10-31,11:37:00,14,False,General Practice,Middle-aged,Day,Tuesday
1643,111-47-3660,Female,Declined to Identify,63,2024-12-08,18:52:00,26,False,General Practice,Older Adult,Evening,Sunday
1644,860-83-7481,Female,Declined to Identify,60,2024-01-26,06:13:00,51,False,General Practice,Older Adult,Night,Friday
1645,483-31-5667,Female,Declined to Identify,72,2024-04-22,23:23:00,16,False,General Practice,Senior,Night,Monday
1646,293-98-5213,Female,Declined to Identify,73,2024-03-21,08:17:00,21,False,General Practice,Senior,Day,Thursday
1647,609-06-0462,Female,Declined to Identify,61,2024-09-21,19:49:00,21,False,General Practice,Older Adult,Evening,Saturday
1648,198-75-4129,Female,Declined to Identify,52,2024-04-02,00:45:00,52,False,General Practice,Middle-aged,Night,Tuesday
1649,102-60-4609,Female,Declined to Identify,52,2024-01-17,11:35:00,60,False,General Practice,Middle-aged,Day,Wednesday
1650,528-41-4373,Female,Declined to Identify,51,2024-05-01,09:12:00,16,False,General Practice,Middle-aged,Day,Wednesday
1651,431-96-7393,Female,Declined to Identify,38,2024-10-05,10:47:00,59,False,General Practice,Adult,Day,Saturday
1652,394-41-1822,Female,Declined to Identify,30,2024-07-20,00:12:00,14,False,General Practice,Young Adult,Night,Saturday
1653,465-37-0015,Female,Declined to Identify,57,2023-11-05,08:01:00,15,False,General Practice,Older Adult,Day,Sunday
1654,459-55-5731,Female,Declined to Identify,11,2023-09-18,00:31:00,40,False,General Practice,Minor,Night,Monday
1655,888-27-0270,Female,Declined to Identify,55,2023-09-22,03:30:00,27,False,General Practice,Older Adult,Night,Friday
1656,491-26-4841,Female,Declined to Identify,24,2024-08-31,16:03:00,53,False,General Practice,Young Adult,Evening,Saturday
1657,109-15-0945,Female,Declined to Identify,63,2024-01-13,21:44:00,13,False,General Practice,Older Adult,Evening,Saturday
1658,102-93-0960,Female,Declined to Identify,47,2024-04-28,01:23:00,35,False,General Practice,Middle-aged,Night,Sunday
1659,736-33-9095,Female,Declined to Identify,28,2023-09-20,09:48:00,25,False,General Practice,Young Adult,Day,Wednesday
1660,389-53-1872,Female,Declined to Identify,68,2024-05-09,17:26:00,38,False,General Practice,Senior,Evening,Thursday
1661,535-23-2938,Female,Declined to Identify,75,2024-10-08,07:40:00,59,False,General Practice,Senior,Day,Tuesday
1662,828-32-9719,Female,Declined to Identify,2,2024-07-17,10:32:00,17,False,General Practice,Minor,Day,Wednesday
1663,270-31-5063,Female,Declined to Identify,61,2023-05-23,04:39:00,59,False,General Practice,Older Adult,Night,Tuesday
1664,707-07-4757,Female,Declined to Identify,11,2023-07-04,03:56:00,15,False,Neurology,Minor,Night,Tuesday
1665,875-16-4799,Female,Declined to Identify,73,2023-12-08,17:53:00,16,False,Neurology,Senior,Evening,Friday
1666,617-05-4834,Female,Declined to Identify,16,2024-01-29,18:22:00,30,False,Neurology,Minor,Evening,Monday
1667,734-07-6364,Female,Declined to Identify,16,2023-04-26,07:01:00,38,False,Neurology,Minor,Day,Wednesday
1668,592-60-7210,Female,Declined to Identify,29,2024-08-24,02:24:00,32,False,Neurology,Young Adult,Night,Saturday
1669,414-85-6039,Female,Declined to Identify,30,2024-04-22,10:53:00,48,False,Neurology,Young Adult,Day,Monday
1670,381-26-1729,Female,Declined to Identify,25,2024-03-04,13:19:00,52,False,Neurology,Young Adult,Day,Monday
1671,879-45-1427,Female,Declined to Identify,35,2023-11-20,01:50:00,13,False,No referral.,Adult,Night,Monday
1672,271-06-3676,Female,Declined to Identify,32,2024-11-05,09:28:00,18,False,No referral.,Young Adult,Day,Tuesday
1673,853-23-2745,Female,Declined to Identify,47,2023-02-06,16:08:00,23,False,No referral.,Middle-aged,Evening,Monday
1674,688-36-6207,Female,Declined to Identify,23,2023-05-05,05:48:00,30,False,No referral.,Young Adult,Night,Friday
1675,405-16-6690,Female,Declined to Identify,21,2024-01-04,03:36:00,40,False,No referral.,Young Adult,Night,Thursday
1676,754-26-1685,Female,Declined to Identify,45,2023-11-05,18:00:00,57,False,No referral.,Middle-aged,Evening,Sunday
1677,657-55-2240,Female,Declined to Identify,65,2024-08-26,03:20:00,20,False,No referral.,Senior,Night,Monday
1678,238-32-7536,Female,Declined to Identify,57,2024-01-30,19:17:00,23,False,No referral.,Older Adult,Evening,Tuesday
1679,137-38-3833,Female,Declined to Identify,6,2023-07-14,17:24:00,35,False,No referral.,Minor,Evening,Friday
1680,150-61-5269,Female,Declined to Identify,41,2024-01-31,01:25:00,46,False,No referral.,Adult,Night,Wednesday
1681,696-37-8120,Female,Declined to Identify,74,2023-05-19,10:24:00,53,False,No referral.,Senior,Day,Friday
1682,123-91-6253,Female,Declined to Identify,57,2024-07-17,00:56:00,26,False,No referral.,Older Adult,Night,Wednesday
1683,836-11-8759,Female,Declined to Identify,32,2023-12-13,07:25:00,27,False,No referral.,Young Adult,Day,Wednesday
1684,345-53-1572,Female,Declined to Identify,24,2024-02-08,02:14:00,34,False,No referral.,Young Adult,Night,Thursday
1685,173-60-7745,Female,Declined to Identify,21,2024-04-29,19:35:00,36,False,No referral.,Young Adult,Evening,Monday
1686,879-42-2067,Female,Declined to Identify,45,2024-03-13,09:42:00,26,False,No referral.,Middle-aged,Day,Wednesday
1687,287-36-4022,Female,Declined to Identify,12,2024-01-15,04:48:00,43,False,No referral.,Minor,Night,Monday
1688,115-73-0605,Female,Declined to Identify,28,2023-08-14,19:00:00,57,False,No referral.,Young Adult,Evening,Monday
1689,158-48-9575,Female,Declined to Identify,8,2023-10-21,02:04:00,58,False,No referral.,Minor,Night,Saturday
1690,237-06-2675,Female,Declined to Identify,75,2024-09-14,07:33:00,44,False,No referral.,Senior,Day,Saturday
1691,156-47-1692,Female,Declined to Identify,33,2024-05-04,07:12:00,47,False,No referral.,Young Adult,Day,Saturday
1692,146-06-4600,Female,Declined to Identify,31,2023-03-06,02:15:00,52,False,No referral.,Young Adult,Night,Monday
1693,299-82-6754,Female,Declined to Identify,9,2024-04-01,06:34:00,30,False,No referral.,Minor,Night,Monday
1694,899-54-0115,Female,Declined to Identify,43,2024-08-30,07:11:00,43,False,No referral.,Adult,Day,Friday
1695,625-44-0923,Female,Declined to Identify,41,2023-09-10,08:21:00,48,False,No referral.,Adult,Day,Sunday
1696,581-87-1825,Female,Declined to Identify,52,2024-06-19,15:26:00,55,False,No referral.,Middle-aged,Evening,Wednesday
1697,886-97-8272,Female,Declined to Identify,67,2024-01-23,10:05:00,15,False,No referral.,Senior,Day,Tuesday
1698,267-79-9141,Female,Declined to Identify,57,2023-07-30,09:45:00,31,False,No referral.,Older Adult,Day,Sunday
1699,466-85-7293,Female,Declined to Identify,68,2024-04-24,21:45:00,47,False,No referral.,Senior,Evening,Wednesday
1700,546-81-6118,Female,Declined to Identify,39,2024-04-19,02:23:00,14,False,No referral.,Adult,Night,Friday
1701,130-75-0192,Female,Declined to Identify,2,2023-06-25,14:23:00,25,False,No referral.,Minor,Day,Sunday
1702,607-83-7802,Female,Declined to Identify,26,2024-03-05,22:56:00,42,False,No referral.,Young Adult,Evening,Tuesday
1703,727-69-3613,Female,Declined to Identify,76,2023-06-11,01:52:00,50,False,No referral.,Senior,Night,Sunday
1704,696-09-2882,Female,Declined to Identify,64,2024-12-05,18:27:00,58,False,No referral.,Older Adult,Evening,Thursday
1705,136-49-5712,Female,Declined to Identify,22,2024-09-02,02:23:00,22,False,No referral.,Young Adult,Night,Monday
1706,562-49-3994,Female,Declined to Identify,32,2024-09-20,20:50:00,23,False,No referral.,Young Adult,Evening,Friday
1707,877-36-1240,Female,Declined to Identify,4,2024-04-20,22:42:00,45,False,No referral.,Minor,Evening,Saturday
1708,132-29-2684,Female,Declined to Identify,8,2024-03-22,20:17:00,48,False,No referral.,Minor,Evening,Friday
1709,627-82-2159,Female,Declined to Identify,15,2024-02-28,02:27:00,54,False,No referral.,Minor,Night,Wednesday
1710,388-76-9438,Female,Declined to Identify,4,2024-07-03,14:42:00,56,False,No referral.,Minor,Day,Wednesday
1711,344-83-4015,Female,Declined to Identify,2,2023-02-09,07:15:00,27,False,No referral.,Minor,Day,Thursday
1712,864-76-8775,Female,Declined to Identify,37,2023-06-26,04:35:00,32,False,No referral.,Adult,Night,Monday
1713,698-75-1885,Female,Declined to Identify,76,2023-07-25,04:15:00,53,False,No referral.,Senior,Night,Tuesday
1714,596-83-3465,Female,Declined to Identify,77,2024-10-03,19:34:00,34,False,No referral.,Senior,Evening,Thursday
1715,883-95-6206,Female,Declined to Identify,54,2024-03-05,08:42:00,42,False,No referral.,Middle-aged,Day,Tuesday
1716,279-68-0582,Female,Declined to Identify,28,2024-06-04,19:52:00,57,False,No referral.,Young Adult,Evening,Tuesday
1717,814-79-4525,Female,Declined to Identify,41,2024-09-07,17:51:00,36,False,No referral.,Adult,Evening,Saturday
1718,777-40-5097,Female,Declined to Identify,40,2024-05-19,12:09:00,49,False,No referral.,Adult,Day,Sunday
1719,157-86-4961,Female,Declined to Identify,19,2024-08-13,16:18:00,27,False,No referral.,Minor,Evening,Tuesday
1720,580-36-1803,Female,Declined to Identify,3,2023-07-18,13:08:00,33,False,No referral.,Minor,Day,Tuesday
1721,422-91-7695,Female,Declined to Identify,25,2024-04-21,17:17:00,36,False,No referral.,Young Adult,Evening,Sunday
1722,562-43-5030,Female,Declined to Identify,5,2024-07-21,01:56:00,38,False,No referral.,Minor,Night,Sunday
1723,289-52-5345,Female,Declined to Identify,23,2024-09-07,09:10:00,43,False,No referral.,Young Adult,Day,Saturday
1724,458-83-6410,Female,Declined to Identify,10,2024-10-03,13:21:00,35,False,No referral.,Minor,Day,Thursday
1725,422-40-6058,Female,Declined to Identify,38,2024-11-04,06:43:00,19,False,No referral.,Adult,Night,Monday
1726,595-35-5840,Female,Declined to Identify,26,2023-09-24,18:52:00,27,False,No referral.,Young Adult,Evening,Sunday
1727,585-53-3267,Female,Declined to Identify,5,2024-09-19,23:50:00,31,False,No referral.,Minor,Night,Thursday
1728,227-96-1846,Female,Declined to Identify,49,2024-02-21,15:36:00,34,False,No referral.,Middle-aged,Evening,Wednesday
1729,707-84-6922,Female,Declined to Identify,7,2023-07-11,09:07:00,42,False,No referral.,Minor,Day,Tuesday
1730,181-11-9701,Female,Declined to Identify,79,2023-07-22,00:04:00,44,False,No referral.,Senior,Night,Saturday
1731,427-21-9330,Female,Declined to Identify,71,2023-10-05,09:31:00,46,False,No referral.,Senior,Day,Thursday
1732,194-12-1935,Female,Declined to Identify,48,2024-10-30,05:23:00,47,False,No referral.,Middle-aged,Night,Wednesday
1733,467-31-2192,Female,Declined to Identify,58,2024-07-07,17:16:00,16,False,No referral.,Older Adult,Evening,Sunday
1734,226-06-4231,Female,Declined to Identify,26,2023-10-08,01:05:00,31,False,No referral.,Young Adult,Night,Sunday
1735,277-71-3106,Female,Declined to Identify,6,2023-09-26,19:34:00,32,False,No referral.,Minor,Evening,Tuesday
1736,789-64-5001,Female,Declined to Identify,16,2024-07-08,11:35:00,47,False,No referral.,Minor,Day,Monday
1737,345-64-5043,Female,Declined to Identify,45,2024-04-30,16:22:00,56,False,No referral.,Middle-aged,Evening,Tuesday
1738,563-25-3708,Female,Declined to Identify,50,2023-09-05,05:34:00,14,False,No referral.,Middle-aged,Night,Tuesday
1739,698-41-1781,Female,Declined to Identify,35,2024-05-15,22:12:00,38,False,No referral.,Adult,Evening,Wednesday
1740,156-56-1378,Female,Declined to Identify,54,2024-07-17,13:42:00,56,False,No referral.,Middle-aged,Day,Wednesday
1741,878-75-0356,Female,Declined to Identify,49,2024-12-05,06:14:00,59,False,No referral.,Middle-aged,Night,Thursday
1742,716-73-0115,Female,Declined to Identify,32,2023-11-07,00:02:00,29,False,No referral.,Young Adult,Night,Tuesday
1743,123-43-4428,Female,Declined to Identify,69,2024-09-13,14:47:00,33,False,No referral.,Senior,Day,Friday
1744,576-10-7587,Female,Declined to Identify,56,2023-07-18,09:14:00,51,False,No referral.,Older Adult,Day,Tuesday
1745,706-06-5485,Female,Declined to Identify,48,2023-03-05,22:00:00,53,False,No referral.,Middle-aged,Evening,Sunday
1746,495-98-0302,Female,Declined to Identify,62,2024-06-24,17:13:00,48,False,No referral.,Older Adult,Evening,Monday
1747,656-96-8620,Female,Declined to Identify,18,2023-08-22,03:53:00,10,False,No referral.,Minor,Night,Tuesday
1748,468-99-2447,Female,Declined to Identify,66,2024-03-08,01:33:00,11,False,No referral.,Senior,Night,Friday
1749,567-46-9140,Female,Declined to Identify,39,2023-09-08,05:41:00,23,False,No referral.,Adult,Night,Friday
1750,811-37-2655,Female,Declined to Identify,2,2024-08-16,16:29:00,33,False,No referral.,Minor,Evening,Friday
1751,197-38-3949,Female,Declined to Identify,6,2024-10-13,00:58:00,38,False,No referral.,Minor,Night,Sunday
1752,624-34-1229,Female,Declined to Identify,50,2024-12-09,18:25:00,41,False,No referral.,Middle-aged,Evening,Monday
1753,292-42-3785,Female,Declined to Identify,8,2023-06-24,11:41:00,42,False,No referral.,Minor,Day,Saturday
1754,686-65-2784,Female,Declined to Identify,25,2024-02-05,13:04:00,42,False,No referral.,Young Adult,Day,Monday
1755,691-55-9602,Female,Declined to Identify,34,2024-02-03,23:23:00,48,False,No referral.,Young Adult,Night,Saturday
1756,659-83-0379,Female,Declined to Identify,67,2024-10-25,15:32:00,11,False,No referral.,Senior,Evening,Friday
1757,246-70-9180,Female,Declined to Identify,74,2024-08-03,07:47:00,16,False,No referral.,Senior,Day,Saturday
1758,800-71-0609,Female,Declined to Identify,1,2024-09-09,00:57:00,17,False,No referral.,Minor,Night,Monday
1759,142-71-5420,Female,Declined to Identify,69,2024-05-18,06:26:00,17,False,No referral.,Senior,Night,Saturday
1760,443-42-3313,Female,Declined to Identify,77,2023-05-24,07:25:00,20,False,No referral.,Senior,Day,Wednesday
1761,797-71-8189,Female,Declined to Identify,55,2024-01-20,13:37:00,29,False,No referral.,Older Adult,Day,Saturday
1762,769-41-8217,Female,Declined to Identify,55,2024-10-19,02:18:00,58,False,No referral.,Older Adult,Night,Saturday
1763,282-74-9638,Female,Declined to Identify,73,2024-08-17,12:21:00,37,False,No referral.,Senior,Day,Saturday
1764,450-86-4624,Female,Declined to Identify,26,2024-03-25,06:07:00,39,False,No referral.,Young Adult,Night,Monday
1765,878-80-5617,Female,Declined to Identify,35,2023-08-06,15:57:00,53,False,No referral.,Adult,Evening,Sunday
1766,727-39-2144,Female,Declined to Identify,5,2024-08-18,06:47:00,24,False,No referral.,Minor,Night,Sunday
1767,429-56-5566,Female,Declined to Identify,70,2024-08-19,01:20:00,27,False,No referral.,Senior,Night,Monday
1768,589-31-7830,Female,Declined to Identify,69,2024-05-04,16:36:00,32,False,No referral.,Senior,Evening,Saturday
1769,895-22-2501,Female,Declined to Identify,20,2024-08-21,15:06:00,41,False,No referral.,Young Adult,Evening,Wednesday
1770,414-62-2209,Female,Declined to Identify,17,2024-04-25,14:02:00,21,False,No referral.,Minor,Day,Thursday
1771,100-74-5636,Female,Declined to Identify,47,2024-08-13,06:07:00,25,False,No referral.,Middle-aged,Night,Tuesday
1772,407-03-6416,Female,Declined to Identify,66,2023-10-22,00:33:00,56,False,No referral.,Senior,Night,Sunday
1773,108-82-5384,Female,Declined to Identify,79,2024-09-23,18:25:00,56,False,No referral.,Senior,Evening,Monday
1774,744-41-8368,Female,Declined to Identify,46,2024-02-23,18:53:00,51,False,No referral.,Middle-aged,Evening,Friday
1775,891-38-4475,Female,Declined to Identify,77,2023-01-11,08:04:00,10,False,No referral.,Senior,Day,Wednesday
1776,771-06-1894,Female,Declined to Identify,39,2023-10-25,18:31:00,20,False,No referral.,Adult,Evening,Wednesday
1777,745-50-8958,Female,Declined to Identify,53,2024-10-03,13:51:00,42,False,No referral.,Middle-aged,Day,Thursday
1778,217-91-6642,Female,Declined to Identify,48,2024-12-07,19:33:00,42,False,No referral.,Middle-aged,Evening,Saturday
1779,625-87-2048,Female,Declined to Identify,52,2024-10-16,06:23:00,20,False,No referral.,Middle-aged,Night,Wednesday
1780,432-30-2709,Female,Declined to Identify,69,2023-08-18,09:39:00,41,False,No referral.,Senior,Day,Friday
1781,199-31-7512,Female,Declined to Identify,15,2024-05-30,23:51:00,15,False,No referral.,Minor,Night,Thursday
1782,553-38-9596,Female,Declined to Identify,27,2024-03-23,09:45:00,18,False,No referral.,Young Adult,Day,Saturday
1783,272-79-6573,Female,Declined to Identify,38,2024-09-27,12:50:00,19,False,No referral.,Adult,Day,Friday
1784,734-87-7467,Female,Declined to Identify,19,2023-09-25,06:59:00,56,False,No referral.,Minor,Night,Monday
1785,754-18-8812,Female,Declined to Identify,22,2024-08-20,10:31:00,31,False,No referral.,Young Adult,Day,Tuesday
1786,427-84-2175,Female,Declined to Identify,10,2024-06-16,00:33:00,41,False,No referral.,Minor,Night,Sunday
1787,183-30-4656,Female,Declined to Identify,35,2024-12-10,23:20:00,52,False,No referral.,Adult,Night,Tuesday
1788,678-92-7542,Female,Declined to Identify,79,2023-06-17,02:55:00,27,False,No referral.,Senior,Night,Saturday
1789,163-38-0459,Female,Declined to Identify,28,2023-07-19,15:50:00,48,False,No referral.,Young Adult,Evening,Wednesday
1790,809-12-5668,Female,Declined to Identify,13,2024-03-21,17:13:00,17,False,No referral.,Minor,Evening,Thursday
1791,337-26-9688,Female,Declined to Identify,6,2024-03-20,05:57:00,35,False,No referral.,Minor,Night,Wednesday
1792,594-82-3015,Female,Declined to Identify,63,2024-01-17,10:47:00,27,False,No referral.,Older Adult,Day,Wednesday
1793,787-80-4731,Female,Declined to Identify,4,2024-06-04,18:25:00,42,False,No referral.,Minor,Evening,Tuesday
1794,639-84-8500,Female,Declined to Identify,1,2024-04-05,19:51:00,46,False,No referral.,Minor,Evening,Friday
1795,243-48-7191,Female,Declined to Identify,73,2023-06-18,23:07:00,27,False,No referral.,Senior,Night,Sunday
1796,294-98-4120,Female,Declined to Identify,28,2024-12-09,08:51:00,43,False,No referral.,Young Adult,Day,Monday
1797,221-94-0515,Female,Declined to Identify,79,2024-01-24,22:57:00,49,False,No referral.,Senior,Evening,Wednesday
1798,376-35-2661,Female,Declined to Identify,67,2023-05-29,19:41:00,16,False,No referral.,Senior,Evening,Monday
1799,161-03-2325,Female,Declined to Identify,26,2023-01-04,13:31:00,44,False,No referral.,Young Adult,Day,Wednesday
1800,154-20-3673,Female,Declined to Identify,38,2024-07-02,16:02:00,23,False,No referral.,Adult,Evening,Tuesday
1801,496-34-7420,Female,Declined to Identify,49,2023-07-30,21:12:00,36,False,No referral.,Middle-aged,Evening,Sunday
1802,184-24-9099,Female,Declined to Identify,62,2024-08-28,03:39:00,57,False,No referral.,Older Adult,Night,Wednesday
1803,789-21-6607,Female,Declined to Identify,13,2024-08-05,15:53:00,18,False,No referral.,Minor,Evening,Monday
1804,281-43-0611,Female,Declined to Identify,48,2023-04-27,14:35:00,21,False,No referral.,Middle-aged,Day,Thursday
1805,664-85-2224,Female,Declined to Identify,5,2024-01-13,01:28:00,30,False,Orthopedics,Minor,Night,Saturday
1806,413-42-2249,Female,Declined to Identify,1,2023-08-04,17:06:00,50,False,Orthopedics,Minor,Evening,Friday
1807,785-37-4017,Female,Declined to Identify,31,2024-01-21,15:53:00,22,False,Orthopedics,Young Adult,Evening,Sunday
1808,204-57-1964,Female,Declined to Identify,52,2023-06-05,13:25:00,11,False,Orthopedics,Middle-aged,Day,Monday
1809,286-31-5737,Female,Declined to Identify,34,2024-06-04,10:22:00,50,False,Orthopedics,Young Adult,Day,Tuesday
1810,398-76-7789,Female,Declined to Identify,50,2024-02-08,00:06:00,26,False,Orthopedics,Middle-aged,Night,Thursday
1811,848-11-1990,Female,Declined to Identify,27,2023-03-10,12:48:00,25,False,Orthopedics,Young Adult,Day,Friday
1812,347-50-6945,Female,Declined to Identify,56,2023-08-26,14:41:00,13,False,Orthopedics,Older Adult,Day,Saturday
1813,757-22-3933,Female,Declined to Identify,22,2024-01-18,11:38:00,25,False,Orthopedics,Young Adult,Day,Thursday
1814,754-84-7965,Female,Declined to Identify,5,2023-08-21,23:16:00,33,False,Orthopedics,Minor,Night,Monday
1815,656-57-4812,Female,Declined to Identify,74,2024-07-29,13:55:00,49,False,Orthopedics,Senior,Day,Monday
1816,143-15-8333,Female,Declined to Identify,12,2023-01-12,03:11:00,35,False,Orthopedics,Minor,Night,Thursday
1817,480-22-9841,Female,Declined to Identify,37,2024-09-23,18:59:00,59,False,Orthopedics,Adult,Evening,Monday
1818,763-35-7575,Female,Declined to Identify,78,2024-07-16,02:15:00,51,False,Orthopedics,Senior,Night,Tuesday
1819,570-93-0122,Female,Declined to Identify,43,2023-01-04,22:29:00,47,False,Orthopedics,Adult,Evening,Wednesday
1820,727-48-0641,Female,Declined to Identify,41,2023-08-06,20:33:00,35,False,Orthopedics,Adult,Evening,Sunday
1821,605-02-4485,Female,Declined to Identify,38,2024-06-09,10:01:00,21,False,Orthopedics,Adult,Day,Sunday
1822,521-01-3986,Female,Declined to Identify,12,2024-03-06,04:29:00,57,False,Orthopedics,Minor,Night,Wednesday
1823,636-37-2797,Female,Declined to Identify,16,2024-10-10,11:44:00,14,False,Physiotherapy,Minor,Day,Thursday
1824,409-49-9794,Female,Declined to Identify,26,2024-06-17,23:44:00,17,False,Physiotherapy,Young Adult,Night,Monday
1825,426-46-7370,Female,Declined to Identify,62,2023-10-28,06:51:00,23,False,Physiotherapy,Older Adult,Night,Saturday
1826,107-37-1769,Female,Declined to Identify,66,2024-04-09,06:07:00,40,False,Physiotherapy,Senior,Night,Tuesday
1827,642-24-9833,Female,Declined to Identify,4,2024-04-24,11:25:00,22,False,Physiotherapy,Minor,Day,Wednesday
1828,557-22-1939,Female,Declined to Identify,7,2024-05-10,19:15:00,37,False,Physiotherapy,Minor,Evening,Friday
1829,810-50-5131,Female,Declined to Identify,56,2023-09-16,06:25:00,55,False,Physiotherapy,Older Adult,Night,Saturday
1830,340-53-3945,Female,Declined to Identify,53,2024-04-23,03:51:00,20,False,Physiotherapy,Middle-aged,Night,Tuesday
1831,217-67-7835,Female,Declined to Identify,57,2024-02-05,00:11:00,28,False,Physiotherapy,Older Adult,Night,Monday
1832,630-50-3515,Female,Declined to Identify,48,2023-09-04,01:00:00,60,False,Physiotherapy,Middle-aged,Night,Monday
1833,576-53-4816,Female,Declined to Identify,7,2023-09-05,11:08:00,37,False,Physiotherapy,Minor,Day,Tuesday
1834,269-69-8639,Female,Declined to Identify,55,2024-09-19,10:49:00,18,False,Renal,Older Adult,Day,Thursday
1835,699-27-8178,Female,Declined to Identify,34,2024-06-22,06:07:00,50,False,Renal,Young Adult,Night,Saturday
1836,385-35-4502,Female,Native American/Alaska Native,54,2024-10-05,05:46:00,21,False,Cardiology,Middle-aged,Night,Saturday
1837,382-93-4355,Female,Native American/Alaska Native,62,2024-03-15,09:43:00,32,False,Cardiology,Older Adult,Day,Friday
1838,872-24-6667,Female,Native American/Alaska Native,70,2023-04-21,19:43:00,50,False,Cardiology,Senior,Evening,Friday
1839,671-07-3129,Female,Native American/Alaska Native,59,2024-06-17,17:57:00,42,False,Cardiology,Older Adult,Evening,Monday
1840,661-65-1950,Female,Native American/Alaska Native,44,2023-04-15,23:38:00,18,False,Cardiology,Adult,Night,Saturday
1841,515-13-6589,Female,Native American/Alaska Native,6,2024-01-28,17:04:00,22,False,Gastroenterology,Minor,Evening,Sunday
1842,238-90-8285,Female,Native American/Alaska Native,39,2024-01-08,20:05:00,15,False,Gastroenterology,Adult,Evening,Monday
1843,416-07-7616,Female,Native American/Alaska Native,51,2024-03-24,20:22:00,44,False,Gastroenterology,Middle-aged,Evening,Sunday
1844,264-67-9050,Female,Native American/Alaska Native,58,2023-08-28,18:12:00,42,False,Gastroenterology,Older Adult,Evening,Monday
1845,586-64-8784,Female,Native American/Alaska Native,56,2023-10-29,12:50:00,60,False,Gastroenterology,Older Adult,Day,Sunday
1846,223-51-4016,Female,Native American/Alaska Native,24,2024-05-01,18:28:00,27,False,Gastroenterology,Young Adult,Evening,Wednesday
1847,343-81-3023,Female,Native American/Alaska Native,51,2024-04-27,08:20:00,57,False,General Practice,Middle-aged,Day,Saturday
1848,604-08-4200,Female,Native American/Alaska Native,2,2023-10-12,07:19:00,20,False,General Practice,Minor,Day,Thursday
1849,241-88-5414,Female,Native American/Alaska Native,20,2023-05-30,06:57:00,16,False,General Practice,Young Adult,Night,Tuesday
1850,154-02-3266,Female,Native American/Alaska Native,64,2024-01-19,22:49:00,47,False,General Practice,Older Adult,Evening,Friday
1851,716-21-5059,Female,Native American/Alaska Native,42,2023-05-05,00:52:00,11,False,General Practice,Adult,Night,Friday
1852,881-12-0948,Female,Native American/Alaska Native,64,2024-07-22,03:57:00,22,False,General Practice,Older Adult,Night,Monday
1853,818-44-0174,Female,Native American/Alaska Native,38,2023-11-15,20:35:00,25,False,General Practice,Adult,Evening,Wednesday
1854,596-30-2000,Female,Native American/Alaska Native,17,2023-10-31,11:04:00,40,False,General Practice,Minor,Day,Tuesday
1855,550-87-6540,Female,Native American/Alaska Native,12,2023-09-22,19:42:00,53,False,General Practice,Minor,Evening,Friday
1856,729-96-4169,Female,Native American/Alaska Native,9,2024-09-29,02:35:00,51,False,General Practice,Minor,Night,Sunday
1857,415-42-6730,Female,Native American/Alaska Native,12,2024-10-19,16:42:00,26,False,General Practice,Minor,Evening,Saturday
1858,773-78-9065,Female,Native American/Alaska Native,18,2024-04-22,19:35:00,12,False,General Practice,Minor,Evening,Monday
1859,201-24-7259,Female,Native American/Alaska Native,70,2023-02-10,22:45:00,25,False,General Practice,Senior,Evening,Friday
1860,688-37-3649,Female,Native American/Alaska Native,6,2024-10-23,15:45:00,27,False,General Practice,Minor,Evening,Wednesday
1861,567-43-8959,Female,Native American/Alaska Native,18,2023-05-30,08:38:00,48,False,General Practice,Minor,Day,Tuesday
1862,753-46-2250,Female,Native American/Alaska Native,38,2024-05-26,07:43:00,44,False,General Practice,Adult,Day,Sunday
1863,765-73-7914,Female,Native American/Alaska Native,68,2023-04-18,06:26:00,49,False,General Practice,Senior,Night,Tuesday
1864,762-53-4550,Female,Native American/Alaska Native,21,2023-07-16,00:12:00,14,False,General Practice,Young Adult,Night,Sunday
1865,541-67-3152,Female,Native American/Alaska Native,73,2023-08-06,21:29:00,35,False,General Practice,Senior,Evening,Sunday
1866,326-28-5845,Female,Native American/Alaska Native,49,2024-05-29,12:18:00,22,False,General Practice,Middle-aged,Day,Wednesday
1867,791-12-6278,Female,Native American/Alaska Native,35,2024-02-13,13:49:00,33,False,General Practice,Adult,Day,Tuesday
1868,823-23-8979,Female,Native American/Alaska Native,54,2023-09-05,16:20:00,43,False,General Practice,Middle-aged,Evening,Tuesday
1869,208-30-8894,Female,Native American/Alaska Native,59,2024-10-06,02:36:00,43,False,General Practice,Older Adult,Night,Sunday
1870,510-65-2769,Female,Native American/Alaska Native,44,2023-10-30,15:50:00,20,False,General Practice,Adult,Evening,Monday
1871,239-92-6784,Female,Native American/Alaska Native,13,2024-03-18,04:30:00,45,False,General Practice,Minor,Night,Monday
1872,507-76-1618,Female,Native American/Alaska Native,8,2023-10-20,13:53:00,16,False,General Practice,Minor,Day,Friday
1873,186-99-9670,Female,Native American/Alaska Native,21,2023-09-25,00:36:00,43,False,General Practice,Young Adult,Night,Monday
1874,832-05-2705,Female,Native American/Alaska Native,72,2023-06-06,18:32:00,24,False,General Practice,Senior,Evening,Tuesday
1875,862-69-3765,Female,Native American/Alaska Native,17,2023-09-18,13:21:00,10,False,General Practice,Minor,Day,Monday
1876,209-42-5594,Female,Native American/Alaska Native,3,2024-08-03,18:31:00,26,False,General Practice,Minor,Evening,Saturday
1877,270-73-7146,Female,Native American/Alaska Native,25,2024-10-23,11:06:00,31,False,General Practice,Young Adult,Day,Wednesday
1878,440-26-9007,Female,Native American/Alaska Native,22,2024-10-05,02:30:00,43,False,General Practice,Young Adult,Night,Saturday
1879,586-51-5316,Female,Native American/Alaska Native,59,2023-01-12,18:21:00,24,False,Neurology,Older Adult,Evening,Thursday
1880,870-81-1512,Female,Native American/Alaska Native,56,2023-04-30,12:38:00,46,False,Neurology,Older Adult,Day,Sunday
1881,854-90-8395,Female,Native American/Alaska Native,69,2023-12-04,22:55:00,53,False,Neurology,Senior,Evening,Monday
1882,245-53-1118,Female,Native American/Alaska Native,57,2024-06-30,20:24:00,44,False,Neurology,Older Adult,Evening,Sunday
1883,488-25-0630,Female,Native American/Alaska Native,73,2023-07-28,18:20:00,18,False,No referral.,Senior,Evening,Friday
1884,381-04-1367,Female,Native American/Alaska Native,1,2023-12-27,17:48:00,31,False,No referral.,Minor,Evening,Wednesday
1885,589-42-6404,Female,Native American/Alaska Native,42,2023-05-27,00:40:00,44,False,No referral.,Adult,Night,Saturday
1886,483-12-3614,Female,Native American/Alaska Native,55,2024-03-13,05:14:00,47,False,No referral.,Older Adult,Night,Wednesday
1887,388-92-5029,Female,Native American/Alaska Native,15,2023-03-05,00:33:00,49,False,No referral.,Minor,Night,Sunday
1888,394-92-4663,Female,Native American/Alaska Native,39,2023-05-07,14:00:00,19,False,No referral.,Adult,Day,Sunday
1889,678-44-4772,Female,Native American/Alaska Native,27,2023-04-16,15:42:00,32,False,No referral.,Young Adult,Evening,Sunday
1890,563-36-2067,Female,Native American/Alaska Native,33,2024-02-23,20:52:00,37,False,No referral.,Young Adult,Evening,Friday
1891,814-22-4537,Female,Native American/Alaska Native,64,2024-10-13,23:48:00,34,False,No referral.,Older Adult,Night,Sunday
1892,724-24-4676,Female,Native American/Alaska Native,8,2023-06-16,11:58:00,16,False,No referral.,Minor,Day,Friday
1893,679-86-0535,Female,Native American/Alaska Native,37,2023-08-24,14:33:00,41,False,No referral.,Adult,Day,Thursday
1894,763-76-2075,Female,Native American/Alaska Native,48,2024-09-16,12:14:00,24,False,No referral.,Middle-aged,Day,Monday
1895,207-42-8643,Female,Native American/Alaska Native,6,2023-12-14,10:50:00,47,False,No referral.,Minor,Day,Thursday
1896,529-13-1674,Female,Native American/Alaska Native,58,2024-10-17,07:58:00,55,False,No referral.,Older Adult,Day,Thursday
1897,646-91-7660,Female,Native American/Alaska Native,21,2024-11-09,12:19:00,57,False,No referral.,Young Adult,Day,Saturday
1898,831-87-6198,Female,Native American/Alaska Native,29,2024-08-01,13:51:00,57,False,No referral.,Young Adult,Day,Thursday
1899,360-43-5383,Female,Native American/Alaska Native,46,2023-10-20,13:22:00,45,False,No referral.,Middle-aged,Day,Friday
1900,738-40-0844,Female,Native American/Alaska Native,71,2024-08-19,22:20:00,45,False,No referral.,Senior,Evening,Monday
1901,394-14-4149,Female,Native American/Alaska Native,33,2024-12-08,17:09:00,46,False,No referral.,Young Adult,Evening,Sunday
1902,404-62-8402,Female,Native American/Alaska Native,44,2023-06-16,10:25:00,21,False,No referral.,Adult,Day,Friday
1903,231-48-2951,Female,Native American/Alaska Native,22,2023-02-12,21:24:00,35,False,No referral.,Young Adult,Evening,Sunday
1904,293-61-2486,Female,Native American/Alaska Native,74,2023-04-10,00:31:00,32,False,No referral.,Senior,Night,Monday
1905,277-77-1790,Female,Native American/Alaska Native,73,2023-12-04,15:18:00,59,False,No referral.,Senior,Evening,Monday
1906,185-06-7426,Female,Native American/Alaska Native,41,2024-06-15,01:52:00,22,False,No referral.,Adult,Night,Saturday
1907,735-24-8199,Female,Native American/Alaska Native,6,2023-10-19,04:05:00,40,False,No referral.,Minor,Night,Thursday
1908,296-24-7025,Female,Native American/Alaska Native,40,2023-08-22,11:12:00,53,False,No referral.,Adult,Day,Tuesday
1909,610-65-5308,Female,Native American/Alaska Native,55,2023-11-29,00:28:00,56,False,No referral.,Older Adult,Night,Wednesday
1910,132-85-8091,Female,Native American/Alaska Native,10,2024-07-29,07:21:00,54,False,No referral.,Minor,Day,Monday
1911,322-47-9764,Female,Native American/Alaska Native,41,2024-02-26,23:18:00,55,False,No referral.,Adult,Night,Monday
1912,237-71-1040,Female,Native American/Alaska Native,61,2024-08-22,17:55:00,15,False,No referral.,Older Adult,Evening,Thursday
1913,864-13-9865,Female,Native American/Alaska Native,52,2024-06-04,03:54:00,36,False,No referral.,Middle-aged,Night,Tuesday
1914,693-16-4853,Female,Native American/Alaska Native,9,2023-09-17,18:22:00,41,False,No referral.,Minor,Evening,Sunday
1915,880-32-4372,Female,Native American/Alaska Native,76,2023-03-09,14:13:00,50,False,No referral.,Senior,Day,Thursday
1916,513-71-9675,Female,Native American/Alaska Native,43,2024-07-13,15:02:00,36,False,No referral.,Adult,Evening,Saturday
1917,535-15-4291,Female,Native American/Alaska Native,15,2024-12-10,20:42:00,48,False,No referral.,Minor,Evening,Tuesday
1918,659-18-3600,Female,Native American/Alaska Native,40,2024-05-16,16:37:00,52,False,No referral.,Adult,Evening,Thursday
1919,695-66-1991,Female,Native American/Alaska Native,49,2024-03-16,05:47:00,52,False,No referral.,Middle-aged,Night,Saturday
1920,437-45-4896,Female,Native American/Alaska Native,56,2024-05-10,17:57:00,15,False,No referral.,Older Adult,Evening,Friday
1921,330-31-6300,Female,Native American/Alaska Native,7,2023-06-15,03:59:00,29,False,No referral.,Minor,Night,Thursday
1922,586-89-1969,Female,Native American/Alaska Native,75,2024-11-09,08:22:00,53,False,No referral.,Senior,Day,Saturday
1923,806-40-3954,Female,Native American/Alaska Native,35,2023-03-12,10:09:00,60,False,No referral.,Adult,Day,Sunday
1924,701-34-7176,Female,Native American/Alaska Native,57,2024-12-02,01:34:00,11,False,No referral.,Older Adult,Night,Monday
1925,738-79-3665,Female,Native American/Alaska Native,68,2023-05-06,14:18:00,23,False,No referral.,Senior,Day,Saturday
1926,731-56-8237,Female,Native American/Alaska Native,20,2024-02-10,20:29:00,28,False,No referral.,Young Adult,Evening,Saturday
1927,330-18-1664,Female,Native American/Alaska Native,2,2024-05-05,17:05:00,48,False,No referral.,Minor,Evening,Sunday
1928,387-19-7057,Female,Native American/Alaska Native,49,2024-01-09,12:41:00,48,False,No referral.,Middle-aged,Day,Tuesday
1929,549-82-3245,Female,Native American/Alaska Native,43,2023-03-10,10:29:00,45,False,No referral.,Adult,Day,Friday
1930,736-66-9425,Female,Native American/Alaska Native,64,2023-04-21,23:10:00,29,False,No referral.,Older Adult,Night,Friday
1931,591-36-6992,Female,Native American/Alaska Native,63,2023-08-10,12:29:00,35,False,No referral.,Older Adult,Day,Thursday
1932,717-62-8354,Female,Native American/Alaska Native,12,2023-04-29,09:50:00,39,False,No referral.,Minor,Day,Saturday
1933,898-30-3232,Female,Native American/Alaska Native,33,2024-09-09,10:47:00,42,False,No referral.,Young Adult,Day,Monday
1934,163-66-2295,Female,Native American/Alaska Native,14,2024-04-16,01:24:00,37,False,No referral.,Minor,Night,Tuesday
1935,624-99-6669,Female,Native American/Alaska Native,19,2024-07-09,03:54:00,53,False,No referral.,Minor,Night,Tuesday
1936,199-38-6785,Female,Native American/Alaska Native,19,2023-09-21,13:29:00,53,False,No referral.,Minor,Day,Thursday
1937,761-76-0921,Female,Native American/Alaska Native,27,2023-09-25,06:16:00,50,False,No referral.,Young Adult,Night,Monday
1938,795-36-0038,Female,Native American/Alaska Native,44,2023-12-29,04:17:00,52,False,No referral.,Adult,Night,Friday
1939,645-59-5135,Female,Native American/Alaska Native,22,2024-09-13,01:16:00,28,False,No referral.,Young Adult,Night,Friday
1940,736-70-5924,Female,Native American/Alaska Native,56,2023-11-19,12:15:00,24,False,No referral.,Older Adult,Day,Sunday
1941,888-77-0325,Female,Native American/Alaska Native,55,2023-10-04,01:51:00,18,False,No referral.,Older Adult,Night,Wednesday
1942,172-22-0283,Female,Native American/Alaska Native,75,2024-03-07,02:38:00,14,False,No referral.,Senior,Night,Thursday
1943,773-13-7194,Female,Native American/Alaska Native,21,2023-12-27,18:19:00,18,False,No referral.,Young Adult,Evening,Wednesday
1944,552-43-0912,Female,Native American/Alaska Native,21,2023-06-28,03:40:00,47,False,No referral.,Young Adult,Night,Wednesday
1945,754-82-0930,Female,Native American/Alaska Native,51,2023-10-06,01:39:00,11,False,No referral.,Middle-aged,Night,Friday
1946,663-19-4215,Female,Native American/Alaska Native,10,2023-04-14,19:05:00,22,False,No referral.,Minor,Evening,Friday
1947,825-27-0713,Female,Native American/Alaska Native,59,2024-08-14,05:58:00,35,False,Orthopedics,Older Adult,Night,Wednesday
1948,786-79-1881,Female,Native American/Alaska Native,11,2023-04-28,07:42:00,20,False,Orthopedics,Minor,Day,Friday
1949,389-42-6852,Female,Native American/Alaska Native,4,2023-12-11,02:42:00,34,False,Orthopedics,Minor,Night,Monday
1950,367-49-7229,Female,Native American/Alaska Native,30,2024-03-13,04:45:00,36,False,Orthopedics,Young Adult,Night,Wednesday
1951,651-29-6896,Female,Native American/Alaska Native,60,2024-06-29,03:09:00,58,False,Orthopedics,Older Adult,Night,Saturday
1952,115-96-2596,Female,Native American/Alaska Native,16,2023-04-13,13:49:00,39,False,Orthopedics,Minor,Day,Thursday
1953,500-31-0203,Female,Native American/Alaska Native,23,2024-03-07,14:40:00,11,False,Orthopedics,Young Adult,Day,Thursday
1954,611-71-8999,Female,Native American/Alaska Native,33,2024-01-10,08:56:00,17,False,Orthopedics,Young Adult,Day,Wednesday
1955,728-34-1870,Female,Native American/Alaska Native,13,2024-10-07,02:24:00,30,False,Orthopedics,Minor,Night,Monday
1956,363-26-2671,Female,Native American/Alaska Native,25,2024-03-06,12:16:00,32,False,Orthopedics,Young Adult,Day,Wednesday
1957,204-51-5061,Female,Native American/Alaska Native,64,2024-10-13,02:23:00,50,False,Orthopedics,Older Adult,Night,Sunday
1958,851-08-9115,Female,Native American/Alaska Native,44,2023-06-20,08:06:00,34,False,Orthopedics,Adult,Day,Tuesday
1959,250-44-9023,Female,Native American/Alaska Native,7,2024-01-08,08:55:00,15,False,Orthopedics,Minor,Day,Monday
1960,736-20-4728,Female,Native American/Alaska Native,78,2024-05-04,21:47:00,54,False,Orthopedics,Senior,Evening,Saturday
1961,237-31-2711,Female,Native American/Alaska Native,33,2024-07-09,22:32:00,31,False,Renal,Young Adult,Evening,Tuesday
1962,873-88-5082,Female,Pacific Islander,19,2023-04-17,04:08:00,34,False,Cardiology,Minor,Night,Monday
1963,505-65-9125,Female,Pacific Islander,22,2024-02-18,04:07:00,13,False,Gastroenterology,Young Adult,Night,Sunday
1964,207-75-3168,Female,Pacific Islander,57,2024-10-28,07:03:00,23,False,Gastroenterology,Older Adult,Day,Monday
1965,174-46-8097,Female,Pacific Islander,65,2023-01-06,11:24:00,53,False,Gastroenterology,Senior,Day,Friday
1966,307-17-3983,Female,Pacific Islander,12,2023-09-11,15:33:00,56,False,General Practice,Minor,Evening,Monday
1967,439-26-1988,Female,Pacific Islander,29,2024-03-31,01:03:00,58,False,General Practice,Young Adult,Night,Sunday
1968,770-33-6276,Female,Pacific Islander,13,2024-04-26,19:00:00,59,False,General Practice,Minor,Evening,Friday
1969,757-41-6226,Female,Pacific Islander,78,2023-10-28,16:13:00,53,False,General Practice,Senior,Evening,Saturday
1970,731-68-3692,Female,Pacific Islander,65,2024-04-25,18:15:00,36,False,General Practice,Senior,Evening,Thursday
1971,362-51-7082,Female,Pacific Islander,1,2024-04-01,13:16:00,25,False,General Practice,Minor,Day,Monday
1972,620-83-1871,Female,Pacific Islander,55,2024-06-24,08:14:00,42,False,General Practice,Older Adult,Day,Monday
1973,426-90-9395,Female,Pacific Islander,5,2023-12-30,11:40:00,49,False,General Practice,Minor,Day,Saturday
1974,559-84-3252,Female,Pacific Islander,42,2023-02-09,05:08:00,14,False,General Practice,Adult,Night,Thursday
1975,812-46-2011,Female,Pacific Islander,41,2024-05-26,06:17:00,34,False,General Practice,Adult,Night,Sunday
1976,258-98-8342,Female,Pacific Islander,10,2024-10-26,07:53:00,15,False,General Practice,Minor,Day,Saturday
1977,451-16-3659,Female,Pacific Islander,30,2024-07-03,17:05:00,57,False,General Practice,Young Adult,Evening,Wednesday
1978,464-52-3680,Female,Pacific Islander,66,2024-01-13,08:38:00,44,False,General Practice,Senior,Day,Saturday
1979,873-48-5465,Female,Pacific Islander,3,2023-11-29,19:35:00,43,False,General Practice,Minor,Evening,Wednesday
1980,583-46-6074,Female,Pacific Islander,65,2023-09-21,15:59:00,47,False,General Practice,Senior,Evening,Thursday
1981,473-16-4015,Female,Pacific Islander,5,2024-06-27,21:21:00,33,False,Neurology,Minor,Evening,Thursday
1982,353-64-0549,Female,Pacific Islander,56,2023-12-31,00:55:00,56,False,Neurology,Older Adult,Night,Sunday
1983,721-88-0520,Female,Pacific Islander,56,2024-05-27,03:47:00,28,False,No referral.,Older Adult,Night,Monday
1984,163-06-7174,Female,Pacific Islander,8,2024-03-14,05:07:00,34,False,No referral.,Minor,Night,Thursday
1985,710-59-7802,Female,Pacific Islander,27,2023-10-12,10:55:00,46,False,No referral.,Young Adult,Day,Thursday
1986,649-24-1146,Female,Pacific Islander,48,2024-05-26,15:25:00,54,False,No referral.,Middle-aged,Evening,Sunday
1987,664-68-6335,Female,Pacific Islander,42,2024-08-23,07:57:00,56,False,No referral.,Adult,Day,Friday
1988,684-60-4060,Female,Pacific Islander,59,2024-12-06,15:49:00,21,False,No referral.,Older Adult,Evening,Friday
1989,628-70-4170,Female,Pacific Islander,19,2024-08-31,11:16:00,47,False,No referral.,Minor,Day,Saturday
1990,820-96-9624,Female,Pacific Islander,16,2023-06-30,18:19:00,59,False,No referral.,Minor,Evening,Friday
1991,272-30-8327,Female,Pacific Islander,56,2023-04-25,16:40:00,20,False,No referral.,Older Adult,Evening,Tuesday
1992,282-35-0843,Female,Pacific Islander,69,2024-10-14,12:52:00,25,False,No referral.,Senior,Day,Monday
1993,457-28-8255,Female,Pacific Islander,65,2023-08-05,01:00:00,31,False,No referral.,Senior,Night,Saturday
1994,652-38-9065,Female,Pacific Islander,56,2023-07-24,09:49:00,11,False,No referral.,Older Adult,Day,Monday
1995,698-81-4550,Female,Pacific Islander,41,2023-05-11,09:50:00,21,False,No referral.,Adult,Day,Thursday
1996,641-96-0611,Female,Pacific Islander,22,2024-08-30,06:46:00,25,False,No referral.,Young Adult,Night,Friday
1997,235-51-3074,Female,Pacific Islander,6,2023-05-05,19:46:00,14,False,No referral.,Minor,Evening,Friday
1998,290-27-2255,Female,Pacific Islander,79,2024-06-17,13:23:00,14,False,No referral.,Senior,Day,Monday
1999,246-11-7277,Female,Pacific Islander,2,2023-07-04,23:45:00,44,False,No referral.,Minor,Night,Tuesday
2000,640-24-2305,Female,Pacific Islander,37,2023-05-27,12:56:00,12,False,No referral.,Adult,Day,Saturday
2001,526-02-9534,Female,Pacific Islander,47,2024-07-08,14:57:00,34,False,No referral.,Middle-aged,Day,Monday
2002,708-89-8415,Female,Pacific Islander,33,2024-03-23,19:19:00,15,False,No referral.,Young Adult,Evening,Saturday
2003,263-26-6831,Female,Pacific Islander,60,2023-10-13,15:05:00,35,False,No referral.,Older Adult,Evening,Friday
2004,887-07-3859,Female,Pacific Islander,49,2024-01-31,01:07:00,41,False,No referral.,Middle-aged,Night,Wednesday
2005,613-30-3074,Female,Pacific Islander,47,2024-09-24,16:31:00,51,False,No referral.,Middle-aged,Evening,Tuesday
2006,397-75-3081,Female,Pacific Islander,44,2023-07-19,01:56:00,52,False,No referral.,Adult,Night,Wednesday
2007,532-52-7052,Female,Pacific Islander,25,2023-12-11,08:09:00,32,False,No referral.,Young Adult,Day,Monday
2008,760-48-3541,Female,Pacific Islander,19,2024-04-29,22:08:00,35,False,No referral.,Minor,Evening,Monday
2009,526-22-4659,Female,Pacific Islander,64,2024-08-19,13:41:00,15,False,No referral.,Older Adult,Day,Monday
2010,543-17-9313,Female,Pacific Islander,23,2024-01-08,16:07:00,30,False,No referral.,Young Adult,Evening,Monday
2011,148-59-4378,Female,Pacific Islander,6,2023-08-04,07:24:00,33,False,No referral.,Minor,Day,Friday
2012,693-79-7901,Female,Pacific Islander,16,2024-08-19,12:38:00,28,False,No referral.,Minor,Day,Monday
2013,371-99-9321,Female,Pacific Islander,49,2024-10-04,17:35:00,29,False,No referral.,Middle-aged,Evening,Friday
2014,122-31-6146,Female,Pacific Islander,27,2023-09-07,07:47:00,42,False,No referral.,Young Adult,Day,Thursday
2015,479-37-5258,Female,Pacific Islander,3,2024-05-15,07:56:00,49,False,No referral.,Minor,Day,Wednesday
2016,890-71-5629,Female,Pacific Islander,37,2024-01-10,13:42:00,54,False,No referral.,Adult,Day,Wednesday
2017,221-17-3849,Female,Pacific Islander,18,2023-06-16,23:41:00,14,False,No referral.,Minor,Night,Friday
2018,179-02-0347,Female,Pacific Islander,35,2024-04-09,15:15:00,21,False,No referral.,Adult,Evening,Tuesday
2019,250-32-8345,Female,Pacific Islander,63,2024-03-22,17:46:00,27,False,No referral.,Older Adult,Evening,Friday
2020,318-48-2808,Female,Pacific Islander,16,2023-11-14,17:09:00,57,False,No referral.,Minor,Evening,Tuesday
2021,597-56-8859,Female,Pacific Islander,55,2024-09-25,19:25:00,44,False,No referral.,Older Adult,Evening,Wednesday
2022,155-09-0503,Female,Pacific Islander,62,2023-11-12,21:32:00,58,False,No referral.,Older Adult,Evening,Sunday
2023,222-98-4258,Female,Pacific Islander,37,2024-03-09,01:19:00,29,False,No referral.,Adult,Night,Saturday
2024,234-11-2272,Female,Pacific Islander,71,2023-04-28,22:02:00,44,False,No referral.,Senior,Evening,Friday
2025,424-57-9056,Female,Pacific Islander,73,2023-05-19,07:37:00,58,False,No referral.,Senior,Day,Friday
2026,664-79-4058,Female,Pacific Islander,13,2024-05-01,17:20:00,44,False,No referral.,Minor,Evening,Wednesday
2027,283-30-7634,Female,Pacific Islander,51,2023-07-04,20:30:00,55,False,No referral.,Middle-aged,Evening,Tuesday
2028,489-27-7349,Female,Pacific Islander,27,2023-05-19,02:44:00,25,False,No referral.,Young Adult,Night,Friday
2029,258-25-3910,Female,Pacific Islander,5,2023-06-18,23:15:00,52,False,No referral.,Minor,Night,Sunday
2030,730-47-9716,Female,Pacific Islander,37,2024-05-16,06:31:00,53,False,No referral.,Adult,Night,Thursday
2031,553-11-6120,Female,Pacific Islander,50,2024-02-29,11:36:00,36,False,No referral.,Middle-aged,Day,Thursday
2032,364-91-4564,Female,Pacific Islander,43,2024-03-16,14:56:00,43,False,No referral.,Adult,Day,Saturday
2033,888-34-9278,Female,Pacific Islander,49,2023-04-07,02:35:00,49,False,No referral.,Middle-aged,Night,Friday
2034,807-48-5800,Female,Pacific Islander,11,2024-04-23,08:45:00,54,False,No referral.,Minor,Day,Tuesday
2035,545-31-9630,Female,Pacific Islander,44,2024-01-07,15:14:00,50,False,No referral.,Adult,Evening,Sunday
2036,185-43-6846,Female,Pacific Islander,1,2024-01-20,10:39:00,54,False,No referral.,Minor,Day,Saturday
2037,253-83-6791,Female,Pacific Islander,61,2023-10-30,14:37:00,13,False,No referral.,Older Adult,Day,Monday
2038,621-62-1086,Female,Pacific Islander,2,2023-08-28,06:43:00,22,False,No referral.,Minor,Night,Monday
2039,367-28-5660,Female,Pacific Islander,70,2023-03-07,13:12:00,35,False,No referral.,Senior,Day,Tuesday
2040,685-47-1688,Female,Pacific Islander,67,2023-07-10,07:34:00,14,False,No referral.,Senior,Day,Monday
2041,490-69-7016,Female,Pacific Islander,72,2023-09-05,21:49:00,34,False,No referral.,Senior,Evening,Tuesday
2042,613-89-4721,Female,Pacific Islander,41,2023-12-22,03:40:00,52,False,No referral.,Adult,Night,Friday
2043,509-19-9192,Female,Pacific Islander,44,2024-09-16,07:38:00,34,False,No referral.,Adult,Day,Monday
2044,785-08-5699,Female,Pacific Islander,42,2023-08-26,15:21:00,30,False,No referral.,Adult,Evening,Saturday
2045,287-74-9897,Female,Pacific Islander,72,2024-06-10,07:16:00,18,False,No referral.,Senior,Day,Monday
2046,820-65-0400,Female,Pacific Islander,40,2023-07-30,06:43:00,15,False,No referral.,Adult,Night,Sunday
2047,484-76-9868,Female,Pacific Islander,44,2023-05-22,18:02:00,27,False,No referral.,Adult,Evening,Monday
2048,808-33-7052,Female,Pacific Islander,77,2023-12-15,01:00:00,24,False,No referral.,Senior,Night,Friday
2049,372-76-1907,Female,Pacific Islander,7,2024-06-05,20:28:00,36,False,No referral.,Minor,Evening,Wednesday
2050,541-78-8781,Female,Pacific Islander,70,2024-02-18,14:34:00,35,False,No referral.,Senior,Day,Sunday
2051,283-65-9905,Female,Pacific Islander,24,2024-04-14,20:50:00,30,False,No referral.,Young Adult,Evening,Sunday
2052,835-25-5387,Female,Pacific Islander,55,2023-07-07,00:22:00,51,False,No referral.,Older Adult,Night,Friday
2053,287-12-3028,Female,Pacific Islander,20,2024-02-08,19:13:00,19,False,No referral.,Young Adult,Evening,Thursday
2054,490-10-7609,Female,Pacific Islander,18,2024-04-16,14:07:00,14,False,No referral.,Minor,Day,Tuesday
2055,554-68-9035,Female,Pacific Islander,32,2024-08-29,12:16:00,48,False,No referral.,Young Adult,Day,Thursday
2056,321-08-8842,Female,Pacific Islander,4,2023-06-24,04:50:00,36,False,No referral.,Minor,Night,Saturday
2057,837-22-5775,Female,Pacific Islander,17,2023-04-23,14:11:00,56,False,No referral.,Minor,Day,Sunday
2058,440-86-8818,Female,Pacific Islander,5,2024-03-31,10:12:00,58,False,No referral.,Minor,Day,Sunday
2059,676-15-6485,Female,Pacific Islander,62,2023-05-05,09:34:00,26,False,No referral.,Older Adult,Day,Friday
2060,603-37-2279,Female,Pacific Islander,59,2024-09-14,19:43:00,19,False,No referral.,Older Adult,Evening,Saturday
2061,467-64-9058,Female,Pacific Islander,40,2024-08-16,14:00:00,50,False,No referral.,Adult,Day,Friday
2062,471-71-2313,Female,Pacific Islander,6,2024-10-15,19:57:00,51,False,No referral.,Minor,Evening,Tuesday
2063,844-07-0681,Female,Pacific Islander,32,2023-09-06,02:33:00,10,False,No referral.,Young Adult,Night,Wednesday
2064,801-16-6200,Female,Pacific Islander,50,2023-07-08,11:27:00,59,False,No referral.,Middle-aged,Day,Saturday
2065,292-37-1568,Female,Pacific Islander,65,2023-02-10,10:18:00,29,False,Orthopedics,Senior,Day,Friday
2066,504-53-3068,Female,Pacific Islander,25,2023-10-19,20:45:00,55,False,Orthopedics,Young Adult,Evening,Thursday
2067,724-18-3560,Female,Pacific Islander,36,2024-04-21,00:41:00,22,False,Orthopedics,Adult,Night,Sunday
2068,274-79-2232,Female,Pacific Islander,55,2024-09-19,18:34:00,49,False,Orthopedics,Older Adult,Evening,Thursday
2069,164-31-3790,Female,Pacific Islander,24,2024-08-03,23:04:00,53,False,Orthopedics,Young Adult,Night,Saturday
2070,657-07-1234,Female,Pacific Islander,28,2024-06-25,10:18:00,13,False,Orthopedics,Young Adult,Day,Tuesday
2071,531-80-4313,Female,Pacific Islander,44,2024-07-17,22:52:00,47,False,Orthopedics,Adult,Evening,Wednesday
2072,773-85-7179,Female,Pacific Islander,18,2023-06-21,12:32:00,33,False,Orthopedics,Minor,Day,Wednesday
2073,645-47-4599,Female,Pacific Islander,8,2023-05-16,06:18:00,18,False,Orthopedics,Minor,Night,Tuesday
2074,385-77-2913,Female,Pacific Islander,44,2024-01-29,23:36:00,56,False,Orthopedics,Adult,Night,Monday
2075,508-93-6274,Female,Pacific Islander,65,2024-07-17,13:56:00,34,False,Orthopedics,Senior,Day,Wednesday
2076,610-89-4617,Female,Pacific Islander,31,2023-11-22,02:13:00,42,False,Orthopedics,Young Adult,Night,Wednesday
2077,828-86-7111,Female,Pacific Islander,17,2023-10-30,23:33:00,28,False,Physiotherapy,Minor,Night,Monday
2078,338-22-6325,Female,Pacific Islander,30,2023-12-13,01:45:00,16,False,Physiotherapy,Young Adult,Night,Wednesday
2079,103-89-7991,Female,Pacific Islander,74,2024-11-04,10:13:00,34,False,Physiotherapy,Senior,Day,Monday
2080,346-07-4017,Female,Pacific Islander,37,2024-04-02,14:00:00,35,False,Renal,Adult,Day,Tuesday
2081,619-17-4772,Female,Two or More Races,6,2024-04-27,22:13:00,18,False,Cardiology,Minor,Evening,Saturday
2082,290-72-5797,Female,Two or More Races,8,2024-07-27,15:54:00,56,False,Cardiology,Minor,Evening,Saturday
2083,716-82-2881,Female,Two or More Races,56,2024-07-28,10:50:00,54,False,Cardiology,Older Adult,Day,Sunday
2084,231-44-6158,Female,Two or More Races,18,2023-12-06,05:32:00,42,False,Cardiology,Minor,Night,Wednesday
2085,229-70-7425,Female,Two or More Races,45,2024-04-23,21:43:00,14,False,Cardiology,Middle-aged,Evening,Tuesday
2086,412-31-1320,Female,Two or More Races,14,2024-02-17,09:10:00,53,False,Cardiology,Minor,Day,Saturday
2087,310-42-0759,Female,Two or More Races,71,2023-08-26,06:01:00,55,False,Gastroenterology,Senior,Night,Saturday
2088,732-47-1768,Female,Two or More Races,56,2023-12-04,15:40:00,58,False,Gastroenterology,Older Adult,Evening,Monday
2089,630-47-2713,Female,Two or More Races,48,2023-05-09,14:48:00,44,False,Gastroenterology,Middle-aged,Day,Tuesday
2090,879-28-3442,Female,Two or More Races,69,2023-12-17,15:11:00,44,False,Gastroenterology,Senior,Evening,Sunday
2091,381-90-3195,Female,Two or More Races,77,2023-07-07,20:03:00,29,False,Gastroenterology,Senior,Evening,Friday
2092,177-75-4010,Female,Two or More Races,76,2024-08-02,21:26:00,15,False,Gastroenterology,Senior,Evening,Friday
2093,528-66-7358,Female,Two or More Races,78,2024-04-02,13:02:00,22,False,General Practice,Senior,Day,Tuesday
2094,718-29-3433,Female,Two or More Races,76,2023-12-08,02:04:00,13,False,General Practice,Senior,Night,Friday
2095,258-52-9668,Female,Two or More Races,63,2024-02-04,14:32:00,56,False,General Practice,Older Adult,Day,Sunday
2096,153-49-3323,Female,Two or More Races,58,2023-11-14,02:08:00,25,False,General Practice,Older Adult,Night,Tuesday
2097,590-44-3124,Female,Two or More Races,17,2023-06-08,17:26:00,15,False,General Practice,Minor,Evening,Thursday
2098,634-47-6727,Female,Two or More Races,9,2023-09-07,20:58:00,18,False,General Practice,Minor,Evening,Thursday
2099,744-40-8093,Female,Two or More Races,42,2024-07-19,16:15:00,40,False,General Practice,Adult,Evening,Friday
2100,597-81-4011,Female,Two or More Races,61,2023-03-08,13:43:00,41,False,General Practice,Older Adult,Day,Wednesday
2101,869-02-5604,Female,Two or More Races,43,2024-03-09,18:33:00,43,False,General Practice,Adult,Evening,Saturday
2102,128-74-1315,Female,Two or More Races,16,2023-07-11,17:53:00,53,False,General Practice,Minor,Evening,Tuesday
2103,865-12-7904,Female,Two or More Races,4,2023-09-15,03:01:00,14,False,General Practice,Minor,Night,Friday
2104,805-27-2689,Female,Two or More Races,48,2023-04-17,20:15:00,15,False,General Practice,Middle-aged,Evening,Monday
2105,695-54-0916,Female,Two or More Races,69,2024-09-09,12:34:00,48,False,General Practice,Senior,Day,Monday
2106,237-07-3349,Female,Two or More Races,64,2024-09-09,19:46:00,13,False,General Practice,Older Adult,Evening,Monday
2107,796-53-3024,Female,Two or More Races,48,2024-09-22,06:36:00,17,False,General Practice,Middle-aged,Night,Sunday
2108,178-86-9071,Female,Two or More Races,2,2024-10-15,00:07:00,12,False,General Practice,Minor,Night,Tuesday
2109,149-68-8291,Female,Two or More Races,71,2024-06-17,20:36:00,18,False,General Practice,Senior,Evening,Monday
2110,214-36-5454,Female,Two or More Races,37,2023-12-31,16:23:00,40,False,General Practice,Adult,Evening,Sunday
2111,684-32-0338,Female,Two or More Races,8,2024-11-02,12:02:00,26,False,General Practice,Minor,Day,Saturday
2112,347-27-1017,Female,Two or More Races,19,2023-11-04,07:31:00,27,False,General Practice,Minor,Day,Saturday
2113,195-22-5174,Female,Two or More Races,25,2024-03-10,23:29:00,46,False,General Practice,Young Adult,Night,Sunday
2114,200-26-7779,Female,Two or More Races,45,2023-03-10,16:28:00,51,False,General Practice,Middle-aged,Evening,Friday
2115,519-77-2397,Female,Two or More Races,19,2024-08-06,01:53:00,52,False,General Practice,Minor,Night,Tuesday
2116,266-90-9815,Female,Two or More Races,79,2023-07-28,12:35:00,50,False,General Practice,Senior,Day,Friday
2117,584-89-7054,Female,Two or More Races,67,2024-07-23,04:54:00,57,False,General Practice,Senior,Night,Tuesday
2118,865-30-2867,Female,Two or More Races,63,2024-12-01,10:40:00,42,False,General Practice,Older Adult,Day,Sunday
2119,206-97-4149,Female,Two or More Races,77,2024-08-20,01:35:00,46,False,General Practice,Senior,Night,Tuesday
2120,548-59-5269,Female,Two or More Races,9,2023-09-15,16:31:00,54,False,General Practice,Minor,Evening,Friday
2121,420-19-1201,Female,Two or More Races,2,2024-12-10,03:34:00,40,False,General Practice,Minor,Night,Tuesday
2122,565-10-6614,Female,Two or More Races,53,2023-09-16,15:49:00,30,False,General Practice,Middle-aged,Evening,Saturday
2123,180-11-8413,Female,Two or More Races,24,2023-12-20,00:42:00,42,False,General Practice,Young Adult,Night,Wednesday
2124,872-27-3342,Female,Two or More Races,6,2023-06-13,02:42:00,56,False,General Practice,Minor,Night,Tuesday
2125,212-43-7115,Female,Two or More Races,33,2023-08-10,19:38:00,22,False,General Practice,Young Adult,Evening,Thursday
2126,649-13-0648,Female,Two or More Races,42,2023-12-06,23:30:00,22,False,General Practice,Adult,Night,Wednesday
2127,761-16-5119,Female,Two or More Races,25,2024-03-05,11:05:00,41,False,General Practice,Young Adult,Day,Tuesday
2128,310-56-4783,Female,Two or More Races,76,2024-08-04,17:04:00,14,False,General Practice,Senior,Evening,Sunday
2129,401-08-6326,Female,Two or More Races,57,2024-10-26,19:32:00,15,False,General Practice,Older Adult,Evening,Saturday
2130,353-57-1052,Female,Two or More Races,44,2023-10-29,09:07:00,28,False,General Practice,Adult,Day,Sunday
2131,608-69-9918,Female,Two or More Races,55,2024-12-04,02:40:00,43,False,General Practice,Older Adult,Night,Wednesday
2132,280-44-0647,Female,Two or More Races,34,2024-02-17,06:16:00,58,False,General Practice,Young Adult,Night,Saturday
2133,258-44-7719,Female,Two or More Races,62,2023-12-07,20:59:00,33,False,General Practice,Older Adult,Evening,Thursday
2134,117-58-1255,Female,Two or More Races,75,2024-05-04,12:06:00,53,False,General Practice,Senior,Day,Saturday
2135,467-47-8985,Female,Two or More Races,35,2023-08-11,01:53:00,57,False,General Practice,Adult,Night,Friday
2136,818-38-5069,Female,Two or More Races,64,2023-08-31,10:00:00,59,False,General Practice,Older Adult,Day,Thursday
2137,757-58-2588,Female,Two or More Races,19,2024-08-14,14:24:00,14,False,General Practice,Minor,Day,Wednesday
2138,403-12-1184,Female,Two or More Races,29,2023-06-22,02:11:00,19,False,General Practice,Young Adult,Night,Thursday
2139,445-97-9581,Female,Two or More Races,19,2024-02-21,13:57:00,24,False,General Practice,Minor,Day,Wednesday
2140,645-84-5884,Female,Two or More Races,11,2024-05-21,18:59:00,47,False,General Practice,Minor,Evening,Tuesday
2141,412-29-3776,Female,Two or More Races,78,2024-02-14,02:05:00,14,False,General Practice,Senior,Night,Wednesday
2142,562-75-3780,Female,Two or More Races,65,2024-01-22,22:50:00,17,False,General Practice,Senior,Evening,Monday
2143,752-94-8310,Female,Two or More Races,47,2024-04-13,12:14:00,27,False,General Practice,Middle-aged,Day,Saturday
2144,334-88-2963,Female,Two or More Races,34,2024-01-24,08:40:00,48,False,General Practice,Young Adult,Day,Wednesday
2145,639-46-1546,Female,Two or More Races,62,2023-09-08,08:55:00,10,False,General Practice,Older Adult,Day,Friday
2146,432-56-1449,Female,Two or More Races,3,2024-06-28,17:32:00,22,False,General Practice,Minor,Evening,Friday
2147,345-08-3538,Female,Two or More Races,45,2024-11-08,21:22:00,56,False,General Practice,Middle-aged,Evening,Friday
2148,691-01-5879,Female,Two or More Races,60,2023-11-05,19:05:00,26,False,General Practice,Older Adult,Evening,Sunday
2149,179-24-8770,Female,Two or More Races,24,2024-01-19,20:36:00,47,False,General Practice,Young Adult,Evening,Friday
2150,727-26-9498,Female,Two or More Races,31,2024-04-03,06:56:00,30,False,General Practice,Young Adult,Night,Wednesday
2151,241-58-9086,Female,Two or More Races,26,2024-09-27,07:06:00,20,False,General Practice,Young Adult,Day,Friday
2152,323-41-1698,Female,Two or More Races,64,2024-06-25,23:17:00,27,False,General Practice,Older Adult,Night,Tuesday
2153,873-13-8470,Female,Two or More Races,57,2024-06-18,16:56:00,16,False,General Practice,Older Adult,Evening,Tuesday
2154,593-41-9219,Female,Two or More Races,13,2023-10-26,01:32:00,10,False,General Practice,Minor,Night,Thursday
2155,308-30-4033,Female,Two or More Races,40,2024-09-03,17:29:00,38,False,General Practice,Adult,Evening,Tuesday
2156,189-09-9986,Female,Two or More Races,60,2023-04-30,18:15:00,49,False,General Practice,Older Adult,Evening,Sunday
2157,268-33-9590,Female,Two or More Races,26,2024-02-17,05:09:00,22,False,General Practice,Young Adult,Night,Saturday
2158,588-69-1358,Female,Two or More Races,1,2023-11-17,10:25:00,29,False,General Practice,Minor,Day,Friday
2159,734-20-1346,Female,Two or More Races,37,2023-05-08,10:10:00,10,False,General Practice,Adult,Day,Monday
2160,681-74-6023,Female,Two or More Races,72,2023-05-29,17:54:00,55,False,General Practice,Senior,Evening,Monday
2161,262-42-0301,Female,Two or More Races,51,2023-09-20,16:01:00,14,False,General Practice,Middle-aged,Evening,Wednesday
2162,785-38-6543,Female,Two or More Races,28,2024-01-14,10:58:00,11,False,General Practice,Young Adult,Day,Sunday
2163,171-53-9045,Female,Two or More Races,36,2024-09-17,21:56:00,43,False,General Practice,Adult,Evening,Tuesday
2164,615-59-2575,Female,Two or More Races,10,2023-04-17,10:20:00,50,False,General Practice,Minor,Day,Monday
2165,494-56-0322,Female,Two or More Races,8,2024-07-27,02:42:00,37,False,General Practice,Minor,Night,Saturday
2166,775-28-0288,Female,Two or More Races,76,2024-10-15,21:44:00,42,False,General Practice,Senior,Evening,Tuesday
2167,225-66-7915,Female,Two or More Races,2,2024-10-22,01:36:00,14,False,General Practice,Minor,Night,Tuesday
2168,483-64-5654,Female,Two or More Races,11,2024-08-09,21:08:00,34,False,General Practice,Minor,Evening,Friday
2169,789-74-0696,Female,Two or More Races,45,2024-09-30,18:43:00,32,False,General Practice,Middle-aged,Evening,Monday
2170,545-29-5086,Female,Two or More Races,63,2023-08-16,20:39:00,27,False,Neurology,Older Adult,Evening,Wednesday
2171,552-65-1035,Female,Two or More Races,30,2023-12-05,19:56:00,45,False,Neurology,Young Adult,Evening,Tuesday
2172,650-57-7841,Female,Two or More Races,47,2024-11-10,04:33:00,30,False,Neurology,Middle-aged,Night,Sunday
2173,737-32-6945,Female,Two or More Races,19,2023-10-29,03:15:00,59,False,Neurology,Minor,Night,Sunday
2174,714-04-7254,Female,Two or More Races,25,2023-12-04,14:03:00,32,False,Neurology,Young Adult,Day,Monday
2175,571-38-8943,Female,Two or More Races,40,2024-06-14,00:29:00,57,False,Neurology,Adult,Night,Friday
2176,265-22-3801,Female,Two or More Races,55,2024-04-22,11:06:00,42,False,Neurology,Older Adult,Day,Monday
2177,446-70-7796,Female,Two or More Races,28,2023-06-05,17:49:00,22,False,Neurology,Young Adult,Evening,Monday
2178,544-89-3372,Female,Two or More Races,61,2024-04-01,11:00:00,20,False,No referral.,Older Adult,Day,Monday
2179,276-29-2728,Female,Two or More Races,45,2024-02-27,08:26:00,36,False,No referral.,Middle-aged,Day,Tuesday
2180,807-47-2097,Female,Two or More Races,7,2023-07-14,19:26:00,51,False,No referral.,Minor,Evening,Friday
2181,808-52-4133,Female,Two or More Races,54,2023-11-14,19:23:00,51,False,No referral.,Middle-aged,Evening,Tuesday
2182,790-04-1343,Female,Two or More Races,24,2023-08-05,02:53:00,25,False,No referral.,Young Adult,Night,Saturday
2183,676-34-0882,Female,Two or More Races,64,2024-09-28,20:01:00,35,False,No referral.,Older Adult,Evening,Saturday
2184,648-75-4344,Female,Two or More Races,46,2023-08-05,12:56:00,50,False,No referral.,Middle-aged,Day,Saturday
2185,276-40-8022,Female,Two or More Races,36,2024-07-02,12:55:00,55,False,No referral.,Adult,Day,Tuesday
2186,208-53-9719,Female,Two or More Races,29,2024-03-14,11:46:00,22,False,No referral.,Young Adult,Day,Thursday
2187,895-94-3157,Female,Two or More Races,74,2023-06-09,09:56:00,27,False,No referral.,Senior,Day,Friday
2188,567-85-0684,Female,Two or More Races,31,2024-02-21,17:46:00,29,False,No referral.,Young Adult,Evening,Wednesday
2189,748-72-0573,Female,Two or More Races,49,2023-04-27,08:11:00,29,False,No referral.,Middle-aged,Day,Thursday
2190,229-11-5846,Female,Two or More Races,45,2024-07-05,05:41:00,36,False,No referral.,Middle-aged,Night,Friday
2191,776-96-5871,Female,Two or More Races,72,2023-05-24,01:50:00,36,False,No referral.,Senior,Night,Wednesday
2192,363-05-8954,Female,Two or More Races,42,2024-04-20,02:52:00,48,False,No referral.,Adult,Night,Saturday
2193,269-47-2004,Female,Two or More Races,40,2024-02-16,13:09:00,56,False,No referral.,Adult,Day,Friday
2194,450-65-5946,Female,Two or More Races,28,2024-02-17,06:34:00,59,False,No referral.,Young Adult,Night,Saturday
2195,104-42-4856,Female,Two or More Races,13,2023-12-21,04:08:00,27,False,No referral.,Minor,Night,Thursday
2196,696-03-1165,Female,Two or More Races,40,2024-09-06,00:26:00,47,False,No referral.,Adult,Night,Friday
2197,651-18-1234,Female,Two or More Races,40,2023-12-31,15:29:00,59,False,No referral.,Adult,Evening,Sunday
2198,719-81-3707,Female,Two or More Races,41,2023-12-06,13:41:00,39,False,No referral.,Adult,Day,Wednesday
2199,582-90-6970,Female,Two or More Races,74,2024-11-02,20:15:00,47,False,No referral.,Senior,Evening,Saturday
2200,382-88-1416,Female,Two or More Races,57,2024-05-23,06:41:00,50,False,No referral.,Older Adult,Night,Thursday
2201,338-41-6137,Female,Two or More Races,18,2024-03-29,06:46:00,58,False,No referral.,Minor,Night,Friday
2202,386-68-5391,Female,Two or More Races,27,2024-10-08,00:55:00,19,False,No referral.,Young Adult,Night,Tuesday
2203,125-73-3589,Female,Two or More Races,49,2023-07-16,12:41:00,31,False,No referral.,Middle-aged,Day,Sunday
2204,750-58-3647,Female,Two or More Races,51,2024-02-27,10:13:00,35,False,No referral.,Middle-aged,Day,Tuesday
2205,202-20-9289,Female,Two or More Races,31,2023-12-11,12:11:00,42,False,No referral.,Young Adult,Day,Monday
2206,577-82-1899,Female,Two or More Races,74,2024-03-29,00:47:00,42,False,No referral.,Senior,Night,Friday
2207,793-63-4699,Female,Two or More Races,37,2024-08-25,08:25:00,50,False,No referral.,Adult,Day,Sunday
2208,705-84-9983,Female,Two or More Races,48,2024-03-06,00:53:00,12,False,No referral.,Middle-aged,Night,Wednesday
2209,883-21-7443,Female,Two or More Races,68,2024-05-22,15:16:00,20,False,No referral.,Senior,Evening,Wednesday
2210,346-36-7581,Female,Two or More Races,49,2024-03-10,04:02:00,23,False,No referral.,Middle-aged,Night,Sunday
2211,819-75-6661,Female,Two or More Races,64,2024-09-29,19:10:00,29,False,No referral.,Older Adult,Evening,Sunday
2212,845-45-0091,Female,Two or More Races,6,2024-01-09,21:36:00,41,False,No referral.,Minor,Evening,Tuesday
2213,213-20-9329,Female,Two or More Races,66,2024-04-19,03:30:00,41,False,No referral.,Senior,Night,Friday
2214,240-41-3530,Female,Two or More Races,48,2023-07-13,19:13:00,19,False,No referral.,Middle-aged,Evening,Thursday
2215,191-80-9331,Female,Two or More Races,12,2024-07-03,08:59:00,48,False,No referral.,Minor,Day,Wednesday
2216,769-18-6872,Female,Two or More Races,55,2024-04-02,10:54:00,28,False,No referral.,Older Adult,Day,Tuesday
2217,278-05-0695,Female,Two or More Races,51,2024-10-14,12:56:00,47,False,No referral.,Middle-aged,Day,Monday
2218,176-91-5532,Female,Two or More Races,78,2023-09-22,12:24:00,26,False,No referral.,Senior,Day,Friday
2219,588-56-7026,Female,Two or More Races,72,2024-08-14,09:09:00,51,False,No referral.,Senior,Day,Wednesday
2220,343-93-8086,Female,Two or More Races,21,2024-10-14,08:16:00,54,False,No referral.,Young Adult,Day,Monday
2221,424-85-2084,Female,Two or More Races,7,2023-04-21,11:18:00,13,False,No referral.,Minor,Day,Friday
2222,653-25-4152,Female,Two or More Races,11,2023-12-04,03:57:00,14,False,No referral.,Minor,Night,Monday
2223,799-73-6211,Female,Two or More Races,51,2024-05-09,20:59:00,14,False,No referral.,Middle-aged,Evening,Thursday
2224,398-68-7636,Female,Two or More Races,67,2023-07-12,14:20:00,25,False,No referral.,Senior,Day,Wednesday
2225,421-46-0575,Female,Two or More Races,38,2023-08-09,08:39:00,39,False,No referral.,Adult,Day,Wednesday
2226,770-53-5270,Female,Two or More Races,5,2024-06-01,02:00:00,41,False,No referral.,Minor,Night,Saturday
2227,763-25-3640,Female,Two or More Races,57,2024-05-15,08:43:00,43,False,No referral.,Older Adult,Day,Wednesday
2228,192-63-0250,Female,Two or More Races,63,2024-02-02,05:20:00,45,False,No referral.,Older Adult,Night,Friday
2229,633-69-2579,Female,Two or More Races,63,2024-06-26,03:09:00,56,False,No referral.,Older Adult,Night,Wednesday
2230,646-10-4499,Female,Two or More Races,9,2024-06-01,08:22:00,15,False,No referral.,Minor,Day,Saturday
2231,422-06-3911,Female,Two or More Races,43,2023-09-19,15:30:00,25,False,No referral.,Adult,Evening,Tuesday
2232,349-86-9740,Female,Two or More Races,1,2024-05-29,18:23:00,44,False,No referral.,Minor,Evening,Wednesday
2233,617-59-2394,Female,Two or More Races,58,2024-08-04,22:35:00,59,False,No referral.,Older Adult,Evening,Sunday
2234,241-69-1762,Female,Two or More Races,33,2024-05-04,16:41:00,24,False,No referral.,Young Adult,Evening,Saturday
2235,457-31-6371,Female,Two or More Races,55,2024-05-07,17:29:00,36,False,No referral.,Older Adult,Evening,Tuesday
2236,361-13-2097,Female,Two or More Races,75,2023-05-08,18:47:00,58,False,No referral.,Senior,Evening,Monday
2237,228-19-2198,Female,Two or More Races,19,2024-04-30,01:12:00,22,False,No referral.,Minor,Night,Tuesday
2238,243-68-6278,Female,Two or More Races,48,2024-02-29,08:58:00,24,False,No referral.,Middle-aged,Day,Thursday
2239,791-04-7639,Female,Two or More Races,75,2024-09-29,16:42:00,24,False,No referral.,Senior,Evening,Sunday
2240,778-08-9654,Female,Two or More Races,12,2023-08-13,12:08:00,25,False,No referral.,Minor,Day,Sunday
2241,510-77-6351,Female,Two or More Races,10,2024-01-29,18:12:00,38,False,No referral.,Minor,Evening,Monday
2242,741-90-5657,Female,Two or More Races,46,2023-05-06,15:05:00,13,False,No referral.,Middle-aged,Evening,Saturday
2243,144-61-3169,Female,Two or More Races,49,2024-06-07,07:13:00,23,False,No referral.,Middle-aged,Day,Friday
2244,821-57-3198,Female,Two or More Races,59,2024-06-18,17:07:00,31,False,No referral.,Older Adult,Evening,Tuesday
2245,338-30-6597,Female,Two or More Races,43,2024-07-27,12:32:00,32,False,No referral.,Adult,Day,Saturday
2246,687-92-4881,Female,Two or More Races,6,2023-04-14,11:53:00,49,False,No referral.,Minor,Day,Friday
2247,785-86-9715,Female,Two or More Races,46,2023-09-28,11:40:00,51,False,No referral.,Middle-aged,Day,Thursday
2248,801-42-8784,Female,Two or More Races,20,2024-09-20,15:21:00,52,False,No referral.,Young Adult,Evening,Friday
2249,390-90-9742,Female,Two or More Races,13,2024-02-24,11:11:00,24,False,No referral.,Minor,Day,Saturday
2250,794-77-1016,Female,Two or More Races,5,2023-11-18,21:46:00,37,False,No referral.,Minor,Evening,Saturday
2251,417-91-8960,Female,Two or More Races,33,2023-12-23,02:13:00,38,False,No referral.,Young Adult,Night,Saturday
2252,486-26-3604,Female,Two or More Races,29,2024-09-26,10:38:00,48,False,No referral.,Young Adult,Day,Thursday
2253,888-40-6467,Female,Two or More Races,29,2024-09-04,03:00:00,23,False,No referral.,Young Adult,Night,Wednesday
2254,541-38-5588,Female,Two or More Races,31,2024-01-07,19:31:00,31,False,No referral.,Young Adult,Evening,Sunday
2255,892-94-9106,Female,Two or More Races,79,2023-05-10,22:58:00,33,False,No referral.,Senior,Evening,Wednesday
2256,584-70-7549,Female,Two or More Races,22,2024-08-24,11:25:00,45,False,No referral.,Young Adult,Day,Saturday
2257,589-47-6817,Female,Two or More Races,36,2024-11-08,06:30:00,48,False,No referral.,Adult,Night,Friday
2258,893-71-6988,Female,Two or More Races,36,2023-03-05,07:31:00,50,False,No referral.,Adult,Day,Sunday
2259,480-43-2139,Female,Two or More Races,5,2024-09-07,05:22:00,57,False,No referral.,Minor,Night,Saturday
2260,635-32-3437,Female,Two or More Races,54,2024-06-17,20:44:00,58,False,No referral.,Middle-aged,Evening,Monday
2261,227-41-9226,Female,Two or More Races,57,2023-07-21,07:13:00,58,False,No referral.,Older Adult,Day,Friday
2262,886-50-8533,Female,Two or More Races,19,2023-07-09,09:23:00,22,False,No referral.,Minor,Day,Sunday
2263,758-51-4409,Female,Two or More Races,78,2023-08-19,16:10:00,26,False,No referral.,Senior,Evening,Saturday
2264,243-43-7192,Female,Two or More Races,57,2023-01-08,22:26:00,34,False,No referral.,Older Adult,Evening,Sunday
2265,804-64-6939,Female,Two or More Races,70,2024-02-22,05:38:00,39,False,No referral.,Senior,Night,Thursday
2266,700-93-8957,Female,Two or More Races,10,2023-07-29,14:47:00,10,False,No referral.,Minor,Day,Saturday
2267,475-41-1345,Female,Two or More Races,74,2024-01-15,10:43:00,17,False,No referral.,Senior,Day,Monday
2268,707-39-1661,Female,Two or More Races,54,2023-06-10,14:51:00,51,False,No referral.,Middle-aged,Day,Saturday
2269,203-79-1155,Female,Two or More Races,66,2024-05-23,03:04:00,51,False,No referral.,Senior,Night,Thursday
2270,835-94-1722,Female,Two or More Races,30,2024-02-21,01:08:00,54,False,No referral.,Young Adult,Night,Wednesday
2271,698-29-3153,Female,Two or More Races,5,2023-12-13,00:30:00,59,False,No referral.,Minor,Night,Wednesday
2272,719-53-7812,Female,Two or More Races,79,2023-12-29,02:34:00,16,False,No referral.,Senior,Night,Friday
2273,874-43-7034,Female,Two or More Races,6,2024-03-26,03:10:00,19,False,No referral.,Minor,Night,Tuesday
2274,723-18-5369,Female,Two or More Races,62,2024-08-17,07:29:00,20,False,No referral.,Older Adult,Day,Saturday
2275,140-84-5336,Female,Two or More Races,28,2023-02-09,23:31:00,45,False,No referral.,Young Adult,Night,Thursday
2276,341-50-7757,Female,Two or More Races,49,2023-05-16,07:52:00,55,False,No referral.,Middle-aged,Day,Tuesday
2277,576-33-2866,Female,Two or More Races,37,2023-06-17,02:19:00,30,False,No referral.,Adult,Night,Saturday
2278,856-47-3379,Female,Two or More Races,35,2023-08-08,05:35:00,37,False,No referral.,Adult,Night,Tuesday
2279,263-91-2295,Female,Two or More Races,14,2023-05-30,23:56:00,38,False,No referral.,Minor,Night,Tuesday
2280,477-66-8791,Female,Two or More Races,54,2023-08-29,03:09:00,43,False,No referral.,Middle-aged,Night,Tuesday
2281,134-48-7705,Female,Two or More Races,73,2024-02-04,01:20:00,47,False,No referral.,Senior,Night,Sunday
2282,419-18-4859,Female,Two or More Races,17,2023-08-05,18:28:00,26,False,No referral.,Minor,Evening,Saturday
2283,698-18-8238,Female,Two or More Races,79,2024-08-09,09:56:00,30,False,No referral.,Senior,Day,Friday
2284,133-59-5051,Female,Two or More Races,51,2023-10-04,19:02:00,33,False,No referral.,Middle-aged,Evening,Wednesday
2285,417-42-4910,Female,Two or More Races,79,2023-01-04,23:46:00,45,False,No referral.,Senior,Night,Wednesday
2286,471-82-1748,Female,Two or More Races,19,2024-01-06,14:35:00,47,False,No referral.,Minor,Day,Saturday
2287,802-95-4470,Female,Two or More Races,35,2024-09-28,03:42:00,50,False,No referral.,Adult,Night,Saturday
2288,860-78-0173,Female,Two or More Races,36,2024-01-26,21:25:00,53,False,No referral.,Adult,Evening,Friday
2289,844-57-2534,Female,Two or More Races,42,2024-02-10,19:06:00,54,False,No referral.,Adult,Evening,Saturday
2290,428-19-8362,Female,Two or More Races,71,2023-11-06,13:38:00,59,False,No referral.,Senior,Day,Monday
2291,649-29-1531,Female,Two or More Races,14,2024-03-23,16:48:00,13,False,No referral.,Minor,Evening,Saturday
2292,897-46-6177,Female,Two or More Races,52,2023-12-04,04:53:00,13,False,No referral.,Middle-aged,Night,Monday
2293,359-97-6728,Female,Two or More Races,54,2023-08-15,02:09:00,16,False,No referral.,Middle-aged,Night,Tuesday
2294,499-92-5363,Female,Two or More Races,2,2023-04-11,05:18:00,36,False,No referral.,Minor,Night,Tuesday
2295,255-19-6333,Female,Two or More Races,38,2024-06-15,22:56:00,37,False,No referral.,Adult,Evening,Saturday
2296,467-94-3398,Female,Two or More Races,79,2024-04-29,12:23:00,37,False,No referral.,Senior,Day,Monday
2297,497-14-4839,Female,Two or More Races,69,2023-06-30,01:48:00,50,False,No referral.,Senior,Night,Friday
2298,338-36-9753,Female,Two or More Races,36,2023-10-08,02:06:00,55,False,No referral.,Adult,Night,Sunday
2299,380-28-2793,Female,Two or More Races,76,2024-03-16,19:43:00,55,False,No referral.,Senior,Evening,Saturday
2300,466-84-0336,Female,Two or More Races,52,2024-08-16,12:38:00,11,False,No referral.,Middle-aged,Day,Friday
2301,221-17-0462,Female,Two or More Races,50,2023-09-29,13:06:00,28,False,No referral.,Middle-aged,Day,Friday
2302,895-94-4857,Female,Two or More Races,21,2024-05-03,17:30:00,33,False,No referral.,Young Adult,Evening,Friday
2303,786-06-4660,Female,Two or More Races,36,2023-08-25,13:50:00,34,False,No referral.,Adult,Day,Friday
2304,230-36-3922,Female,Two or More Races,70,2023-05-28,08:13:00,39,False,No referral.,Senior,Day,Sunday
2305,684-92-6450,Female,Two or More Races,79,2024-08-08,08:11:00,41,False,No referral.,Senior,Day,Thursday
2306,362-70-5793,Female,Two or More Races,52,2024-11-03,02:16:00,42,False,No referral.,Middle-aged,Night,Sunday
2307,290-43-5673,Female,Two or More Races,14,2023-12-07,07:35:00,16,False,No referral.,Minor,Day,Thursday
2308,523-97-7326,Female,Two or More Races,41,2024-04-13,16:23:00,26,False,No referral.,Adult,Evening,Saturday
2309,196-56-2812,Female,Two or More Races,25,2024-08-03,07:03:00,27,False,No referral.,Young Adult,Day,Saturday
2310,697-49-8948,Female,Two or More Races,38,2023-07-23,07:47:00,42,False,No referral.,Adult,Day,Sunday
2311,539-91-6495,Female,Two or More Races,6,2024-04-08,04:23:00,46,False,No referral.,Minor,Night,Monday
2312,422-73-8407,Female,Two or More Races,38,2024-06-26,02:52:00,47,False,No referral.,Adult,Night,Wednesday
2313,205-06-0581,Female,Two or More Races,38,2024-05-25,08:42:00,59,False,No referral.,Adult,Day,Saturday
2314,551-28-0390,Female,Two or More Races,53,2023-12-16,03:18:00,60,False,No referral.,Middle-aged,Night,Saturday
2315,811-45-8659,Female,Two or More Races,32,2023-05-17,09:42:00,18,False,No referral.,Young Adult,Day,Wednesday
2316,514-37-1729,Female,Two or More Races,17,2024-09-14,05:03:00,30,False,No referral.,Minor,Night,Saturday
2317,574-90-3887,Female,Two or More Races,15,2024-01-13,07:35:00,33,False,No referral.,Minor,Day,Saturday
2318,337-20-1813,Female,Two or More Races,23,2024-06-26,18:21:00,49,False,No referral.,Young Adult,Evening,Wednesday
2319,509-10-8255,Female,Two or More Races,68,2023-10-13,14:04:00,52,False,No referral.,Senior,Day,Friday
2320,844-29-1051,Female,Two or More Races,23,2023-07-10,22:40:00,59,False,No referral.,Young Adult,Evening,Monday
2321,156-92-5624,Female,Two or More Races,1,2024-09-01,13:56:00,19,False,No referral.,Minor,Day,Sunday
2322,171-32-2578,Female,Two or More Races,58,2024-04-01,04:44:00,15,False,No referral.,Older Adult,Night,Monday
2323,714-05-3336,Female,Two or More Races,73,2024-09-21,09:20:00,38,False,No referral.,Senior,Day,Saturday
2324,478-46-3518,Female,Two or More Races,74,2024-07-28,17:09:00,39,False,No referral.,Senior,Evening,Sunday
2325,379-58-8462,Female,Two or More Races,74,2024-01-31,00:26:00,18,False,No referral.,Senior,Night,Wednesday
2326,283-13-1525,Female,Two or More Races,3,2024-01-08,01:12:00,55,False,No referral.,Minor,Night,Monday
2327,206-69-0689,Female,Two or More Races,5,2023-10-08,21:38:00,36,False,No referral.,Minor,Evening,Sunday
2328,237-94-9372,Female,Two or More Races,41,2024-12-09,19:36:00,51,False,No referral.,Adult,Evening,Monday
2329,568-87-7009,Female,Two or More Races,45,2024-04-17,09:10:00,59,False,No referral.,Middle-aged,Day,Wednesday
2330,224-77-9238,Female,Two or More Races,45,2024-02-08,16:29:00,60,False,No referral.,Middle-aged,Evening,Thursday
2331,246-06-8866,Female,Two or More Races,34,2024-02-21,14:54:00,32,False,No referral.,Young Adult,Day,Wednesday
2332,502-74-6263,Female,Two or More Races,47,2023-06-25,21:32:00,60,False,No referral.,Middle-aged,Evening,Sunday
2333,350-10-0311,Female,Two or More Races,69,2023-10-28,13:49:00,29,False,No referral.,Senior,Day,Saturday
2334,216-23-9901,Female,Two or More Races,60,2024-11-06,07:36:00,44,False,No referral.,Older Adult,Day,Wednesday
2335,420-85-5170,Female,Two or More Races,3,2024-07-20,12:39:00,57,False,No referral.,Minor,Day,Saturday
2336,233-33-9463,Female,Two or More Races,3,2024-03-30,03:05:00,15,False,No referral.,Minor,Night,Saturday
2337,466-15-0928,Female,Two or More Races,42,2023-09-16,12:28:00,29,False,No referral.,Adult,Day,Saturday
2338,389-24-7558,Female,Two or More Races,41,2023-04-16,18:07:00,31,False,No referral.,Adult,Evening,Sunday
2339,358-19-9800,Female,Two or More Races,72,2023-07-22,03:13:00,44,False,No referral.,Senior,Night,Saturday
2340,165-28-1239,Female,Two or More Races,23,2024-07-04,14:47:00,19,False,No referral.,Young Adult,Day,Thursday
2341,195-72-1556,Female,Two or More Races,74,2024-09-21,04:16:00,26,False,No referral.,Senior,Night,Saturday
2342,831-73-1879,Female,Two or More Races,47,2023-07-22,18:11:00,59,False,No referral.,Middle-aged,Evening,Saturday
2343,722-83-5564,Female,Two or More Races,50,2023-10-22,09:32:00,58,False,No referral.,Middle-aged,Day,Sunday
2344,584-75-1706,Female,Two or More Races,19,2024-01-07,01:31:00,45,False,No referral.,Minor,Night,Sunday
2345,623-61-9841,Female,Two or More Races,67,2024-05-27,09:12:00,32,False,No referral.,Senior,Day,Monday
2346,570-76-1303,Female,Two or More Races,34,2024-07-03,06:29:00,40,False,No referral.,Young Adult,Night,Wednesday
2347,307-10-9903,Female,Two or More Races,21,2024-10-20,14:10:00,45,False,No referral.,Young Adult,Day,Sunday
2348,274-44-4510,Female,Two or More Races,57,2024-01-27,23:14:00,49,False,No referral.,Older Adult,Night,Saturday
2349,636-40-6086,Female,Two or More Races,52,2023-04-11,16:04:00,51,False,No referral.,Middle-aged,Evening,Tuesday
2350,708-70-6853,Female,Two or More Races,41,2024-02-23,10:47:00,14,False,No referral.,Adult,Day,Friday
2351,489-05-8649,Female,Two or More Races,64,2024-09-04,06:57:00,18,False,No referral.,Older Adult,Night,Wednesday
2352,275-21-8502,Female,Two or More Races,76,2024-09-06,22:09:00,30,False,No referral.,Senior,Evening,Friday
2353,578-99-8746,Female,Two or More Races,28,2023-05-24,18:31:00,54,False,No referral.,Young Adult,Evening,Wednesday
2354,341-60-5841,Female,Two or More Races,34,2023-07-31,21:46:00,35,False,No referral.,Young Adult,Evening,Monday
2355,120-74-3430,Female,Two or More Races,35,2024-01-20,12:15:00,33,False,No referral.,Adult,Day,Saturday
2356,249-31-5844,Female,Two or More Races,56,2023-02-09,19:12:00,42,False,No referral.,Older Adult,Evening,Thursday
2357,246-84-5205,Female,Two or More Races,9,2024-07-03,18:54:00,36,False,No referral.,Minor,Evening,Wednesday
2358,310-42-9819,Female,Two or More Races,31,2023-04-10,17:22:00,35,False,No referral.,Young Adult,Evening,Monday
2359,140-62-8233,Female,Two or More Races,31,2024-04-26,20:32:00,41,False,No referral.,Young Adult,Evening,Friday
2360,371-76-0692,Female,Two or More Races,28,2023-05-17,12:54:00,10,False,No referral.,Young Adult,Day,Wednesday
2361,599-32-7561,Female,Two or More Races,77,2023-07-05,13:35:00,38,False,No referral.,Senior,Day,Wednesday
2362,682-94-8732,Female,Two or More Races,62,2023-12-24,08:48:00,28,False,No referral.,Older Adult,Day,Sunday
2363,511-82-4653,Female,Two or More Races,7,2024-09-10,02:07:00,52,False,No referral.,Minor,Night,Tuesday
2364,829-10-5536,Female,Two or More Races,27,2023-12-08,12:46:00,12,False,No referral.,Young Adult,Day,Friday
2365,195-28-0811,Female,Two or More Races,67,2024-07-06,16:00:00,58,False,No referral.,Senior,Evening,Saturday
2366,488-92-0999,Female,Two or More Races,67,2024-03-23,03:20:00,11,False,No referral.,Senior,Night,Saturday
2367,178-24-4407,Female,Two or More Races,71,2023-12-08,22:20:00,45,False,No referral.,Senior,Evening,Friday
2368,389-43-8291,Female,Two or More Races,7,2023-08-20,04:24:00,45,False,No referral.,Minor,Night,Sunday
2369,132-13-7157,Female,Two or More Races,76,2024-04-20,22:17:00,36,False,No referral.,Senior,Evening,Saturday
2370,106-29-7582,Female,Two or More Races,13,2024-07-01,16:12:00,11,False,No referral.,Minor,Evening,Monday
2371,593-38-9878,Female,Two or More Races,2,2024-06-05,18:42:00,28,False,No referral.,Minor,Evening,Wednesday
2372,744-03-5281,Female,Two or More Races,15,2024-08-28,20:56:00,33,False,No referral.,Minor,Evening,Wednesday
2373,849-38-9457,Female,Two or More Races,78,2023-08-05,05:14:00,30,False,No referral.,Senior,Night,Saturday
2374,322-37-4264,Female,Two or More Races,52,2024-07-03,16:37:00,45,False,No referral.,Middle-aged,Evening,Wednesday
2375,686-61-2694,Female,Two or More Races,48,2024-10-24,11:37:00,54,False,No referral.,Middle-aged,Day,Thursday
2376,603-26-5838,Female,Two or More Races,4,2024-04-03,03:21:00,11,False,No referral.,Minor,Night,Wednesday
2377,459-06-4503,Female,Two or More Races,38,2024-02-06,07:15:00,13,False,No referral.,Adult,Day,Tuesday
2378,805-12-6491,Female,Two or More Races,53,2023-10-19,18:57:00,47,False,No referral.,Middle-aged,Evening,Thursday
2379,335-53-6706,Female,Two or More Races,36,2024-05-29,10:57:00,58,False,No referral.,Adult,Day,Wednesday
2380,370-58-5256,Female,Two or More Races,41,2024-09-25,12:57:00,18,False,No referral.,Adult,Day,Wednesday
2381,443-52-9348,Female,Two or More Races,36,2023-12-25,20:05:00,13,False,No referral.,Adult,Evening,Monday
2382,798-67-0882,Female,Two or More Races,42,2024-03-28,19:08:00,26,False,No referral.,Adult,Evening,Thursday
2383,674-03-7037,Female,Two or More Races,30,2024-10-17,10:06:00,59,False,No referral.,Young Adult,Day,Thursday
2384,675-74-4830,Female,Two or More Races,75,2024-10-21,19:52:00,53,False,Orthopedics,Senior,Evening,Monday
2385,429-25-2267,Female,Two or More Races,46,2023-04-10,04:33:00,34,False,Orthopedics,Middle-aged,Night,Monday
2386,814-16-5063,Female,Two or More Races,78,2024-06-19,08:35:00,47,False,Orthopedics,Senior,Day,Wednesday
2387,171-14-8581,Female,Two or More Races,56,2023-09-11,05:50:00,12,False,Orthopedics,Older Adult,Night,Monday
2388,119-37-8978,Female,Two or More Races,72,2023-08-12,01:51:00,49,False,Orthopedics,Senior,Night,Saturday
2389,822-41-7734,Female,Two or More Races,27,2024-12-08,14:46:00,52,False,Orthopedics,Young Adult,Day,Sunday
2390,216-85-2300,Female,Two or More Races,29,2024-07-26,01:12:00,38,False,Orthopedics,Young Adult,Night,Friday
2391,485-49-0599,Female,Two or More Races,31,2024-04-21,07:11:00,40,False,Orthopedics,Young Adult,Day,Sunday
2392,440-04-5619,Female,Two or More Races,48,2023-09-18,04:12:00,48,False,Orthopedics,Middle-aged,Night,Monday
2393,261-68-3689,Female,Two or More Races,6,2024-04-28,14:21:00,45,False,Orthopedics,Minor,Day,Sunday
2394,616-88-3087,Female,Two or More Races,43,2023-12-14,20:10:00,49,False,Orthopedics,Adult,Evening,Thursday
2395,643-42-0906,Female,Two or More Races,46,2024-05-22,04:52:00,20,False,Orthopedics,Middle-aged,Night,Wednesday
2396,761-34-5834,Female,Two or More Races,17,2023-06-17,00:20:00,15,False,Orthopedics,Minor,Night,Saturday
2397,650-34-0647,Female,Two or More Races,34,2023-10-25,04:44:00,29,False,Orthopedics,Young Adult,Night,Wednesday
2398,589-07-2378,Female,Two or More Races,65,2024-09-10,02:46:00,54,False,Orthopedics,Senior,Night,Tuesday
2399,640-63-5453,Female,Two or More Races,23,2023-08-18,17:54:00,10,False,Orthopedics,Young Adult,Evening,Friday
2400,400-51-3029,Female,Two or More Races,41,2024-08-02,22:19:00,49,False,Orthopedics,Adult,Evening,Friday
2401,245-09-8382,Female,Two or More Races,18,2023-10-30,14:23:00,35,False,Orthopedics,Minor,Day,Monday
2402,604-19-2040,Female,Two or More Races,54,2024-08-28,15:48:00,30,False,Orthopedics,Middle-aged,Evening,Wednesday
2403,637-90-2785,Female,Two or More Races,75,2023-04-06,23:30:00,13,False,Orthopedics,Senior,Night,Thursday
2404,593-93-2765,Female,Two or More Races,2,2023-08-04,20:10:00,25,False,Orthopedics,Minor,Evening,Friday
2405,425-45-8845,Female,Two or More Races,10,2023-11-21,19:18:00,11,False,Orthopedics,Minor,Evening,Tuesday
2406,171-97-5054,Female,Two or More Races,46,2024-04-08,22:30:00,30,False,Orthopedics,Middle-aged,Evening,Monday
2407,760-97-7277,Female,Two or More Races,27,2023-07-26,00:11:00,58,False,Orthopedics,Young Adult,Night,Wednesday
2408,669-18-2341,Female,Two or More Races,37,2023-03-07,18:28:00,49,False,Physiotherapy,Adult,Evening,Tuesday
2409,707-35-6910,Female,Two or More Races,61,2024-01-08,20:38:00,27,False,Physiotherapy,Older Adult,Evening,Monday
2410,793-72-2819,Female,Two or More Races,73,2023-04-10,03:05:00,18,False,Physiotherapy,Senior,Night,Monday
2411,422-87-0090,Female,Two or More Races,47,2023-09-22,19:55:00,19,False,Physiotherapy,Middle-aged,Evening,Friday
2412,875-34-4380,Female,Two or More Races,3,2024-02-16,05:06:00,14,False,Physiotherapy,Minor,Night,Friday
2413,852-80-8003,Female,Two or More Races,69,2023-07-14,06:41:00,48,False,Physiotherapy,Senior,Night,Friday
2414,404-25-9280,Female,Two or More Races,31,2023-05-14,17:23:00,27,False,Renal,Young Adult,Evening,Sunday
2415,643-14-5413,Female,Two or More Races,54,2023-12-10,03:19:00,53,False,Renal,Middle-aged,Night,Sunday
2416,697-08-8904,Female,White,72,2023-03-07,01:53:00,41,False,Cardiology,Senior,Night,Tuesday
2417,293-45-9729,Female,White,15,2024-08-19,12:01:00,40,False,Cardiology,Minor,Day,Monday
2418,479-82-6847,Female,White,7,2023-06-10,10:27:00,53,False,Cardiology,Minor,Day,Saturday
2419,565-24-0607,Female,White,41,2024-04-05,06:06:00,48,False,Cardiology,Adult,Night,Friday
2420,568-58-7867,Female,White,62,2024-08-21,05:31:00,28,False,Cardiology,Older Adult,Night,Wednesday
2421,719-12-1585,Female,White,5,2023-10-25,20:45:00,16,False,Cardiology,Minor,Evening,Wednesday
2422,848-85-3012,Female,White,22,2024-08-02,20:16:00,41,False,Cardiology,Young Adult,Evening,Friday
2423,702-17-2187,Female,White,64,2024-10-23,01:58:00,60,False,Cardiology,Older Adult,Night,Wednesday
2424,206-35-3192,Female,White,40,2024-06-03,00:11:00,44,False,Cardiology,Adult,Night,Monday
2425,154-03-1861,Female,White,57,2024-04-25,22:57:00,55,False,Cardiology,Older Adult,Evening,Thursday
2426,121-51-9644,Female,White,27,2023-08-29,09:12:00,20,False,Cardiology,Young Adult,Day,Tuesday
2427,154-08-4257,Female,White,59,2023-02-08,12:59:00,13,False,Cardiology,Older Adult,Day,Wednesday
2428,408-41-7059,Female,White,37,2023-09-18,23:48:00,22,False,Cardiology,Adult,Night,Monday
2429,462-41-3786,Female,White,71,2024-09-04,07:08:00,52,False,Cardiology,Senior,Day,Wednesday
2430,714-02-5849,Female,White,25,2023-05-10,07:26:00,38,False,Cardiology,Young Adult,Day,Wednesday
2431,768-69-7056,Female,White,72,2023-10-12,08:31:00,58,False,Cardiology,Senior,Day,Thursday
2432,301-60-9365,Female,White,17,2024-05-09,21:29:00,60,False,Cardiology,Minor,Evening,Thursday
2433,461-55-0550,Female,White,59,2023-06-29,19:19:00,47,False,Cardiology,Older Adult,Evening,Thursday
2434,641-80-7935,Female,White,63,2024-10-17,09:23:00,11,False,Cardiology,Older Adult,Day,Thursday
2435,726-10-5465,Female,White,43,2024-11-06,06:37:00,46,False,Gastroenterology,Adult,Night,Wednesday
2436,835-94-6808,Female,White,13,2023-04-06,10:46:00,60,False,Gastroenterology,Minor,Day,Thursday
2437,856-07-9802,Female,White,23,2023-05-04,05:43:00,34,False,Gastroenterology,Young Adult,Night,Thursday
2438,688-06-4798,Female,White,70,2024-09-20,20:25:00,11,False,Gastroenterology,Senior,Evening,Friday
2439,582-72-6724,Female,White,70,2023-07-30,12:54:00,16,False,Gastroenterology,Senior,Day,Sunday
2440,123-48-8041,Female,White,64,2024-04-07,19:29:00,30,False,Gastroenterology,Older Adult,Evening,Sunday
2441,260-68-9723,Female,White,19,2023-09-27,22:14:00,57,False,Gastroenterology,Minor,Evening,Wednesday
2442,246-48-0846,Female,White,47,2023-06-27,02:35:00,32,False,Gastroenterology,Middle-aged,Night,Tuesday
2443,392-91-5620,Female,White,63,2024-02-25,23:05:00,26,False,General Practice,Older Adult,Night,Sunday
2444,198-08-3001,Female,White,52,2024-03-30,19:42:00,34,False,General Practice,Middle-aged,Evening,Saturday
2445,312-12-5886,Female,White,36,2024-11-10,08:16:00,36,False,General Practice,Adult,Day,Sunday
2446,256-24-0224,Female,White,75,2024-03-25,14:53:00,39,False,General Practice,Senior,Day,Monday
2447,505-50-0210,Female,White,53,2024-07-03,05:49:00,41,False,General Practice,Middle-aged,Night,Wednesday
2448,333-35-9595,Female,White,27,2023-05-17,21:20:00,40,False,General Practice,Young Adult,Evening,Wednesday
2449,745-61-1116,Female,White,75,2023-11-05,05:44:00,47,False,General Practice,Senior,Night,Sunday
2450,731-89-5373,Female,White,30,2024-09-21,18:44:00,60,False,General Practice,Young Adult,Evening,Saturday
2451,109-11-0500,Female,White,25,2024-07-18,16:24:00,22,False,General Practice,Young Adult,Evening,Thursday
2452,631-77-8384,Female,White,38,2023-12-19,21:58:00,24,False,General Practice,Adult,Evening,Tuesday
2453,162-97-8549,Female,White,50,2023-09-16,05:53:00,25,False,General Practice,Middle-aged,Night,Saturday
2454,386-69-5532,Female,White,65,2024-11-10,04:38:00,25,False,General Practice,Senior,Night,Sunday
2455,570-43-7551,Female,White,58,2024-09-23,09:45:00,38,False,General Practice,Older Adult,Day,Monday
2456,744-31-9326,Female,White,16,2024-04-15,14:12:00,23,False,General Practice,Minor,Day,Monday
2457,208-13-0472,Female,White,45,2023-11-21,02:41:00,25,False,General Practice,Middle-aged,Night,Tuesday
2458,667-75-8929,Female,White,5,2024-10-20,10:13:00,38,False,General Practice,Minor,Day,Sunday
2459,167-67-7087,Female,White,35,2024-03-28,05:25:00,52,False,General Practice,Adult,Night,Thursday
2460,304-29-9773,Female,White,43,2023-04-22,21:32:00,55,False,General Practice,Adult,Evening,Saturday
2461,130-34-9435,Female,White,7,2024-10-06,21:40:00,29,False,General Practice,Minor,Evening,Sunday
2462,324-61-3810,Female,White,51,2024-10-13,18:56:00,40,False,General Practice,Middle-aged,Evening,Sunday
2463,769-03-0157,Female,White,50,2023-05-22,09:56:00,60,False,General Practice,Middle-aged,Day,Monday
2464,754-98-4218,Female,White,27,2024-07-27,02:25:00,11,False,General Practice,Young Adult,Night,Saturday
2465,775-45-1167,Female,White,28,2024-10-16,01:26:00,16,False,General Practice,Young Adult,Night,Wednesday
2466,214-64-8639,Female,White,75,2023-04-25,04:33:00,58,False,General Practice,Senior,Night,Tuesday
2467,784-41-9437,Female,White,8,2024-01-18,10:17:00,59,False,General Practice,Minor,Day,Thursday
2468,404-79-6616,Female,White,38,2024-06-18,01:38:00,13,False,General Practice,Adult,Night,Tuesday
2469,243-35-8779,Female,White,78,2024-08-03,02:48:00,38,False,General Practice,Senior,Night,Saturday
2470,898-98-4823,Female,White,56,2023-03-09,16:29:00,48,False,General Practice,Older Adult,Evening,Thursday
2471,564-43-2650,Female,White,63,2023-06-14,12:07:00,14,False,General Practice,Older Adult,Day,Wednesday
2472,216-32-9846,Female,White,66,2023-04-25,10:03:00,30,False,General Practice,Senior,Day,Tuesday
2473,719-19-2025,Female,White,54,2023-07-30,14:40:00,32,False,General Practice,Middle-aged,Day,Sunday
2474,891-56-9495,Female,White,17,2023-04-14,06:17:00,40,False,General Practice,Minor,Night,Friday
2475,242-79-8906,Female,White,64,2023-10-14,17:31:00,60,False,General Practice,Older Adult,Evening,Saturday
2476,593-14-3589,Female,White,33,2024-10-28,18:57:00,17,False,General Practice,Young Adult,Evening,Monday
2477,352-70-3795,Female,White,27,2023-01-06,22:24:00,46,False,General Practice,Young Adult,Evening,Friday
2478,896-70-9335,Female,White,49,2023-10-18,06:55:00,12,False,General Practice,Middle-aged,Night,Wednesday
2479,163-37-3593,Female,White,44,2023-11-09,17:38:00,15,False,General Practice,Adult,Evening,Thursday
2480,852-57-6371,Female,White,37,2024-01-25,00:27:00,17,False,General Practice,Adult,Night,Thursday
2481,227-92-6315,Female,White,69,2024-05-08,18:56:00,30,False,General Practice,Senior,Evening,Wednesday
2482,704-38-7358,Female,White,41,2024-11-07,04:17:00,27,False,General Practice,Adult,Night,Thursday
2483,899-73-5432,Female,White,8,2023-07-30,07:09:00,29,False,General Practice,Minor,Day,Sunday
2484,449-57-7823,Female,White,14,2023-10-25,00:33:00,29,False,General Practice,Minor,Night,Wednesday
2485,386-93-0195,Female,White,6,2023-08-29,15:18:00,31,False,General Practice,Minor,Evening,Tuesday
2486,681-09-1146,Female,White,60,2024-04-25,20:46:00,49,False,General Practice,Older Adult,Evening,Thursday
2487,694-42-3578,Female,White,56,2023-05-05,11:35:00,24,False,General Practice,Older Adult,Day,Friday
2488,828-58-5766,Female,White,30,2024-05-01,00:04:00,29,False,General Practice,Young Adult,Night,Wednesday
2489,232-22-8377,Female,White,75,2024-01-23,16:23:00,44,False,General Practice,Senior,Evening,Tuesday
2490,330-15-2022,Female,White,28,2024-03-25,14:35:00,48,False,General Practice,Young Adult,Day,Monday
2491,293-87-7863,Female,White,69,2024-06-06,05:43:00,54,False,General Practice,Senior,Night,Thursday
2492,624-10-4726,Female,White,20,2023-08-20,11:02:00,57,False,General Practice,Young Adult,Day,Sunday
2493,470-60-5830,Female,White,53,2023-10-12,20:34:00,57,False,General Practice,Middle-aged,Evening,Thursday
2494,737-87-2672,Female,White,32,2024-11-08,05:23:00,27,False,General Practice,Young Adult,Night,Friday
2495,894-85-2431,Female,White,4,2023-11-12,17:44:00,28,False,General Practice,Minor,Evening,Sunday
2496,880-71-5024,Female,White,67,2024-09-17,15:43:00,34,False,General Practice,Senior,Evening,Tuesday
2497,693-79-5815,Female,White,17,2023-04-16,19:37:00,48,False,General Practice,Minor,Evening,Sunday
2498,124-83-1571,Female,White,44,2024-08-19,04:40:00,56,False,General Practice,Adult,Night,Monday
2499,634-04-5264,Female,White,70,2024-09-09,17:25:00,57,False,General Practice,Senior,Evening,Monday
2500,624-07-8564,Female,White,27,2024-12-10,07:34:00,34,False,General Practice,Young Adult,Day,Tuesday
2501,711-91-1753,Female,White,34,2023-10-18,07:28:00,46,False,General Practice,Young Adult,Day,Wednesday
2502,548-51-4965,Female,White,77,2024-02-17,21:15:00,54,False,General Practice,Senior,Evening,Saturday
2503,140-25-6958,Female,White,19,2024-06-20,07:20:00,58,False,General Practice,Minor,Day,Thursday
2504,290-33-0784,Female,White,70,2023-01-12,13:16:00,10,False,General Practice,Senior,Day,Thursday
2505,736-65-1711,Female,White,55,2023-02-11,11:34:00,39,False,General Practice,Older Adult,Day,Saturday
2506,396-62-3227,Female,White,59,2024-04-30,00:59:00,39,False,General Practice,Older Adult,Night,Tuesday
2507,486-16-3524,Female,White,33,2024-09-19,23:19:00,38,False,General Practice,Young Adult,Night,Thursday
2508,824-49-2063,Female,White,1,2023-09-22,20:57:00,56,False,General Practice,Minor,Evening,Friday
2509,725-92-4975,Female,White,35,2023-10-04,04:24:00,19,False,General Practice,Adult,Night,Wednesday
2510,759-28-1275,Female,White,53,2024-02-05,20:04:00,24,False,General Practice,Middle-aged,Evening,Monday
2511,860-61-6074,Female,White,72,2023-05-06,18:45:00,25,False,General Practice,Senior,Evening,Saturday
2512,425-78-2883,Female,White,20,2023-04-12,15:37:00,52,False,General Practice,Young Adult,Evening,Wednesday
2513,262-44-2199,Female,White,6,2023-08-14,03:37:00,54,False,General Practice,Minor,Night,Monday
2514,275-99-2473,Female,White,39,2024-05-07,01:24:00,59,False,General Practice,Adult,Night,Tuesday
2515,394-02-2360,Female,White,37,2024-11-09,00:02:00,22,False,General Practice,Adult,Night,Saturday
2516,526-02-1830,Female,White,42,2024-01-18,15:35:00,46,False,General Practice,Adult,Evening,Thursday
2517,379-54-8312,Female,White,74,2023-04-24,17:51:00,16,False,General Practice,Senior,Evening,Monday
2518,386-17-3826,Female,White,21,2023-12-15,06:08:00,27,False,General Practice,Young Adult,Night,Friday
2519,312-76-3868,Female,White,79,2023-01-06,18:31:00,44,False,General Practice,Senior,Evening,Friday
2520,295-04-1906,Female,White,62,2024-03-09,13:18:00,47,False,General Practice,Older Adult,Day,Saturday
2521,587-40-6537,Female,White,77,2023-05-28,13:19:00,52,False,General Practice,Senior,Day,Sunday
2522,419-26-1516,Female,White,21,2024-10-29,09:13:00,24,False,General Practice,Young Adult,Day,Tuesday
2523,461-76-6137,Female,White,26,2024-05-23,23:32:00,37,False,General Practice,Young Adult,Night,Thursday
2524,552-27-9168,Female,White,57,2024-04-20,13:39:00,28,False,General Practice,Older Adult,Day,Saturday
2525,209-76-3431,Female,White,33,2024-08-30,06:30:00,32,False,General Practice,Young Adult,Night,Friday
2526,509-22-5012,Female,White,15,2023-05-11,06:35:00,43,False,General Practice,Minor,Night,Thursday
2527,665-01-2413,Female,White,5,2024-02-17,22:57:00,36,False,General Practice,Minor,Evening,Saturday
2528,598-59-6394,Female,White,32,2023-06-12,04:00:00,58,False,General Practice,Young Adult,Night,Monday
2529,262-75-8796,Female,White,18,2024-01-17,08:36:00,22,False,General Practice,Minor,Day,Wednesday
2530,635-27-4110,Female,White,9,2023-09-17,03:09:00,32,False,General Practice,Minor,Night,Sunday
2531,823-66-1885,Female,White,39,2023-10-05,16:48:00,23,False,General Practice,Adult,Evening,Thursday
2532,731-69-9552,Female,White,23,2024-08-04,23:13:00,10,False,General Practice,Young Adult,Night,Sunday
2533,766-83-5972,Female,White,42,2024-08-19,03:45:00,39,False,General Practice,Adult,Night,Monday
2534,298-91-5578,Female,White,70,2023-06-27,19:47:00,44,False,General Practice,Senior,Evening,Tuesday
2535,261-20-6037,Female,White,58,2023-04-22,22:10:00,35,False,General Practice,Older Adult,Evening,Saturday
2536,771-03-7336,Female,White,29,2023-02-04,00:43:00,26,False,General Practice,Young Adult,Night,Saturday
2537,196-37-4530,Female,White,3,2023-08-19,23:35:00,42,False,General Practice,Minor,Night,Saturday
2538,235-08-1285,Female,White,58,2023-12-29,08:14:00,14,False,General Practice,Older Adult,Day,Friday
2539,214-91-3829,Female,White,77,2023-01-05,06:05:00,46,False,General Practice,Senior,Night,Thursday
2540,399-75-7983,Female,White,23,2024-05-18,07:46:00,41,False,General Practice,Young Adult,Day,Saturday
2541,614-75-1257,Female,White,11,2024-03-26,05:07:00,58,False,General Practice,Minor,Night,Tuesday
2542,660-42-0591,Female,White,68,2023-10-15,07:04:00,33,False,General Practice,Senior,Day,Sunday
2543,137-94-4888,Female,White,31,2023-03-05,06:23:00,43,False,General Practice,Young Adult,Night,Sunday
2544,768-98-4894,Female,White,61,2023-05-11,09:45:00,52,False,General Practice,Older Adult,Day,Thursday
2545,390-43-5551,Female,White,14,2023-08-12,22:00:00,41,False,General Practice,Minor,Evening,Saturday
2546,323-14-5080,Female,White,8,2023-05-23,15:37:00,14,False,General Practice,Minor,Evening,Tuesday
2547,513-36-1037,Female,White,69,2023-08-21,02:28:00,22,False,General Practice,Senior,Night,Monday
2548,490-11-8769,Female,White,39,2024-01-02,07:32:00,37,False,General Practice,Adult,Day,Tuesday
2549,798-22-8341,Female,White,18,2023-05-10,07:24:00,12,False,General Practice,Minor,Day,Wednesday
2550,762-06-3723,Female,White,22,2024-02-27,11:54:00,52,False,General Practice,Young Adult,Day,Tuesday
2551,556-89-6240,Female,White,58,2023-09-05,19:16:00,16,False,General Practice,Older Adult,Evening,Tuesday
2552,549-72-7509,Female,White,49,2023-11-16,18:04:00,28,False,General Practice,Middle-aged,Evening,Thursday
2553,487-35-6749,Female,White,71,2023-09-11,16:37:00,18,False,General Practice,Senior,Evening,Monday
2554,621-62-5464,Female,White,40,2024-02-01,18:53:00,17,False,General Practice,Adult,Evening,Thursday
2555,306-19-5290,Female,White,27,2024-08-30,02:51:00,42,False,General Practice,Young Adult,Night,Friday
2556,759-80-5949,Female,White,49,2024-10-19,03:55:00,46,False,General Practice,Middle-aged,Night,Saturday
2557,211-58-9428,Female,White,74,2024-08-23,22:21:00,49,False,General Practice,Senior,Evening,Friday
2558,193-77-7514,Female,White,26,2024-05-16,11:02:00,40,False,General Practice,Young Adult,Day,Thursday
2559,863-21-0169,Female,White,39,2023-05-17,02:57:00,19,False,General Practice,Adult,Night,Wednesday
2560,617-16-3537,Female,White,57,2024-08-30,06:27:00,48,False,Neurology,Older Adult,Night,Friday
2561,276-85-5628,Female,White,27,2024-04-27,02:32:00,23,False,Neurology,Young Adult,Night,Saturday
2562,605-75-8255,Female,White,38,2023-05-05,12:58:00,52,False,Neurology,Adult,Day,Friday
2563,716-64-7519,Female,White,51,2023-10-06,05:06:00,39,False,Neurology,Middle-aged,Night,Friday
2564,739-54-8847,Female,White,9,2024-09-23,15:54:00,59,False,Neurology,Minor,Evening,Monday
2565,858-06-1882,Female,White,79,2024-05-04,10:11:00,23,False,Neurology,Senior,Day,Saturday
2566,128-05-1579,Female,White,30,2023-09-06,01:37:00,56,False,Neurology,Young Adult,Night,Wednesday
2567,863-96-5808,Female,White,20,2024-10-10,15:23:00,51,False,Neurology,Young Adult,Evening,Thursday
2568,158-13-3727,Female,White,70,2023-09-22,15:43:00,30,False,Neurology,Senior,Evening,Friday
2569,893-28-5273,Female,White,23,2023-01-06,23:31:00,42,False,Neurology,Young Adult,Night,Friday
2570,254-35-5734,Female,White,32,2024-01-02,04:11:00,60,False,Neurology,Young Adult,Night,Tuesday
2571,426-94-0569,Female,White,35,2024-10-17,04:42:00,49,False,Neurology,Adult,Night,Thursday
2572,242-46-7448,Female,White,29,2024-03-08,03:50:00,20,False,Neurology,Young Adult,Night,Friday
2573,115-71-1308,Female,White,1,2024-04-26,21:32:00,12,False,No referral.,Minor,Evening,Friday
2574,493-76-6065,Female,White,27,2024-08-04,14:59:00,13,False,No referral.,Young Adult,Day,Sunday
2575,307-83-2857,Female,White,18,2024-02-08,18:49:00,21,False,No referral.,Minor,Evening,Thursday
2576,283-68-9956,Female,White,10,2023-12-28,06:33:00,23,False,No referral.,Minor,Night,Thursday
2577,162-06-4044,Female,White,45,2023-10-18,00:17:00,27,False,No referral.,Middle-aged,Night,Wednesday
2578,820-21-1992,Female,White,41,2023-09-28,05:09:00,33,False,No referral.,Adult,Night,Thursday
2579,440-08-8558,Female,White,49,2023-03-12,22:47:00,33,False,No referral.,Middle-aged,Evening,Sunday
2580,873-95-7772,Female,White,36,2023-07-17,08:11:00,38,False,No referral.,Adult,Day,Monday
2581,175-29-2235,Female,White,57,2024-01-31,03:57:00,38,False,No referral.,Older Adult,Night,Wednesday
2582,748-73-6404,Female,White,63,2023-12-15,22:49:00,40,False,No referral.,Older Adult,Evening,Friday
2583,427-96-4240,Female,White,36,2023-05-30,03:10:00,10,False,No referral.,Adult,Night,Tuesday
2584,141-90-4537,Female,White,15,2024-03-20,12:07:00,15,False,No referral.,Minor,Day,Wednesday
2585,243-08-9374,Female,White,63,2023-04-05,15:09:00,16,False,No referral.,Older Adult,Evening,Wednesday
2586,740-40-8810,Female,White,43,2023-07-14,10:33:00,21,False,No referral.,Adult,Day,Friday
2587,159-15-1286,Female,White,75,2023-07-25,06:17:00,22,False,No referral.,Senior,Night,Tuesday
2588,304-66-6297,Female,White,31,2024-02-18,14:26:00,39,False,No referral.,Young Adult,Day,Sunday
2589,312-86-7147,Female,White,37,2024-08-31,18:12:00,43,False,No referral.,Adult,Evening,Saturday
2590,471-34-5753,Female,White,76,2024-01-15,21:23:00,55,False,No referral.,Senior,Evening,Monday
2591,123-01-6587,Female,White,59,2023-05-15,21:49:00,59,False,No referral.,Older Adult,Evening,Monday
2592,148-71-3350,Female,White,22,2023-09-27,19:01:00,19,False,No referral.,Young Adult,Evening,Wednesday
2593,310-57-6808,Female,White,40,2024-10-24,09:35:00,27,False,No referral.,Adult,Day,Thursday
2594,429-49-9383,Female,White,43,2023-07-30,06:07:00,35,False,No referral.,Adult,Night,Sunday
2595,636-65-9131,Female,White,74,2023-01-10,04:06:00,40,False,No referral.,Senior,Night,Tuesday
2596,117-34-7854,Female,White,4,2024-08-09,21:19:00,55,False,No referral.,Minor,Evening,Friday
2597,534-58-7485,Female,White,60,2023-12-28,11:53:00,58,False,No referral.,Older Adult,Day,Thursday
2598,872-17-6505,Female,White,59,2023-05-29,07:54:00,14,False,No referral.,Older Adult,Day,Monday
2599,410-07-3685,Female,White,57,2023-07-15,16:35:00,19,False,No referral.,Older Adult,Evening,Saturday
2600,642-02-9790,Female,White,23,2024-02-08,06:26:00,20,False,No referral.,Young Adult,Night,Thursday
2601,732-15-8159,Female,White,49,2023-06-08,23:08:00,22,False,No referral.,Middle-aged,Night,Thursday
2602,665-11-9872,Female,White,42,2024-05-29,08:57:00,28,False,No referral.,Adult,Day,Wednesday
2603,893-49-6850,Female,White,37,2024-10-22,06:52:00,30,False,No referral.,Adult,Night,Tuesday
2604,217-68-5823,Female,White,43,2023-05-22,23:11:00,30,False,No referral.,Adult,Night,Monday
2605,789-66-3333,Female,White,69,2024-04-20,16:11:00,52,False,No referral.,Senior,Evening,Saturday
2606,413-65-7874,Female,White,28,2023-05-19,01:42:00,55,False,No referral.,Young Adult,Night,Friday
2607,728-48-6496,Female,White,13,2023-01-11,03:11:00,16,False,No referral.,Minor,Night,Wednesday
2608,869-21-9278,Female,White,20,2023-09-14,19:39:00,19,False,No referral.,Young Adult,Evening,Thursday
2609,170-06-8817,Female,White,18,2024-04-13,09:06:00,27,False,No referral.,Minor,Day,Saturday
2610,375-90-1345,Female,White,71,2023-05-12,12:19:00,44,False,No referral.,Senior,Day,Friday
2611,356-43-7542,Female,White,5,2024-01-02,23:57:00,50,False,No referral.,Minor,Night,Tuesday
2612,481-80-2217,Female,White,15,2024-02-03,17:20:00,55,False,No referral.,Minor,Evening,Saturday
2613,533-87-1299,Female,White,28,2024-01-01,12:55:00,57,False,No referral.,Young Adult,Day,Monday
2614,356-90-7296,Female,White,39,2023-12-27,08:14:00,57,False,No referral.,Adult,Day,Wednesday
2615,886-27-9586,Female,White,23,2024-05-26,11:58:00,18,False,No referral.,Young Adult,Day,Sunday
2616,703-41-7007,Female,White,58,2023-04-18,02:50:00,35,False,No referral.,Older Adult,Night,Tuesday
2617,249-96-3585,Female,White,36,2024-08-19,03:01:00,37,False,No referral.,Adult,Night,Monday
2618,138-23-1611,Female,White,5,2023-07-16,11:32:00,48,False,No referral.,Minor,Day,Sunday
2619,121-27-3643,Female,White,75,2024-07-04,08:15:00,16,False,No referral.,Senior,Day,Thursday
2620,810-44-3227,Female,White,76,2023-11-28,20:27:00,20,False,No referral.,Senior,Evening,Tuesday
2621,186-51-7721,Female,White,35,2024-02-26,07:12:00,24,False,No referral.,Adult,Day,Monday
2622,401-77-7410,Female,White,55,2023-08-06,16:09:00,24,False,No referral.,Older Adult,Evening,Sunday
2623,349-99-1289,Female,White,42,2023-08-05,05:54:00,31,False,No referral.,Adult,Night,Saturday
2624,101-60-5189,Female,White,45,2024-04-08,16:53:00,43,False,No referral.,Middle-aged,Evening,Monday
2625,899-55-9031,Female,White,31,2024-04-24,22:08:00,46,False,No referral.,Young Adult,Evening,Wednesday
2626,778-65-4673,Female,White,13,2024-01-07,12:56:00,49,False,No referral.,Minor,Day,Sunday
2627,248-18-0030,Female,White,7,2023-05-30,08:59:00,54,False,No referral.,Minor,Day,Tuesday
2628,811-98-4727,Female,White,58,2023-07-29,23:29:00,58,False,No referral.,Older Adult,Night,Saturday
2629,111-52-9197,Female,White,64,2023-01-04,19:07:00,59,False,No referral.,Older Adult,Evening,Wednesday
2630,245-85-4529,Female,White,11,2024-06-07,22:15:00,60,False,No referral.,Minor,Evening,Friday
2631,522-70-1823,Female,White,10,2024-07-19,22:26:00,20,False,No referral.,Minor,Evening,Friday
2632,695-96-3195,Female,White,45,2024-06-28,01:39:00,22,False,No referral.,Middle-aged,Night,Friday
2633,881-39-8203,Female,White,77,2024-10-08,23:50:00,27,False,No referral.,Senior,Night,Tuesday
2634,665-57-2100,Female,White,72,2024-01-08,11:09:00,30,False,No referral.,Senior,Day,Monday
2635,669-85-1884,Female,White,11,2024-12-07,14:03:00,34,False,No referral.,Minor,Day,Saturday
2636,688-42-3225,Female,White,49,2023-12-24,16:27:00,47,False,No referral.,Middle-aged,Evening,Sunday
2637,314-15-4273,Female,White,1,2023-10-12,12:32:00,55,False,No referral.,Minor,Day,Thursday
2638,104-41-1688,Female,White,22,2023-08-04,11:22:00,55,False,No referral.,Young Adult,Day,Friday
2639,816-27-9410,Female,White,4,2023-11-29,06:57:00,11,False,No referral.,Minor,Night,Wednesday
2640,335-18-8563,Female,White,36,2023-04-06,11:05:00,15,False,No referral.,Adult,Day,Thursday
2641,347-87-0017,Female,White,73,2023-09-20,12:11:00,17,False,No referral.,Senior,Day,Wednesday
2642,153-06-0149,Female,White,4,2023-04-15,18:28:00,22,False,No referral.,Minor,Evening,Saturday
2643,820-78-6035,Female,White,28,2023-04-26,22:00:00,22,False,No referral.,Young Adult,Evening,Wednesday
2644,686-76-3824,Female,White,51,2024-10-16,18:26:00,32,False,No referral.,Middle-aged,Evening,Wednesday
2645,190-62-3939,Female,White,15,2024-06-23,08:43:00,33,False,No referral.,Minor,Day,Sunday
2646,695-82-0712,Female,White,75,2023-07-12,12:59:00,34,False,No referral.,Senior,Day,Wednesday
2647,728-85-5305,Female,White,22,2023-09-10,17:26:00,43,False,No referral.,Young Adult,Evening,Sunday
2648,745-85-7922,Female,White,46,2023-08-18,13:14:00,53,False,No referral.,Middle-aged,Day,Friday
2649,607-81-6711,Female,White,8,2024-02-23,05:38:00,58,False,No referral.,Minor,Night,Friday
2650,775-92-7178,Female,White,17,2023-08-13,03:31:00,10,False,No referral.,Minor,Night,Sunday
2651,886-57-1192,Female,White,7,2023-10-31,18:02:00,17,False,No referral.,Minor,Evening,Tuesday
2652,685-87-5099,Female,White,22,2024-09-08,20:29:00,19,False,No referral.,Young Adult,Evening,Sunday
2653,278-16-0978,Female,White,61,2023-06-19,02:24:00,20,False,No referral.,Older Adult,Night,Monday
2654,778-84-9008,Female,White,7,2024-07-29,13:38:00,33,False,No referral.,Minor,Day,Monday
2655,382-31-9718,Female,White,46,2023-07-20,18:52:00,38,False,No referral.,Middle-aged,Evening,Thursday
2656,801-07-7339,Female,White,9,2024-06-17,14:06:00,44,False,No referral.,Minor,Day,Monday
2657,625-89-1102,Female,White,18,2023-05-12,09:11:00,51,False,No referral.,Minor,Day,Friday
2658,838-81-9021,Female,White,22,2024-07-02,05:31:00,10,False,No referral.,Young Adult,Night,Tuesday
2659,839-41-1835,Female,White,7,2023-12-05,10:43:00,14,False,No referral.,Minor,Day,Tuesday
2660,729-89-2202,Female,White,74,2024-05-20,03:20:00,26,False,No referral.,Senior,Night,Monday
2661,202-25-2915,Female,White,43,2023-10-30,15:25:00,27,False,No referral.,Adult,Evening,Monday
2662,273-14-8894,Female,White,55,2023-02-12,17:10:00,28,False,No referral.,Older Adult,Evening,Sunday
2663,746-23-4827,Female,White,6,2023-02-05,18:25:00,40,False,No referral.,Minor,Evening,Sunday
2664,733-12-3253,Female,White,53,2024-01-29,08:11:00,52,False,No referral.,Middle-aged,Day,Monday
2665,343-57-5815,Female,White,51,2023-12-30,02:21:00,55,False,No referral.,Middle-aged,Night,Saturday
2666,630-94-7356,Female,White,72,2024-07-07,13:31:00,13,False,No referral.,Senior,Day,Sunday
2667,794-82-3847,Female,White,60,2024-12-02,21:02:00,17,False,No referral.,Older Adult,Evening,Monday
2668,316-13-4077,Female,White,3,2024-07-21,18:13:00,18,False,No referral.,Minor,Evening,Sunday
2669,886-03-1751,Female,White,41,2024-04-28,04:53:00,19,False,No referral.,Adult,Night,Sunday
2670,893-49-5294,Female,White,69,2023-12-28,18:31:00,26,False,No referral.,Senior,Evening,Thursday
2671,315-63-4355,Female,White,72,2024-09-17,08:42:00,29,False,No referral.,Senior,Day,Tuesday
2672,187-74-1267,Female,White,3,2024-05-19,14:29:00,32,False,No referral.,Minor,Day,Sunday
2673,293-46-1362,Female,White,16,2023-02-06,00:24:00,32,False,No referral.,Minor,Night,Monday
2674,250-32-3822,Female,White,27,2023-10-30,16:03:00,40,False,No referral.,Young Adult,Evening,Monday
2675,157-96-7378,Female,White,47,2024-02-17,06:42:00,45,False,No referral.,Middle-aged,Night,Saturday
2676,415-66-4951,Female,White,67,2023-05-21,15:45:00,49,False,No referral.,Senior,Evening,Sunday
2677,844-81-6009,Female,White,43,2024-07-21,15:43:00,53,False,No referral.,Adult,Evening,Sunday
2678,579-48-1437,Female,White,9,2023-04-08,22:45:00,60,False,No referral.,Minor,Evening,Saturday
2679,607-93-7414,Female,White,49,2024-02-25,11:39:00,13,False,No referral.,Middle-aged,Day,Sunday
2680,100-04-3993,Female,White,29,2023-04-04,04:50:00,16,False,No referral.,Young Adult,Night,Tuesday
2681,545-72-4306,Female,White,2,2024-04-13,08:13:00,25,False,No referral.,Minor,Day,Saturday
2682,649-31-1998,Female,White,63,2024-07-14,21:05:00,26,False,No referral.,Older Adult,Evening,Sunday
2683,685-99-9934,Female,White,18,2024-03-06,00:49:00,35,False,No referral.,Minor,Night,Wednesday
2684,604-72-2115,Female,White,32,2024-11-06,21:11:00,37,False,No referral.,Young Adult,Evening,Wednesday
2685,466-62-5683,Female,White,61,2023-11-23,13:50:00,41,False,No referral.,Older Adult,Day,Thursday
2686,686-87-6613,Female,White,75,2024-10-05,03:11:00,45,False,No referral.,Senior,Night,Saturday
2687,206-19-3396,Female,White,32,2023-10-29,02:11:00,52,False,No referral.,Young Adult,Night,Sunday
2688,267-55-1101,Female,White,10,2023-09-30,18:23:00,57,False,No referral.,Minor,Evening,Saturday
2689,146-48-1270,Female,White,23,2024-05-19,04:25:00,11,False,No referral.,Young Adult,Night,Sunday
2690,363-91-7135,Female,White,51,2024-05-03,18:49:00,11,False,No referral.,Middle-aged,Evening,Friday
2691,806-43-1330,Female,White,72,2024-09-08,07:54:00,11,False,No referral.,Senior,Day,Sunday
2692,393-31-6473,Female,White,30,2024-04-16,23:42:00,16,False,No referral.,Young Adult,Night,Tuesday
2693,781-31-2173,Female,White,60,2023-07-17,18:55:00,20,False,No referral.,Older Adult,Evening,Monday
2694,860-64-5355,Female,White,18,2024-04-07,22:15:00,27,False,No referral.,Minor,Evening,Sunday
2695,622-90-4135,Female,White,25,2024-02-29,00:51:00,36,False,No referral.,Young Adult,Night,Thursday
2696,701-32-1463,Female,White,67,2024-09-03,04:31:00,40,False,No referral.,Senior,Night,Tuesday
2697,621-92-0440,Female,White,15,2023-05-11,18:08:00,45,False,No referral.,Minor,Evening,Thursday
2698,110-73-7294,Female,White,63,2023-07-08,17:51:00,56,False,No referral.,Older Adult,Evening,Saturday
2699,802-43-8558,Female,White,57,2023-01-10,08:27:00,11,False,No referral.,Older Adult,Day,Tuesday
2700,451-83-4132,Female,White,22,2024-12-02,12:22:00,24,False,No referral.,Young Adult,Day,Monday
2701,760-69-8796,Female,White,74,2024-06-20,18:00:00,26,False,No referral.,Senior,Evening,Thursday
2702,370-75-6636,Female,White,4,2023-05-30,08:21:00,32,False,No referral.,Minor,Day,Tuesday
2703,372-60-0704,Female,White,37,2024-12-05,02:25:00,32,False,No referral.,Adult,Night,Thursday
2704,466-80-6058,Female,White,27,2024-06-29,19:42:00,39,False,No referral.,Young Adult,Evening,Saturday
2705,218-23-7747,Female,White,27,2024-03-09,02:12:00,46,False,No referral.,Young Adult,Night,Saturday
2706,392-38-0122,Female,White,64,2024-04-14,05:39:00,47,False,No referral.,Older Adult,Night,Sunday
2707,890-11-8619,Female,White,43,2023-07-08,16:21:00,51,False,No referral.,Adult,Evening,Saturday
2708,742-08-0457,Female,White,5,2023-09-06,04:39:00,59,False,No referral.,Minor,Night,Wednesday
2709,448-67-4574,Female,White,41,2024-06-24,21:58:00,12,False,No referral.,Adult,Evening,Monday
2710,389-45-4781,Female,White,24,2024-03-22,00:09:00,15,False,No referral.,Young Adult,Night,Friday
2711,372-42-1419,Female,White,25,2024-03-24,09:51:00,20,False,No referral.,Young Adult,Day,Sunday
2712,786-79-3778,Female,White,69,2023-08-16,00:18:00,20,False,No referral.,Senior,Night,Wednesday
2713,839-32-4736,Female,White,35,2023-12-12,15:39:00,23,False,No referral.,Adult,Evening,Tuesday
2714,616-29-5551,Female,White,22,2023-01-08,22:41:00,25,False,No referral.,Young Adult,Evening,Sunday
2715,389-33-9944,Female,White,65,2023-07-05,23:28:00,27,False,No referral.,Senior,Night,Wednesday
2716,170-78-1385,Female,White,30,2024-03-08,14:16:00,31,False,No referral.,Young Adult,Day,Friday
2717,850-70-6234,Female,White,66,2023-08-20,19:46:00,33,False,No referral.,Senior,Evening,Sunday
2718,529-82-7621,Female,White,44,2023-11-17,22:27:00,52,False,No referral.,Adult,Evening,Friday
2719,151-32-6273,Female,White,62,2024-06-05,08:58:00,56,False,No referral.,Older Adult,Day,Wednesday
2720,713-59-1709,Female,White,33,2023-08-19,19:43:00,13,False,No referral.,Young Adult,Evening,Saturday
2721,208-57-1411,Female,White,75,2024-06-19,21:40:00,20,False,No referral.,Senior,Evening,Wednesday
2722,202-31-8321,Female,White,51,2024-02-15,13:40:00,23,False,No referral.,Middle-aged,Day,Thursday
2723,108-45-7414,Female,White,34,2024-01-26,05:43:00,28,False,No referral.,Young Adult,Night,Friday
2724,615-10-6038,Female,White,52,2024-08-31,09:53:00,38,False,No referral.,Middle-aged,Day,Saturday
2725,843-63-4258,Female,White,35,2024-04-23,12:12:00,41,False,No referral.,Adult,Day,Tuesday
2726,378-50-4904,Female,White,2,2023-10-31,14:25:00,45,False,No referral.,Minor,Day,Tuesday
2727,255-19-2946,Female,White,59,2024-09-09,11:18:00,45,False,No referral.,Older Adult,Day,Monday
2728,730-33-4575,Female,White,44,2024-01-18,22:00:00,60,False,No referral.,Adult,Evening,Thursday
2729,765-93-0785,Female,White,11,2024-04-21,07:15:00,19,False,No referral.,Minor,Day,Sunday
2730,606-24-1350,Female,White,54,2024-06-06,08:18:00,21,False,No referral.,Middle-aged,Day,Thursday
2731,692-37-6345,Female,White,15,2023-06-30,11:41:00,29,False,No referral.,Minor,Day,Friday
2732,215-53-0351,Female,White,55,2023-05-07,18:56:00,32,False,No referral.,Older Adult,Evening,Sunday
2733,405-62-2584,Female,White,7,2024-04-04,05:35:00,25,False,No referral.,Minor,Night,Thursday
2734,573-36-8002,Female,White,8,2023-11-24,23:33:00,27,False,No referral.,Minor,Night,Friday
2735,140-51-8841,Female,White,16,2023-12-14,01:27:00,34,False,No referral.,Minor,Night,Thursday
2736,154-15-2617,Female,White,50,2024-06-19,10:08:00,38,False,No referral.,Middle-aged,Day,Wednesday
2737,837-47-2662,Female,White,27,2024-04-08,09:27:00,42,False,No referral.,Young Adult,Day,Monday
2738,896-98-1041,Female,White,12,2024-02-27,02:53:00,44,False,No referral.,Minor,Night,Tuesday
2739,683-01-7970,Female,White,3,2023-05-29,00:06:00,45,False,No referral.,Minor,Night,Monday
2740,433-13-6881,Female,White,63,2023-08-20,05:57:00,57,False,No referral.,Older Adult,Night,Sunday
2741,367-87-1289,Female,White,9,2023-11-19,18:47:00,17,False,No referral.,Minor,Evening,Sunday
2742,750-23-2793,Female,White,34,2023-04-20,15:43:00,18,False,No referral.,Young Adult,Evening,Thursday
2743,192-34-8866,Female,White,63,2023-11-16,21:53:00,22,False,No referral.,Older Adult,Evening,Thursday
2744,261-16-1672,Female,White,55,2023-12-08,04:53:00,26,False,No referral.,Older Adult,Night,Friday
2745,674-12-8997,Female,White,18,2024-02-07,06:30:00,33,False,No referral.,Minor,Night,Wednesday
2746,611-56-4055,Female,White,22,2023-09-20,01:04:00,37,False,No referral.,Young Adult,Night,Wednesday
2747,168-08-3622,Female,White,72,2023-10-28,23:15:00,43,False,No referral.,Senior,Night,Saturday
2748,525-26-1951,Female,White,2,2024-05-16,12:16:00,48,False,No referral.,Minor,Day,Thursday
2749,233-10-7135,Female,White,24,2023-06-22,04:40:00,20,False,No referral.,Young Adult,Night,Thursday
2750,318-26-1414,Female,White,27,2024-09-28,14:47:00,23,False,No referral.,Young Adult,Day,Saturday
2751,790-73-9010,Female,White,15,2024-05-24,06:36:00,27,False,No referral.,Minor,Night,Friday
2752,304-16-6136,Female,White,52,2024-11-07,03:42:00,37,False,No referral.,Middle-aged,Night,Thursday
2753,370-63-2061,Female,White,53,2023-06-11,05:13:00,45,False,No referral.,Middle-aged,Night,Sunday
2754,135-81-4176,Female,White,22,2023-06-26,19:12:00,56,False,No referral.,Young Adult,Evening,Monday
2755,727-03-0231,Female,White,53,2023-04-18,00:14:00,59,False,No referral.,Middle-aged,Night,Tuesday
2756,167-98-2758,Female,White,10,2023-11-30,16:12:00,11,False,No referral.,Minor,Evening,Thursday
2757,473-28-7174,Female,White,47,2023-09-29,21:40:00,14,False,No referral.,Middle-aged,Evening,Friday
2758,277-12-6417,Female,White,66,2023-03-09,11:13:00,40,False,No referral.,Senior,Day,Thursday
2759,371-39-0855,Female,White,15,2024-03-15,05:48:00,51,False,No referral.,Minor,Night,Friday
2760,438-38-9392,Female,White,70,2024-01-23,12:50:00,59,False,No referral.,Senior,Day,Tuesday
2761,648-60-8938,Female,White,79,2023-08-05,18:01:00,60,False,No referral.,Senior,Evening,Saturday
2762,310-05-1868,Female,White,12,2024-04-03,21:13:00,19,False,No referral.,Minor,Evening,Wednesday
2763,210-50-1801,Female,White,76,2024-01-04,08:46:00,23,False,No referral.,Senior,Day,Thursday
2764,110-38-1118,Female,White,45,2024-09-08,22:49:00,45,False,No referral.,Middle-aged,Evening,Sunday
2765,330-88-2389,Female,White,73,2023-10-19,07:33:00,45,False,No referral.,Senior,Day,Thursday
2766,261-65-5742,Female,White,77,2023-04-13,13:48:00,10,False,No referral.,Senior,Day,Thursday
2767,561-56-3940,Female,White,16,2024-03-25,09:52:00,17,False,No referral.,Minor,Day,Monday
2768,174-22-5046,Female,White,29,2023-10-07,12:57:00,23,False,No referral.,Young Adult,Day,Saturday
2769,419-41-5696,Female,White,74,2024-08-26,08:06:00,27,False,No referral.,Senior,Day,Monday
2770,180-76-2943,Female,White,1,2024-06-15,19:14:00,29,False,No referral.,Minor,Evening,Saturday
2771,559-71-3169,Female,White,13,2024-07-25,00:39:00,30,False,No referral.,Minor,Night,Thursday
2772,852-82-9914,Female,White,41,2023-11-09,05:45:00,41,False,No referral.,Adult,Night,Thursday
2773,657-61-2319,Female,White,77,2024-10-03,23:18:00,48,False,No referral.,Senior,Night,Thursday
2774,738-82-3669,Female,White,79,2023-03-08,18:29:00,48,False,No referral.,Senior,Evening,Wednesday
2775,600-74-3535,Female,White,9,2023-07-08,02:22:00,49,False,No referral.,Minor,Night,Saturday
2776,200-22-2878,Female,White,57,2023-05-16,05:28:00,49,False,No referral.,Older Adult,Night,Tuesday
2777,891-62-7156,Female,White,75,2023-12-30,01:57:00,50,False,No referral.,Senior,Night,Saturday
2778,191-27-8899,Female,White,34,2024-09-27,22:26:00,52,False,No referral.,Young Adult,Evening,Friday
2779,278-69-7509,Female,White,53,2024-04-08,15:19:00,53,False,No referral.,Middle-aged,Evening,Monday
2780,637-94-0312,Female,White,59,2023-10-09,07:44:00,16,False,No referral.,Older Adult,Day,Monday
2781,651-85-3281,Female,White,24,2023-08-24,06:05:00,20,False,No referral.,Young Adult,Night,Thursday
2782,299-88-9999,Female,White,63,2024-09-17,07:08:00,22,False,No referral.,Older Adult,Day,Tuesday
2783,600-63-1753,Female,White,24,2023-08-07,09:55:00,26,False,No referral.,Young Adult,Day,Monday
2784,705-90-0854,Female,White,69,2023-06-09,04:22:00,31,False,No referral.,Senior,Night,Friday
2785,881-42-6523,Female,White,44,2023-08-12,11:15:00,42,False,No referral.,Adult,Day,Saturday
2786,712-65-0532,Female,White,68,2023-08-16,04:27:00,42,False,No referral.,Senior,Night,Wednesday
2787,285-35-2292,Female,White,36,2024-03-03,07:03:00,49,False,No referral.,Adult,Day,Sunday
2788,405-64-0256,Female,White,64,2024-06-22,04:45:00,51,False,No referral.,Older Adult,Night,Saturday
2789,795-63-6602,Female,White,14,2023-05-21,06:13:00,55,False,No referral.,Minor,Night,Sunday
2790,724-76-3876,Female,White,43,2024-12-04,23:37:00,57,False,No referral.,Adult,Night,Wednesday
2791,788-52-8242,Female,White,48,2024-04-29,16:37:00,10,False,No referral.,Middle-aged,Evening,Monday
2792,331-63-7662,Female,White,62,2023-04-30,22:19:00,11,False,No referral.,Older Adult,Evening,Sunday
2793,542-32-4303,Female,White,41,2024-05-08,01:25:00,25,False,No referral.,Adult,Night,Wednesday
2794,681-60-5890,Female,White,18,2023-12-14,17:34:00,27,False,No referral.,Minor,Evening,Thursday
2795,205-32-4024,Female,White,61,2023-12-25,04:38:00,31,False,No referral.,Older Adult,Night,Monday
2796,714-04-8028,Female,White,53,2023-08-19,16:35:00,39,False,No referral.,Middle-aged,Evening,Saturday
2797,522-98-0828,Female,White,7,2023-12-06,18:43:00,52,False,No referral.,Minor,Evening,Wednesday
2798,389-02-6025,Female,White,18,2024-07-25,09:09:00,56,False,No referral.,Minor,Day,Thursday
2799,536-37-9223,Female,White,42,2024-05-28,12:32:00,27,False,No referral.,Adult,Day,Tuesday
2800,309-58-3156,Female,White,69,2023-07-16,20:43:00,29,False,No referral.,Senior,Evening,Sunday
2801,219-41-5143,Female,White,53,2024-01-07,15:54:00,44,False,No referral.,Middle-aged,Evening,Sunday
2802,507-18-9945,Female,White,53,2023-12-29,23:38:00,14,False,No referral.,Middle-aged,Night,Friday
2803,518-59-9140,Female,White,74,2024-08-08,01:39:00,27,False,No referral.,Senior,Night,Thursday
2804,887-81-0302,Female,White,27,2024-12-05,12:56:00,16,False,No referral.,Young Adult,Day,Thursday
2805,478-28-3152,Female,White,69,2023-11-28,04:09:00,33,False,No referral.,Senior,Night,Tuesday
2806,762-48-6422,Female,White,60,2024-05-31,03:58:00,52,False,No referral.,Older Adult,Night,Friday
2807,849-50-0138,Female,White,22,2024-07-05,04:54:00,60,False,No referral.,Young Adult,Night,Friday
2808,508-47-0601,Female,White,60,2023-02-05,08:43:00,18,False,No referral.,Older Adult,Day,Sunday
2809,259-14-9232,Female,White,26,2023-06-04,00:56:00,24,False,No referral.,Young Adult,Night,Sunday
2810,152-65-5703,Female,White,72,2024-06-18,22:00:00,15,False,No referral.,Senior,Evening,Tuesday
2811,654-74-6226,Female,White,45,2023-06-18,01:59:00,43,False,No referral.,Middle-aged,Night,Sunday
2812,864-39-8168,Female,White,67,2023-11-10,11:17:00,28,False,No referral.,Senior,Day,Friday
2813,672-03-7924,Female,White,26,2024-04-06,16:50:00,19,False,No referral.,Young Adult,Evening,Saturday
2814,171-47-9048,Female,White,67,2024-02-13,19:01:00,17,False,No referral.,Senior,Evening,Tuesday
2815,704-26-0836,Female,White,32,2024-05-23,23:14:00,45,False,No referral.,Young Adult,Night,Thursday
2816,277-99-9308,Female,White,67,2024-03-16,16:16:00,43,False,No referral.,Senior,Evening,Saturday
2817,811-38-7866,Female,White,7,2023-10-18,15:57:00,39,False,No referral.,Minor,Evening,Wednesday
2818,625-37-2390,Female,White,60,2023-05-05,15:50:00,18,False,No referral.,Older Adult,Evening,Friday
2819,781-73-2733,Female,White,65,2023-05-11,07:18:00,49,False,No referral.,Senior,Day,Thursday
2820,224-04-4489,Female,White,39,2024-07-17,11:25:00,11,False,No referral.,Adult,Day,Wednesday
2821,113-47-3396,Female,White,42,2023-07-20,22:55:00,50,False,No referral.,Adult,Evening,Thursday
2822,695-76-1933,Female,White,66,2024-08-07,08:02:00,46,False,No referral.,Senior,Day,Wednesday
2823,857-38-9352,Female,White,13,2023-11-30,19:01:00,49,False,No referral.,Minor,Evening,Thursday
2824,169-34-3725,Female,White,62,2023-06-17,14:29:00,21,False,No referral.,Older Adult,Day,Saturday
2825,487-63-8783,Female,White,73,2023-07-20,20:27:00,36,False,No referral.,Senior,Evening,Thursday
2826,678-73-4267,Female,White,1,2023-11-19,14:10:00,37,False,No referral.,Minor,Day,Sunday
2827,465-84-4385,Female,White,18,2024-05-04,05:53:00,44,False,No referral.,Minor,Night,Saturday
2828,576-08-7899,Female,White,72,2023-08-06,02:11:00,46,False,No referral.,Senior,Night,Sunday
2829,358-91-0735,Female,White,63,2023-10-19,23:21:00,42,False,No referral.,Older Adult,Night,Thursday
2830,100-84-7203,Female,White,37,2023-06-13,21:33:00,55,False,No referral.,Adult,Evening,Tuesday
2831,777-20-5908,Female,White,55,2024-06-21,08:25:00,60,False,No referral.,Older Adult,Day,Friday
2832,361-75-8418,Female,White,34,2023-12-10,15:26:00,44,False,No referral.,Young Adult,Evening,Sunday
2833,580-75-8753,Female,White,71,2024-08-06,21:43:00,38,False,No referral.,Senior,Evening,Tuesday
2834,515-64-2739,Female,White,60,2024-05-17,19:26:00,55,False,No referral.,Older Adult,Evening,Friday
2835,251-41-9778,Female,White,36,2024-03-30,14:16:00,59,False,No referral.,Adult,Day,Saturday
2836,890-16-9208,Female,White,73,2024-04-30,09:40:00,43,False,No referral.,Senior,Day,Tuesday
2837,825-75-2269,Female,White,42,2024-09-25,02:47:00,47,False,No referral.,Adult,Night,Wednesday
2838,201-35-2507,Female,White,57,2023-09-17,00:35:00,41,False,No referral.,Older Adult,Night,Sunday
2839,131-81-9850,Female,White,54,2024-01-25,21:53:00,28,False,No referral.,Middle-aged,Evening,Thursday
2840,404-55-4051,Female,White,19,2023-08-24,07:23:00,60,False,No referral.,Minor,Day,Thursday
2841,711-41-6622,Female,White,23,2023-06-22,21:58:00,32,False,No referral.,Young Adult,Evening,Thursday
2842,156-45-0074,Female,White,76,2023-10-08,21:46:00,39,False,No referral.,Senior,Evening,Sunday
2843,220-78-7254,Female,White,11,2024-07-18,02:18:00,48,False,No referral.,Minor,Night,Thursday
2844,672-52-6379,Female,White,19,2024-01-22,04:05:00,35,False,No referral.,Minor,Night,Monday
2845,789-37-2567,Female,White,49,2023-10-31,07:28:00,39,False,No referral.,Middle-aged,Day,Tuesday
2846,174-20-1756,Female,White,32,2024-07-31,22:41:00,48,False,No referral.,Young Adult,Evening,Wednesday
2847,279-48-0099,Female,White,15,2023-06-10,02:12:00,59,False,No referral.,Minor,Night,Saturday
2848,898-70-4805,Female,White,27,2023-05-12,16:56:00,56,False,No referral.,Young Adult,Evening,Friday
2849,467-58-7994,Female,White,61,2023-09-06,09:30:00,57,False,No referral.,Older Adult,Day,Wednesday
2850,365-52-7650,Female,White,68,2024-08-01,02:00:00,58,False,No referral.,Senior,Night,Thursday
2851,641-52-3173,Female,White,37,2024-01-01,04:59:00,10,False,No referral.,Adult,Night,Monday
2852,692-89-7681,Female,White,24,2023-08-29,21:19:00,59,False,No referral.,Young Adult,Evening,Tuesday
2853,252-05-5600,Female,White,12,2024-05-15,05:46:00,25,False,No referral.,Minor,Night,Wednesday
2854,726-37-1120,Female,White,41,2024-07-03,15:49:00,54,False,No referral.,Adult,Evening,Wednesday
2855,524-87-1820,Female,White,56,2024-02-02,01:08:00,43,False,No referral.,Older Adult,Night,Friday
2856,535-36-0130,Female,White,50,2024-03-09,17:53:00,19,False,No referral.,Middle-aged,Evening,Saturday
2857,140-37-0074,Female,White,33,2023-07-11,15:22:00,35,False,No referral.,Young Adult,Evening,Tuesday
2858,586-32-2671,Female,White,41,2024-08-14,06:02:00,30,False,No referral.,Adult,Night,Wednesday
2859,441-35-9026,Female,White,73,2024-06-23,00:25:00,17,False,No referral.,Senior,Night,Sunday
2860,499-12-6236,Female,White,69,2023-04-04,10:30:00,45,False,No referral.,Senior,Day,Tuesday
2861,216-39-5937,Female,White,1,2024-06-17,11:36:00,34,False,No referral.,Minor,Day,Monday
2862,198-94-3682,Female,White,55,2024-09-21,07:58:00,27,False,No referral.,Older Adult,Day,Saturday
2863,647-22-2299,Female,White,42,2024-01-20,14:29:00,12,False,No referral.,Adult,Day,Saturday
2864,424-19-6464,Female,White,32,2023-08-12,23:20:00,54,False,No referral.,Young Adult,Night,Saturday
2865,568-22-3902,Female,White,40,2024-07-05,15:04:00,36,False,No referral.,Adult,Evening,Friday
2866,277-68-8077,Female,White,71,2023-10-16,15:13:00,18,False,No referral.,Senior,Evening,Monday
2867,289-89-6208,Female,White,49,2024-10-18,23:08:00,20,False,No referral.,Middle-aged,Night,Friday
2868,293-41-9295,Female,White,3,2024-05-02,13:42:00,26,False,No referral.,Minor,Day,Thursday
2869,869-03-4231,Female,White,28,2023-11-15,03:17:00,58,False,No referral.,Young Adult,Night,Wednesday
2870,583-94-8865,Female,White,40,2023-12-23,10:46:00,50,False,No referral.,Adult,Day,Saturday
2871,607-39-9421,Female,White,46,2023-12-15,11:40:00,16,False,No referral.,Middle-aged,Day,Friday
2872,158-65-6855,Female,White,13,2024-05-21,00:53:00,59,False,No referral.,Minor,Night,Tuesday
2873,368-43-0999,Female,White,21,2024-09-15,07:34:00,40,False,No referral.,Young Adult,Day,Sunday
2874,620-29-6632,Female,White,79,2024-03-14,04:01:00,53,False,No referral.,Senior,Night,Thursday
2875,754-13-2622,Female,White,61,2024-07-15,20:22:00,42,False,No referral.,Older Adult,Evening,Monday
2876,842-83-6859,Female,White,17,2023-08-17,04:53:00,29,False,No referral.,Minor,Night,Thursday
2877,199-35-7842,Female,White,29,2024-01-19,10:46:00,31,False,No referral.,Young Adult,Day,Friday
2878,646-66-3685,Female,White,28,2023-08-04,00:17:00,50,False,No referral.,Young Adult,Night,Friday
2879,401-21-8466,Female,White,10,2023-04-18,06:05:00,43,False,No referral.,Minor,Night,Tuesday
2880,388-23-8484,Female,White,36,2024-09-06,03:18:00,16,False,No referral.,Adult,Night,Friday
2881,821-88-9428,Female,White,3,2024-05-17,12:25:00,46,False,No referral.,Minor,Day,Friday
2882,546-51-7389,Female,White,56,2024-08-28,02:25:00,33,False,No referral.,Older Adult,Night,Wednesday
2883,814-67-6519,Female,White,46,2024-06-01,01:44:00,10,False,No referral.,Middle-aged,Night,Saturday
2884,328-39-9275,Female,White,48,2023-02-10,10:02:00,26,False,No referral.,Middle-aged,Day,Friday
2885,309-47-2018,Female,White,35,2023-12-20,13:44:00,44,False,No referral.,Adult,Day,Wednesday
2886,373-97-5103,Female,White,66,2024-04-18,06:20:00,25,False,No referral.,Senior,Night,Thursday
2887,639-29-8268,Female,White,74,2024-08-27,14:37:00,27,False,No referral.,Senior,Day,Tuesday
2888,791-06-9701,Female,White,73,2023-05-31,02:51:00,34,False,No referral.,Senior,Night,Wednesday
2889,230-34-4538,Female,White,17,2023-04-26,21:37:00,37,False,No referral.,Minor,Evening,Wednesday
2890,787-02-2075,Female,White,31,2024-01-03,11:45:00,25,False,No referral.,Young Adult,Day,Wednesday
2891,669-25-6650,Female,White,65,2023-04-27,15:40:00,39,False,No referral.,Senior,Evening,Thursday
2892,803-56-3133,Female,White,22,2024-05-17,19:16:00,43,False,No referral.,Young Adult,Evening,Friday
2893,895-09-2744,Female,White,49,2024-01-07,10:13:00,38,False,No referral.,Middle-aged,Day,Sunday
2894,342-05-6538,Female,White,66,2023-04-09,05:25:00,33,False,No referral.,Senior,Night,Sunday
2895,340-55-3895,Female,White,62,2023-08-28,21:56:00,56,False,No referral.,Older Adult,Evening,Monday
2896,639-02-4514,Female,White,27,2023-11-10,02:51:00,60,False,No referral.,Young Adult,Night,Friday
2897,335-70-9921,Female,White,76,2024-10-16,23:01:00,56,False,Orthopedics,Senior,Night,Wednesday
2898,334-83-4102,Female,White,16,2024-03-27,10:01:00,39,False,Orthopedics,Minor,Day,Wednesday
2899,857-74-9716,Female,White,28,2024-07-29,18:50:00,40,False,Orthopedics,Young Adult,Evening,Monday
2900,159-86-5469,Female,White,18,2023-06-07,23:28:00,41,False,Orthopedics,Minor,Night,Wednesday
2901,267-78-0835,Female,White,51,2023-04-17,12:26:00,11,False,Orthopedics,Middle-aged,Day,Monday
2902,515-35-7484,Female,White,2,2024-09-26,01:10:00,14,False,Orthopedics,Minor,Night,Thursday
2903,491-79-2938,Female,White,15,2024-10-24,06:16:00,30,False,Orthopedics,Minor,Night,Thursday
2904,237-73-3094,Female,White,15,2023-09-07,20:27:00,19,False,Orthopedics,Minor,Evening,Thursday
2905,851-08-1351,Female,White,78,2023-10-11,23:07:00,26,False,Orthopedics,Senior,Night,Wednesday
2906,342-05-3969,Female,White,16,2024-07-21,12:51:00,36,False,Orthopedics,Minor,Day,Sunday
2907,260-96-0945,Female,White,37,2023-12-16,04:32:00,49,False,Orthopedics,Adult,Night,Saturday
2908,622-23-4523,Female,White,36,2024-08-06,20:56:00,19,False,Orthopedics,Adult,Evening,Tuesday
2909,118-89-9281,Female,White,35,2023-06-24,15:14:00,38,False,Orthopedics,Adult,Evening,Saturday
2910,307-49-7871,Female,White,66,2023-11-18,03:00:00,59,False,Orthopedics,Senior,Night,Saturday
2911,632-49-6543,Female,White,28,2024-07-21,00:52:00,10,False,Orthopedics,Young Adult,Night,Sunday
2912,317-64-6528,Female,White,14,2023-10-26,19:32:00,39,False,Orthopedics,Minor,Evening,Thursday
2913,737-03-7902,Female,White,20,2024-06-09,17:40:00,55,False,Orthopedics,Young Adult,Evening,Sunday
2914,167-38-8507,Female,White,39,2023-09-07,07:26:00,55,False,Orthopedics,Adult,Day,Thursday
2915,307-77-2768,Female,White,57,2023-06-29,08:19:00,15,False,Orthopedics,Older Adult,Day,Thursday
2916,681-87-8647,Female,White,70,2023-03-08,14:42:00,19,False,Orthopedics,Senior,Day,Wednesday
2917,824-26-7312,Female,White,16,2024-06-14,09:46:00,48,False,Orthopedics,Minor,Day,Friday
2918,795-20-4901,Female,White,67,2024-03-10,21:50:00,53,False,Orthopedics,Senior,Evening,Sunday
2919,102-21-5953,Female,White,49,2024-08-14,06:20:00,11,False,Orthopedics,Middle-aged,Night,Wednesday
2920,236-97-7586,Female,White,4,2024-06-27,12:17:00,13,False,Orthopedics,Minor,Day,Thursday
2921,357-89-2203,Female,White,56,2024-03-06,23:06:00,40,False,Orthopedics,Older Adult,Night,Wednesday
2922,255-92-6340,Female,White,12,2023-06-29,08:32:00,48,False,Orthopedics,Minor,Day,Thursday
2923,614-30-7245,Female,White,6,2024-03-08,18:41:00,24,False,Orthopedics,Minor,Evening,Friday
2924,773-37-3969,Female,White,51,2024-02-05,21:04:00,42,False,Orthopedics,Middle-aged,Evening,Monday
2925,270-14-4609,Female,White,3,2023-08-04,01:14:00,32,False,Orthopedics,Minor,Night,Friday
2926,514-12-0922,Female,White,19,2024-10-05,22:06:00,28,False,Orthopedics,Minor,Evening,Saturday
2927,646-89-4565,Female,White,48,2023-03-07,15:05:00,35,False,Orthopedics,Middle-aged,Evening,Tuesday
2928,449-83-1904,Female,White,29,2024-01-23,09:26:00,37,False,Orthopedics,Young Adult,Day,Tuesday
2929,388-50-1748,Female,White,73,2023-07-07,01:40:00,42,False,Orthopedics,Senior,Night,Friday
2930,560-55-4242,Female,White,49,2023-09-08,18:09:00,20,False,Orthopedics,Middle-aged,Evening,Friday
2931,690-47-2962,Female,White,46,2023-11-20,06:21:00,21,False,Orthopedics,Middle-aged,Night,Monday
2932,740-44-2216,Female,White,21,2023-12-13,18:10:00,34,False,Orthopedics,Young Adult,Evening,Wednesday
2933,869-40-4882,Female,White,56,2024-01-04,10:24:00,43,False,Orthopedics,Older Adult,Day,Thursday
2934,592-85-9953,Female,White,38,2023-01-11,07:17:00,52,False,Orthopedics,Adult,Day,Wednesday
2935,713-55-4167,Female,White,52,2024-10-24,07:25:00,23,False,Orthopedics,Middle-aged,Day,Thursday
2936,334-62-9552,Female,White,54,2024-06-13,16:50:00,25,False,Orthopedics,Middle-aged,Evening,Thursday
2937,512-75-1926,Female,White,45,2023-11-29,04:57:00,29,False,Orthopedics,Middle-aged,Night,Wednesday
2938,535-70-6724,Female,White,11,2023-11-10,10:49:00,32,False,Orthopedics,Minor,Day,Friday
2939,508-17-5890,Female,White,40,2023-12-07,03:20:00,39,False,Orthopedics,Adult,Night,Thursday
2940,528-14-9097,Female,White,9,2023-05-06,05:03:00,49,False,Orthopedics,Minor,Night,Saturday
2941,825-01-3965,Female,White,75,2023-11-17,19:44:00,17,False,Orthopedics,Senior,Evening,Friday
2942,188-24-3805,Female,White,43,2024-03-31,00:02:00,32,False,Orthopedics,Adult,Night,Sunday
2943,191-85-0502,Female,White,49,2023-07-26,11:08:00,42,False,Orthopedics,Middle-aged,Day,Wednesday
2944,664-02-2390,Female,White,62,2024-09-16,16:47:00,25,False,Orthopedics,Older Adult,Evening,Monday
2945,608-66-3521,Female,White,29,2024-12-06,00:01:00,25,False,Orthopedics,Young Adult,Night,Friday
2946,876-71-2417,Female,White,6,2023-11-06,09:01:00,56,False,Orthopedics,Minor,Day,Monday
2947,426-07-4984,Female,White,11,2024-04-01,03:29:00,42,False,Orthopedics,Minor,Night,Monday
2948,142-27-8439,Female,White,4,2024-05-05,14:23:00,24,False,Orthopedics,Minor,Day,Sunday
2949,819-28-2751,Female,White,64,2023-06-11,05:41:00,41,False,Orthopedics,Older Adult,Night,Sunday
2950,185-45-4039,Female,White,28,2024-08-08,21:48:00,12,False,Orthopedics,Young Adult,Evening,Thursday
2951,580-12-9421,Female,White,57,2024-07-03,03:34:00,22,False,Orthopedics,Older Adult,Night,Wednesday
2952,183-64-9809,Female,White,58,2023-06-07,17:30:00,18,False,Orthopedics,Older Adult,Evening,Wednesday
2953,800-81-9945,Female,White,22,2024-04-04,23:04:00,53,False,Orthopedics,Young Adult,Night,Thursday
2954,733-21-0718,Female,White,61,2023-11-12,20:17:00,13,False,Orthopedics,Older Adult,Evening,Sunday
2955,634-36-6673,Female,White,61,2023-05-04,18:31:00,18,False,Orthopedics,Older Adult,Evening,Thursday
2956,724-59-7143,Female,White,24,2024-04-10,02:11:00,31,False,Orthopedics,Young Adult,Night,Wednesday
2957,580-44-0953,Female,White,62,2024-02-21,20:56:00,47,False,Physiotherapy,Older Adult,Evening,Wednesday
2958,719-22-6541,Female,White,23,2024-09-02,10:35:00,59,False,Physiotherapy,Young Adult,Day,Monday
2959,869-11-9024,Female,White,67,2024-07-25,00:45:00,15,False,Physiotherapy,Senior,Night,Thursday
2960,309-02-2959,Female,White,43,2024-02-05,15:23:00,31,False,Physiotherapy,Adult,Evening,Monday
2961,208-31-6331,Female,White,57,2023-06-21,00:03:00,59,False,Physiotherapy,Older Adult,Night,Wednesday
2962,140-58-6732,Female,White,46,2023-05-19,11:26:00,45,False,Physiotherapy,Middle-aged,Day,Friday
2963,816-72-0393,Female,White,78,2024-03-03,09:43:00,30,False,Physiotherapy,Senior,Day,Sunday
2964,468-10-3284,Female,White,57,2023-05-28,10:18:00,19,False,Physiotherapy,Older Adult,Day,Sunday
2965,880-24-0836,Female,White,19,2023-05-30,02:40:00,26,False,Physiotherapy,Minor,Night,Tuesday
2966,730-96-4481,Female,White,54,2024-08-01,05:30:00,59,False,Physiotherapy,Middle-aged,Night,Thursday
2967,321-64-7625,Female,White,67,2024-08-28,03:05:00,56,False,Physiotherapy,Senior,Night,Wednesday
2968,105-78-1308,Female,White,36,2023-10-25,13:11:00,30,False,Physiotherapy,Adult,Day,Wednesday
2969,289-63-4913,Female,White,45,2024-10-26,23:54:00,31,False,Physiotherapy,Middle-aged,Night,Saturday
2970,299-35-4987,Female,White,58,2023-08-14,07:35:00,49,False,Physiotherapy,Older Adult,Day,Monday
2971,663-10-0081,Female,White,50,2024-08-20,09:08:00,35,False,Renal,Middle-aged,Day,Tuesday
2972,230-43-0881,Female,White,65,2023-10-26,02:23:00,15,False,Renal,Senior,Night,Thursday
2973,324-71-0403,Female,White,68,2023-07-04,11:58:00,51,False,Renal,Senior,Day,Tuesday
2974,319-09-5768,Female,White,39,2023-02-05,14:34:00,15,False,Renal,Adult,Day,Sunday
2975,895-84-8091,Female,White,27,2024-02-04,16:03:00,17,False,Renal,Young Adult,Evening,Sunday
2976,659-19-0626,Female,White,63,2023-05-16,05:13:00,49,False,Renal,Older Adult,Night,Tuesday
2977,774-31-5026,Female,White,27,2024-09-10,15:07:00,28,False,Renal,Young Adult,Evening,Tuesday
2978,535-83-6651,Male,African American,59,2023-05-13,14:01:00,54,False,Cardiology,Older Adult,Day,Saturday
2979,429-95-4610,Male,African American,14,2023-11-11,14:53:00,22,False,Cardiology,Minor,Day,Saturday
2980,390-93-3319,Male,African American,73,2023-04-04,07:34:00,25,False,Cardiology,Senior,Day,Tuesday
2981,295-23-8004,Male,African American,24,2023-08-27,20:57:00,30,False,Cardiology,Young Adult,Evening,Sunday
2982,515-02-5699,Male,African American,14,2023-02-08,14:50:00,58,False,Cardiology,Minor,Day,Wednesday
2983,321-06-1856,Male,African American,57,2023-03-04,15:44:00,31,False,Cardiology,Older Adult,Evening,Saturday
2984,494-94-0828,Male,African American,15,2024-08-02,03:09:00,50,False,Cardiology,Minor,Night,Friday
2985,536-23-6460,Male,African American,58,2024-08-09,03:54:00,17,False,Cardiology,Older Adult,Night,Friday
2986,524-28-5350,Male,African American,51,2023-07-16,18:54:00,60,False,Cardiology,Middle-aged,Evening,Sunday
2987,844-70-3132,Male,African American,30,2024-05-23,09:40:00,50,False,Cardiology,Young Adult,Day,Thursday
2988,806-40-9445,Male,African American,70,2023-05-08,04:36:00,55,False,Cardiology,Senior,Night,Monday
2989,880-77-9403,Male,African American,3,2023-06-19,08:26:00,59,False,Cardiology,Minor,Day,Monday
2990,596-01-0068,Male,African American,60,2023-11-12,00:00:00,58,False,Cardiology,Older Adult,Night,Sunday
2991,701-66-0377,Male,African American,36,2023-11-20,21:52:00,48,False,Cardiology,Adult,Evening,Monday
2992,255-94-5207,Male,African American,65,2023-06-26,08:17:00,44,False,Gastroenterology,Senior,Day,Monday
2993,238-35-0465,Male,African American,50,2023-10-27,06:46:00,59,False,Gastroenterology,Middle-aged,Night,Friday
2994,369-81-8304,Male,African American,49,2024-03-04,10:23:00,47,False,Gastroenterology,Middle-aged,Day,Monday
2995,224-37-3281,Male,African American,18,2024-11-07,22:36:00,37,False,Gastroenterology,Minor,Evening,Thursday
2996,526-60-6600,Male,African American,36,2023-11-30,02:38:00,21,False,Gastroenterology,Adult,Night,Thursday
2997,288-52-5096,Male,African American,49,2024-09-07,12:47:00,50,False,Gastroenterology,Middle-aged,Day,Saturday
2998,102-24-8249,Male,African American,2,2024-01-03,16:52:00,27,False,General Practice,Minor,Evening,Wednesday
2999,675-21-7410,Male,African American,50,2024-09-24,09:04:00,30,False,General Practice,Middle-aged,Day,Tuesday
3000,452-17-9747,Male,African American,69,2024-07-08,04:09:00,32,False,General Practice,Senior,Night,Monday
3001,833-73-2750,Male,African American,58,2023-02-11,16:28:00,44,False,General Practice,Older Adult,Evening,Saturday
3002,858-29-9077,Male,African American,53,2024-03-01,08:45:00,35,False,General Practice,Middle-aged,Day,Friday
3003,391-41-7192,Male,African American,16,2024-09-14,23:43:00,43,False,General Practice,Minor,Night,Saturday
3004,418-93-2750,Male,African American,16,2024-10-05,06:24:00,26,False,General Practice,Minor,Night,Saturday
3005,333-16-9345,Male,African American,62,2024-01-13,00:27:00,50,False,General Practice,Older Adult,Night,Saturday
3006,729-50-4417,Male,African American,3,2023-09-18,03:39:00,51,False,General Practice,Minor,Night,Monday
3007,728-14-0562,Male,African American,74,2023-07-09,03:24:00,55,False,General Practice,Senior,Night,Sunday
3008,899-89-7946,Male,African American,62,2023-11-08,06:18:00,59,False,General Practice,Older Adult,Night,Wednesday
3009,649-17-7342,Male,African American,13,2023-05-10,04:08:00,42,False,General Practice,Minor,Night,Wednesday
3010,536-62-3509,Male,African American,78,2024-10-03,06:32:00,11,False,General Practice,Senior,Night,Thursday
3011,814-09-6431,Male,African American,67,2023-11-04,13:15:00,11,False,General Practice,Senior,Day,Saturday
3012,354-24-0826,Male,African American,70,2024-04-30,06:54:00,25,False,General Practice,Senior,Night,Tuesday
3013,459-37-0971,Male,African American,25,2024-02-23,19:22:00,57,False,General Practice,Young Adult,Evening,Friday
3014,340-56-4663,Male,African American,49,2024-04-02,16:23:00,57,False,General Practice,Middle-aged,Evening,Tuesday
3015,300-02-0984,Male,African American,42,2023-06-19,00:54:00,33,False,General Practice,Adult,Night,Monday
3016,519-40-0307,Male,African American,13,2023-08-24,19:27:00,54,False,General Practice,Minor,Evening,Thursday
3017,291-55-1551,Male,African American,27,2024-09-30,21:47:00,43,False,General Practice,Young Adult,Evening,Monday
3018,300-84-9983,Male,African American,72,2024-10-21,17:34:00,44,False,General Practice,Senior,Evening,Monday
3019,642-77-7413,Male,African American,42,2024-06-18,22:55:00,59,False,General Practice,Adult,Evening,Tuesday
3020,184-06-3568,Male,African American,30,2024-02-01,22:31:00,12,False,General Practice,Young Adult,Evening,Thursday
3021,143-66-9743,Male,African American,4,2024-02-28,20:45:00,31,False,General Practice,Minor,Evening,Wednesday
3022,683-47-8284,Male,African American,79,2024-07-15,10:18:00,31,False,General Practice,Senior,Day,Monday
3023,723-73-7614,Male,African American,28,2023-10-15,17:29:00,32,False,General Practice,Young Adult,Evening,Sunday
3024,134-90-6858,Male,African American,11,2023-07-08,18:59:00,26,False,General Practice,Minor,Evening,Saturday
3025,723-15-3645,Male,African American,53,2024-07-31,20:52:00,46,False,General Practice,Middle-aged,Evening,Wednesday
3026,199-30-3238,Male,African American,15,2023-11-18,01:23:00,52,False,General Practice,Minor,Night,Saturday
3027,369-70-1222,Male,African American,27,2023-12-11,11:16:00,30,False,General Practice,Young Adult,Day,Monday
3028,326-56-9254,Male,African American,22,2023-09-12,03:49:00,40,False,General Practice,Young Adult,Night,Tuesday
3029,459-89-1735,Male,African American,55,2023-03-05,05:33:00,58,False,General Practice,Older Adult,Night,Sunday
3030,223-22-4801,Male,African American,46,2023-06-07,01:32:00,10,False,General Practice,Middle-aged,Night,Wednesday
3031,456-11-4142,Male,African American,28,2024-12-04,02:27:00,13,False,General Practice,Young Adult,Night,Wednesday
3032,275-12-2439,Male,African American,1,2023-05-13,04:54:00,39,False,General Practice,Minor,Night,Saturday
3033,797-73-7347,Male,African American,39,2023-07-28,21:04:00,40,False,General Practice,Adult,Evening,Friday
3034,498-67-1104,Male,African American,56,2024-01-23,22:05:00,43,False,General Practice,Older Adult,Evening,Tuesday
3035,337-21-5947,Male,African American,38,2023-09-15,13:39:00,52,False,General Practice,Adult,Day,Friday
3036,658-55-7464,Male,African American,26,2024-11-03,10:58:00,22,False,General Practice,Young Adult,Day,Sunday
3037,311-92-5519,Male,African American,53,2023-10-24,08:48:00,26,False,General Practice,Middle-aged,Day,Tuesday
3038,285-46-6711,Male,African American,43,2024-06-28,23:39:00,43,False,General Practice,Adult,Night,Friday
3039,645-31-7078,Male,African American,61,2023-10-05,11:14:00,59,False,General Practice,Older Adult,Day,Thursday
3040,567-48-5176,Male,African American,38,2024-06-09,11:57:00,60,False,General Practice,Adult,Day,Sunday
3041,255-38-4437,Male,African American,33,2024-09-28,02:47:00,27,False,General Practice,Young Adult,Night,Saturday
3042,676-47-0405,Male,African American,5,2024-04-26,21:26:00,41,False,General Practice,Minor,Evening,Friday
3043,644-24-9754,Male,African American,61,2024-10-03,14:46:00,58,False,General Practice,Older Adult,Day,Thursday
3044,377-85-6911,Male,African American,40,2024-01-23,07:52:00,23,False,General Practice,Adult,Day,Tuesday
3045,882-89-0493,Male,African American,47,2023-07-17,19:09:00,43,False,General Practice,Middle-aged,Evening,Monday
3046,678-30-9293,Male,African American,29,2024-05-19,07:37:00,43,False,General Practice,Young Adult,Day,Sunday
3047,690-72-7531,Male,African American,43,2024-08-23,02:15:00,44,False,General Practice,Adult,Night,Friday
3048,288-58-9865,Male,African American,59,2024-11-03,16:09:00,51,False,General Practice,Older Adult,Evening,Sunday
3049,294-39-3862,Male,African American,22,2024-07-05,12:17:00,13,False,General Practice,Young Adult,Day,Friday
3050,220-05-7403,Male,African American,52,2023-09-16,05:00:00,23,False,General Practice,Middle-aged,Night,Saturday
3051,821-46-1915,Male,African American,61,2024-04-15,12:42:00,46,False,General Practice,Older Adult,Day,Monday
3052,411-92-7835,Male,African American,19,2024-03-18,20:03:00,15,False,General Practice,Minor,Evening,Monday
3053,527-62-7143,Male,African American,4,2023-02-10,14:27:00,41,False,General Practice,Minor,Day,Friday
3054,863-02-6812,Male,African American,70,2023-02-06,06:17:00,25,False,General Practice,Senior,Night,Monday
3055,486-69-4084,Male,African American,1,2024-02-10,17:57:00,49,False,General Practice,Minor,Evening,Saturday
3056,243-30-4158,Male,African American,66,2024-02-28,12:22:00,49,False,General Practice,Senior,Day,Wednesday
3057,507-30-6087,Male,African American,8,2024-08-25,18:20:00,12,False,General Practice,Minor,Evening,Sunday
3058,542-78-1121,Male,African American,18,2023-08-25,04:52:00,42,False,General Practice,Minor,Night,Friday
3059,333-84-5832,Male,African American,71,2023-06-27,00:49:00,42,False,General Practice,Senior,Night,Tuesday
3060,885-75-2052,Male,African American,32,2023-11-29,13:28:00,48,False,General Practice,Young Adult,Day,Wednesday
3061,556-53-6518,Male,African American,54,2024-02-04,20:14:00,43,False,General Practice,Middle-aged,Evening,Sunday
3062,336-91-0183,Male,African American,50,2024-09-18,09:41:00,46,False,General Practice,Middle-aged,Day,Wednesday
3063,276-52-8357,Male,African American,15,2023-10-11,05:01:00,53,False,General Practice,Minor,Night,Wednesday
3064,377-24-0858,Male,African American,78,2024-03-16,10:07:00,57,False,General Practice,Senior,Day,Saturday
3065,247-36-8636,Male,African American,71,2024-03-24,04:26:00,31,False,General Practice,Senior,Night,Sunday
3066,706-72-9405,Male,African American,32,2023-07-19,23:44:00,46,False,General Practice,Young Adult,Night,Wednesday
3067,580-60-8042,Male,African American,14,2023-05-22,11:44:00,21,False,General Practice,Minor,Day,Monday
3068,352-21-9569,Male,African American,44,2023-12-23,09:19:00,58,False,General Practice,Adult,Day,Saturday
3069,456-44-1674,Male,African American,50,2023-02-11,04:33:00,16,False,General Practice,Middle-aged,Night,Saturday
3070,179-15-5492,Male,African American,13,2024-05-30,03:15:00,40,False,General Practice,Minor,Night,Thursday
3071,819-74-3706,Male,African American,68,2024-09-04,10:42:00,43,False,General Practice,Senior,Day,Wednesday
3072,390-36-3570,Male,African American,79,2024-12-02,08:53:00,31,False,General Practice,Senior,Day,Monday
3073,651-58-3998,Male,African American,73,2024-05-29,16:52:00,50,False,General Practice,Senior,Evening,Wednesday
3074,682-49-1467,Male,African American,46,2023-10-29,05:09:00,54,False,General Practice,Middle-aged,Night,Sunday
3075,616-32-3050,Male,African American,19,2023-12-29,23:47:00,40,False,General Practice,Minor,Night,Friday
3076,121-90-9321,Male,African American,61,2023-10-31,17:58:00,36,False,General Practice,Older Adult,Evening,Tuesday
3077,665-62-7161,Male,African American,29,2023-09-06,19:52:00,51,False,General Practice,Young Adult,Evening,Wednesday
3078,781-97-5522,Male,African American,24,2023-07-07,13:06:00,40,False,General Practice,Young Adult,Day,Friday
3079,336-02-6807,Male,African American,12,2024-09-18,13:53:00,52,False,General Practice,Minor,Day,Wednesday
3080,181-02-4908,Male,African American,74,2024-02-13,12:35:00,53,False,General Practice,Senior,Day,Tuesday
3081,207-33-7470,Male,African American,44,2023-11-09,04:07:00,34,False,General Practice,Adult,Night,Thursday
3082,864-13-4043,Male,African American,37,2024-02-14,14:15:00,43,False,General Practice,Adult,Day,Wednesday
3083,436-07-6332,Male,African American,64,2024-07-27,15:31:00,18,False,General Practice,Older Adult,Evening,Saturday
3084,306-67-0589,Male,African American,48,2023-11-22,15:14:00,48,False,General Practice,Middle-aged,Evening,Wednesday
3085,293-62-8125,Male,African American,47,2024-09-13,22:26:00,59,False,Neurology,Middle-aged,Evening,Friday
3086,185-95-8729,Male,African American,69,2024-03-05,17:57:00,57,False,Neurology,Senior,Evening,Tuesday
3087,132-83-6895,Male,African American,67,2024-09-06,01:44:00,20,False,Neurology,Senior,Night,Friday
3088,442-19-9879,Male,African American,78,2023-11-09,16:31:00,20,False,Neurology,Senior,Evening,Thursday
3089,175-69-9432,Male,African American,78,2024-12-08,09:55:00,41,False,Neurology,Senior,Day,Sunday
3090,659-87-6427,Male,African American,9,2023-10-20,21:26:00,55,False,Neurology,Minor,Evening,Friday
3091,242-14-9128,Male,African American,25,2023-10-15,16:20:00,11,False,Neurology,Young Adult,Evening,Sunday
3092,899-98-2466,Male,African American,65,2024-06-13,18:09:00,32,False,Neurology,Senior,Evening,Thursday
3093,717-75-6312,Male,African American,55,2023-12-08,14:40:00,45,False,Neurology,Older Adult,Day,Friday
3094,483-81-4980,Male,African American,12,2024-03-01,02:36:00,52,False,Neurology,Minor,Night,Friday
3095,382-45-2464,Male,African American,48,2023-10-07,04:44:00,11,False,No referral.,Middle-aged,Night,Saturday
3096,408-16-6050,Male,African American,62,2024-08-06,00:05:00,12,False,No referral.,Older Adult,Night,Tuesday
3097,722-10-2750,Male,African American,37,2023-09-19,22:15:00,14,False,No referral.,Adult,Evening,Tuesday
3098,369-32-9854,Male,African American,56,2023-08-25,11:26:00,18,False,No referral.,Older Adult,Day,Friday
3099,102-85-6993,Male,African American,67,2024-03-24,16:02:00,30,False,No referral.,Senior,Evening,Sunday
3100,453-45-2632,Male,African American,60,2024-10-25,02:35:00,34,False,No referral.,Older Adult,Night,Friday
3101,716-71-0779,Male,African American,55,2024-04-20,11:24:00,56,False,No referral.,Older Adult,Day,Saturday
3102,772-14-1187,Male,African American,54,2023-11-13,06:58:00,11,False,No referral.,Middle-aged,Night,Monday
3103,685-97-5055,Male,African American,61,2023-06-20,05:57:00,13,False,No referral.,Older Adult,Night,Tuesday
3104,446-50-4248,Male,African American,28,2024-05-31,08:48:00,17,False,No referral.,Young Adult,Day,Friday
3105,181-64-2880,Male,African American,67,2023-10-28,23:40:00,20,False,No referral.,Senior,Night,Saturday
3106,555-65-1219,Male,African American,45,2023-01-05,10:36:00,29,False,No referral.,Middle-aged,Day,Thursday
3107,103-34-3477,Male,African American,25,2024-04-18,22:54:00,34,False,No referral.,Young Adult,Evening,Thursday
3108,198-78-1461,Male,African American,7,2024-03-09,14:06:00,45,False,No referral.,Minor,Day,Saturday
3109,254-96-4021,Male,African American,52,2023-11-19,09:39:00,13,False,No referral.,Middle-aged,Day,Sunday
3110,277-10-3005,Male,African American,65,2023-08-19,09:10:00,13,False,No referral.,Senior,Day,Saturday
3111,230-18-7731,Male,African American,17,2023-04-19,09:34:00,23,False,No referral.,Minor,Day,Wednesday
3112,783-31-0633,Male,African American,74,2023-11-10,07:57:00,42,False,No referral.,Senior,Day,Friday
3113,756-39-1456,Male,African American,58,2024-10-19,08:58:00,49,False,No referral.,Older Adult,Day,Saturday
3114,436-09-6143,Male,African American,63,2023-09-04,11:09:00,51,False,No referral.,Older Adult,Day,Monday
3115,250-94-3465,Male,African American,31,2024-06-23,14:05:00,60,False,No referral.,Young Adult,Day,Sunday
3116,446-18-0337,Male,African American,3,2024-05-30,01:46:00,14,False,No referral.,Minor,Night,Thursday
3117,455-96-8404,Male,African American,73,2023-08-29,22:35:00,22,False,No referral.,Senior,Evening,Tuesday
3118,888-68-1783,Male,African American,43,2023-12-08,00:19:00,39,False,No referral.,Adult,Night,Friday
3119,637-45-8303,Male,African American,23,2024-02-06,15:29:00,48,False,No referral.,Young Adult,Evening,Tuesday
3120,605-08-3714,Male,African American,45,2024-09-28,02:01:00,10,False,No referral.,Middle-aged,Night,Saturday
3121,395-56-6604,Male,African American,53,2024-01-30,04:25:00,11,False,No referral.,Middle-aged,Night,Tuesday
3122,272-94-7142,Male,African American,2,2024-06-07,03:43:00,17,False,No referral.,Minor,Night,Friday
3123,411-75-6910,Male,African American,65,2023-11-22,09:30:00,18,False,No referral.,Senior,Day,Wednesday
3124,800-16-9268,Male,African American,68,2024-11-05,23:51:00,24,False,No referral.,Senior,Night,Tuesday
3125,198-62-3897,Male,African American,50,2024-09-28,11:01:00,27,False,No referral.,Middle-aged,Day,Saturday
3126,103-04-9687,Male,African American,48,2023-12-23,14:33:00,29,False,No referral.,Middle-aged,Day,Saturday
3127,381-22-6530,Male,African American,75,2024-02-07,05:43:00,32,False,No referral.,Senior,Night,Wednesday
3128,425-76-5422,Male,African American,55,2024-11-08,12:01:00,33,False,No referral.,Older Adult,Day,Friday
3129,111-53-3748,Male,African American,2,2024-08-18,23:17:00,35,False,No referral.,Minor,Night,Sunday
3130,174-52-2854,Male,African American,11,2023-04-18,16:05:00,35,False,No referral.,Minor,Evening,Tuesday
3131,454-34-9403,Male,African American,65,2024-05-15,13:27:00,36,False,No referral.,Senior,Day,Wednesday
3132,376-36-7341,Male,African American,25,2024-10-01,16:25:00,21,False,No referral.,Young Adult,Evening,Tuesday
3133,518-17-6328,Male,African American,58,2024-04-26,00:06:00,23,False,No referral.,Older Adult,Night,Friday
3134,238-94-8308,Male,African American,40,2023-10-05,17:39:00,30,False,No referral.,Adult,Evening,Thursday
3135,806-98-7631,Male,African American,62,2024-11-07,20:05:00,34,False,No referral.,Older Adult,Evening,Thursday
3136,308-24-5685,Male,African American,6,2023-07-15,03:21:00,35,False,No referral.,Minor,Night,Saturday
3137,350-72-3131,Male,African American,22,2023-10-06,06:45:00,41,False,No referral.,Young Adult,Night,Friday
3138,465-11-1514,Male,African American,50,2023-08-17,09:45:00,56,False,No referral.,Middle-aged,Day,Thursday
3139,425-31-1479,Male,African American,5,2024-10-19,06:17:00,11,False,No referral.,Minor,Night,Saturday
3140,584-57-3044,Male,African American,35,2023-05-14,05:49:00,17,False,No referral.,Adult,Night,Sunday
3141,849-76-4601,Male,African American,5,2024-10-07,06:41:00,21,False,No referral.,Minor,Night,Monday
3142,491-12-1945,Male,African American,24,2023-11-06,19:09:00,30,False,No referral.,Young Adult,Evening,Monday
3143,610-20-5197,Male,African American,54,2024-01-16,05:52:00,30,False,No referral.,Middle-aged,Night,Tuesday
3144,895-94-4956,Male,African American,77,2024-10-19,03:24:00,50,False,No referral.,Senior,Night,Saturday
3145,440-75-5817,Male,African American,37,2023-12-29,22:38:00,55,False,No referral.,Adult,Evening,Friday
3146,769-69-5025,Male,African American,47,2024-09-02,01:00:00,56,False,No referral.,Middle-aged,Night,Monday
3147,642-26-9810,Male,African American,35,2024-03-08,12:55:00,58,False,No referral.,Adult,Day,Friday
3148,711-74-2032,Male,African American,76,2024-05-09,07:26:00,58,False,No referral.,Senior,Day,Thursday
3149,842-87-0322,Male,African American,76,2024-10-09,07:42:00,36,False,No referral.,Senior,Day,Wednesday
3150,859-81-4141,Male,African American,78,2024-07-31,20:56:00,40,False,No referral.,Senior,Evening,Wednesday
3151,325-70-7368,Male,African American,25,2023-08-15,01:46:00,24,False,No referral.,Young Adult,Night,Tuesday
3152,877-48-1758,Male,African American,30,2023-06-11,18:03:00,25,False,No referral.,Young Adult,Evening,Sunday
3153,802-39-9719,Male,African American,40,2023-09-29,06:37:00,29,False,No referral.,Adult,Night,Friday
3154,453-26-5597,Male,African American,44,2024-11-09,11:41:00,44,False,No referral.,Adult,Day,Saturday
3155,519-51-4443,Male,African American,67,2024-01-30,04:45:00,44,False,No referral.,Senior,Night,Tuesday
3156,769-87-9911,Male,African American,11,2024-12-10,13:55:00,47,False,No referral.,Minor,Day,Tuesday
3157,877-95-1315,Male,African American,59,2024-03-20,09:51:00,48,False,No referral.,Older Adult,Day,Wednesday
3158,711-70-7397,Male,African American,74,2023-05-23,07:12:00,53,False,No referral.,Senior,Day,Tuesday
3159,395-89-7021,Male,African American,67,2023-11-27,08:35:00,57,False,No referral.,Senior,Day,Monday
3160,438-94-1614,Male,African American,29,2023-12-24,19:47:00,11,False,No referral.,Young Adult,Evening,Sunday
3161,776-93-8725,Male,African American,75,2024-09-19,17:14:00,13,False,No referral.,Senior,Evening,Thursday
3162,105-08-6438,Male,African American,2,2023-04-15,09:44:00,27,False,No referral.,Minor,Day,Saturday
3163,355-69-4576,Male,African American,27,2023-10-19,23:23:00,28,False,No referral.,Young Adult,Night,Thursday
3164,105-85-2242,Male,African American,27,2024-03-27,19:45:00,33,False,No referral.,Young Adult,Evening,Wednesday
3165,207-09-3254,Male,African American,61,2024-11-08,23:24:00,45,False,No referral.,Older Adult,Night,Friday
3166,420-71-6756,Male,African American,65,2024-02-25,04:27:00,54,False,No referral.,Senior,Night,Sunday
3167,873-06-1299,Male,African American,73,2023-08-20,21:24:00,58,False,No referral.,Senior,Evening,Sunday
3168,160-10-6189,Male,African American,29,2023-06-05,15:04:00,60,False,No referral.,Young Adult,Evening,Monday
3169,563-74-9045,Male,African American,1,2023-07-16,01:43:00,14,False,No referral.,Minor,Night,Sunday
3170,717-12-1341,Male,African American,46,2024-11-05,01:36:00,17,False,No referral.,Middle-aged,Night,Tuesday
3171,644-78-8816,Male,African American,36,2023-05-26,05:42:00,24,False,No referral.,Adult,Night,Friday
3172,425-31-8542,Male,African American,72,2024-05-05,21:48:00,39,False,No referral.,Senior,Evening,Sunday
3173,174-30-8230,Male,African American,45,2024-06-20,08:24:00,40,False,No referral.,Middle-aged,Day,Thursday
3174,341-94-7840,Male,African American,38,2024-03-17,10:03:00,42,False,No referral.,Adult,Day,Sunday
3175,851-89-9617,Male,African American,31,2023-10-28,01:27:00,47,False,No referral.,Young Adult,Night,Saturday
3176,509-61-3723,Male,African American,41,2024-04-22,08:27:00,48,False,No referral.,Adult,Day,Monday
3177,561-21-7158,Male,African American,66,2024-08-02,16:44:00,15,False,No referral.,Senior,Evening,Friday
3178,177-33-0238,Male,African American,50,2023-07-17,03:25:00,27,False,No referral.,Middle-aged,Night,Monday
3179,177-90-0569,Male,African American,21,2024-04-10,22:30:00,28,False,No referral.,Young Adult,Evening,Wednesday
3180,141-86-2089,Male,African American,24,2024-04-04,08:32:00,29,False,No referral.,Young Adult,Day,Thursday
3181,303-99-1624,Male,African American,66,2024-08-07,12:13:00,43,False,No referral.,Senior,Day,Wednesday
3182,701-63-6274,Male,African American,1,2023-10-09,11:37:00,52,False,No referral.,Minor,Day,Monday
3183,410-77-6549,Male,African American,18,2023-06-26,22:27:00,17,False,No referral.,Minor,Evening,Monday
3184,790-43-2241,Male,African American,37,2024-03-04,21:55:00,20,False,No referral.,Adult,Evening,Monday
3185,543-91-7241,Male,African American,14,2023-11-24,19:00:00,22,False,No referral.,Minor,Evening,Friday
3186,392-57-1593,Male,African American,8,2024-01-01,15:19:00,23,False,No referral.,Minor,Evening,Monday
3187,426-38-4934,Male,African American,59,2023-11-12,03:02:00,33,False,No referral.,Older Adult,Night,Sunday
3188,489-02-8869,Male,African American,62,2023-04-08,02:24:00,34,False,No referral.,Older Adult,Night,Saturday
3189,675-93-4085,Male,African American,67,2023-02-08,15:29:00,34,False,No referral.,Senior,Evening,Wednesday
3190,151-56-8440,Male,African American,36,2024-01-29,16:45:00,36,False,No referral.,Adult,Evening,Monday
3191,637-94-6670,Male,African American,68,2024-03-07,12:51:00,44,False,No referral.,Senior,Day,Thursday
3192,372-64-7580,Male,African American,55,2024-12-03,11:35:00,45,False,No referral.,Older Adult,Day,Tuesday
3193,551-07-6781,Male,African American,14,2024-06-08,07:39:00,51,False,No referral.,Minor,Day,Saturday
3194,647-42-9843,Male,African American,12,2024-09-15,21:49:00,55,False,No referral.,Minor,Evening,Sunday
3195,678-72-8369,Male,African American,32,2024-07-05,00:15:00,59,False,No referral.,Young Adult,Night,Friday
3196,593-35-9447,Male,African American,79,2023-12-16,23:14:00,14,False,No referral.,Senior,Night,Saturday
3197,601-16-0575,Male,African American,77,2023-05-30,15:01:00,21,False,No referral.,Senior,Evening,Tuesday
3198,403-23-4583,Male,African American,11,2024-08-17,10:27:00,34,False,No referral.,Minor,Day,Saturday
3199,236-86-6006,Male,African American,43,2024-09-14,12:45:00,43,False,No referral.,Adult,Day,Saturday
3200,133-59-7490,Male,African American,58,2024-11-10,05:31:00,54,False,No referral.,Older Adult,Night,Sunday
3201,620-87-4388,Male,African American,79,2023-05-22,13:34:00,18,False,No referral.,Senior,Day,Monday
3202,249-45-2143,Male,African American,42,2023-10-20,10:19:00,21,False,No referral.,Adult,Day,Friday
3203,374-23-7586,Male,African American,7,2024-05-19,10:25:00,29,False,No referral.,Minor,Day,Sunday
3204,835-77-3003,Male,African American,72,2024-08-29,00:51:00,29,False,No referral.,Senior,Night,Thursday
3205,697-55-1406,Male,African American,23,2023-09-16,00:23:00,42,False,No referral.,Young Adult,Night,Saturday
3206,252-20-2215,Male,African American,57,2024-02-06,12:38:00,43,False,No referral.,Older Adult,Day,Tuesday
3207,365-31-3066,Male,African American,22,2024-01-08,03:56:00,52,False,No referral.,Young Adult,Night,Monday
3208,578-88-9545,Male,African American,53,2024-10-01,11:46:00,58,False,No referral.,Middle-aged,Day,Tuesday
3209,388-42-8354,Male,African American,12,2023-03-04,12:31:00,16,False,No referral.,Minor,Day,Saturday
3210,234-46-1768,Male,African American,4,2023-10-07,20:42:00,22,False,No referral.,Minor,Evening,Saturday
3211,477-94-3638,Male,African American,15,2024-04-06,17:27:00,23,False,No referral.,Minor,Evening,Saturday
3212,469-42-8522,Male,African American,24,2024-04-21,10:39:00,28,False,No referral.,Young Adult,Day,Sunday
3213,572-52-8145,Male,African American,31,2023-12-16,14:55:00,28,False,No referral.,Young Adult,Day,Saturday
3214,861-59-5355,Male,African American,56,2024-08-28,14:41:00,32,False,No referral.,Older Adult,Day,Wednesday
3215,235-60-7765,Male,African American,57,2023-02-09,03:47:00,32,False,No referral.,Older Adult,Night,Thursday
3216,620-60-9423,Male,African American,39,2023-06-13,13:36:00,37,False,No referral.,Adult,Day,Tuesday
3217,820-79-9287,Male,African American,30,2024-04-29,14:09:00,38,False,No referral.,Young Adult,Day,Monday
3218,177-20-9536,Male,African American,53,2024-04-16,05:47:00,40,False,No referral.,Middle-aged,Night,Tuesday
3219,409-38-0348,Male,African American,17,2024-10-04,09:41:00,48,False,No referral.,Minor,Day,Friday
3220,692-25-6759,Male,African American,38,2023-07-17,00:36:00,23,False,No referral.,Adult,Night,Monday
3221,188-62-8921,Male,African American,20,2023-03-10,01:03:00,28,False,No referral.,Young Adult,Night,Friday
3222,487-35-8534,Male,African American,38,2023-01-08,09:44:00,31,False,No referral.,Adult,Day,Sunday
3223,541-08-9900,Male,African American,50,2024-02-14,09:38:00,34,False,No referral.,Middle-aged,Day,Wednesday
3224,362-68-6096,Male,African American,73,2023-11-05,16:41:00,39,False,No referral.,Senior,Evening,Sunday
3225,162-04-2630,Male,African American,9,2023-12-19,07:34:00,16,False,No referral.,Minor,Day,Tuesday
3226,628-35-4629,Male,African American,55,2024-07-16,04:53:00,20,False,No referral.,Older Adult,Night,Tuesday
3227,198-58-7194,Male,African American,55,2024-10-18,10:28:00,28,False,No referral.,Older Adult,Day,Friday
3228,793-63-1688,Male,African American,1,2023-06-05,06:59:00,39,False,No referral.,Minor,Night,Monday
3229,225-69-0800,Male,African American,56,2024-05-15,12:21:00,41,False,No referral.,Older Adult,Day,Wednesday
3230,422-79-2376,Male,African American,20,2023-12-06,22:46:00,56,False,No referral.,Young Adult,Evening,Wednesday
3231,100-70-0071,Male,African American,38,2024-01-14,01:43:00,57,False,No referral.,Adult,Night,Sunday
3232,446-22-8407,Male,African American,39,2024-03-16,06:21:00,57,False,No referral.,Adult,Night,Saturday
3233,472-79-7036,Male,African American,28,2023-09-23,08:02:00,12,False,No referral.,Young Adult,Day,Saturday
3234,807-77-5028,Male,African American,30,2024-11-10,11:12:00,12,False,No referral.,Young Adult,Day,Sunday
3235,324-34-8824,Male,African American,57,2023-10-09,22:45:00,34,False,No referral.,Older Adult,Evening,Monday
3236,464-11-9261,Male,African American,11,2023-04-12,00:28:00,51,False,No referral.,Minor,Night,Wednesday
3237,539-64-9567,Male,African American,51,2023-05-10,09:27:00,55,False,No referral.,Middle-aged,Day,Wednesday
3238,223-49-3545,Male,African American,22,2024-07-10,09:27:00,14,False,No referral.,Young Adult,Day,Wednesday
3239,668-28-5376,Male,African American,32,2023-09-25,09:01:00,45,False,No referral.,Young Adult,Day,Monday
3240,607-36-7676,Male,African American,10,2024-04-30,11:52:00,20,False,No referral.,Minor,Day,Tuesday
3241,393-76-3342,Male,African American,63,2023-08-09,08:52:00,23,False,No referral.,Older Adult,Day,Wednesday
3242,787-63-5091,Male,African American,2,2023-05-30,05:50:00,28,False,No referral.,Minor,Night,Tuesday
3243,575-80-8828,Male,African American,59,2023-06-13,01:49:00,37,False,No referral.,Older Adult,Night,Tuesday
3244,132-56-4513,Male,African American,59,2023-09-16,05:02:00,39,False,No referral.,Older Adult,Night,Saturday
3245,317-40-2697,Male,African American,48,2023-06-16,18:00:00,43,False,No referral.,Middle-aged,Evening,Friday
3246,186-14-2053,Male,African American,66,2024-02-20,05:33:00,20,False,No referral.,Senior,Night,Tuesday
3247,315-55-1344,Male,African American,46,2024-05-02,03:57:00,36,False,No referral.,Middle-aged,Night,Thursday
3248,797-63-5683,Male,African American,3,2024-03-10,14:23:00,43,False,No referral.,Minor,Day,Sunday
3249,746-88-5176,Male,African American,48,2023-05-04,16:56:00,45,False,No referral.,Middle-aged,Evening,Thursday
3250,528-38-1491,Male,African American,33,2024-03-25,10:45:00,47,False,No referral.,Young Adult,Day,Monday
3251,100-17-5081,Male,African American,67,2024-01-14,19:20:00,60,False,No referral.,Senior,Evening,Sunday
3252,329-52-8249,Male,African American,73,2024-03-10,07:06:00,21,False,No referral.,Senior,Day,Sunday
3253,711-14-6363,Male,African American,31,2024-03-28,09:46:00,43,False,No referral.,Young Adult,Day,Thursday
3254,586-36-0979,Male,African American,61,2023-04-14,20:47:00,44,False,No referral.,Older Adult,Evening,Friday
3255,512-27-6855,Male,African American,75,2023-07-24,20:42:00,46,False,No referral.,Senior,Evening,Monday
3256,736-65-1410,Male,African American,34,2024-08-24,00:15:00,52,False,No referral.,Young Adult,Night,Saturday
3257,506-47-7494,Male,African American,66,2023-11-23,22:59:00,58,False,No referral.,Senior,Evening,Thursday
3258,800-68-0100,Male,African American,51,2023-09-21,04:47:00,14,False,No referral.,Middle-aged,Night,Thursday
3259,680-14-5223,Male,African American,68,2024-02-16,23:01:00,19,False,No referral.,Senior,Night,Friday
3260,542-26-9769,Male,African American,22,2023-05-26,11:06:00,31,False,No referral.,Young Adult,Day,Friday
3261,781-65-5758,Male,African American,34,2024-02-21,18:13:00,39,False,No referral.,Young Adult,Evening,Wednesday
3262,492-55-5790,Male,African American,25,2024-02-07,18:02:00,45,False,No referral.,Young Adult,Evening,Wednesday
3263,532-91-6458,Male,African American,62,2024-08-27,03:43:00,45,False,No referral.,Older Adult,Night,Tuesday
3264,860-64-2420,Male,African American,76,2024-03-14,06:50:00,54,False,No referral.,Senior,Night,Thursday
3265,334-41-5934,Male,African American,18,2024-06-23,06:16:00,58,False,No referral.,Minor,Night,Sunday
3266,792-91-1843,Male,African American,63,2024-09-04,12:03:00,18,False,No referral.,Older Adult,Day,Wednesday
3267,699-31-0809,Male,African American,65,2023-10-22,14:55:00,18,False,No referral.,Senior,Day,Sunday
3268,350-63-4551,Male,African American,29,2023-07-09,07:05:00,25,False,No referral.,Young Adult,Day,Sunday
3269,314-50-1618,Male,African American,52,2024-03-30,17:54:00,27,False,No referral.,Middle-aged,Evening,Saturday
3270,402-65-3498,Male,African American,71,2023-04-26,21:57:00,30,False,No referral.,Senior,Evening,Wednesday
3271,387-69-1136,Male,African American,45,2024-05-25,02:36:00,31,False,No referral.,Middle-aged,Night,Saturday
3272,864-95-3743,Male,African American,14,2024-01-30,11:53:00,34,False,No referral.,Minor,Day,Tuesday
3273,701-10-0774,Male,African American,2,2024-01-14,09:34:00,41,False,No referral.,Minor,Day,Sunday
3274,341-90-9619,Male,African American,59,2023-09-17,20:28:00,48,False,No referral.,Older Adult,Evening,Sunday
3275,409-09-6299,Male,African American,20,2023-08-26,08:18:00,49,False,No referral.,Young Adult,Day,Saturday
3276,355-78-1256,Male,African American,47,2024-06-30,08:31:00,51,False,No referral.,Middle-aged,Day,Sunday
3277,360-57-7022,Male,African American,19,2023-11-07,07:20:00,17,False,No referral.,Minor,Day,Tuesday
3278,337-49-3637,Male,African American,39,2024-12-09,18:52:00,19,False,No referral.,Adult,Evening,Monday
3279,502-37-4117,Male,African American,51,2024-06-19,01:03:00,22,False,No referral.,Middle-aged,Night,Wednesday
3280,646-76-4036,Male,African American,46,2023-05-24,00:40:00,44,False,No referral.,Middle-aged,Night,Wednesday
3281,350-37-2223,Male,African American,57,2024-09-15,12:02:00,45,False,No referral.,Older Adult,Day,Sunday
3282,745-95-5434,Male,African American,26,2024-09-02,21:40:00,49,False,No referral.,Young Adult,Evening,Monday
3283,541-90-8828,Male,African American,44,2023-05-11,14:50:00,27,False,No referral.,Adult,Day,Thursday
3284,859-60-6499,Male,African American,10,2023-12-21,11:33:00,30,False,No referral.,Minor,Day,Thursday
3285,731-69-1969,Male,African American,26,2023-02-10,10:26:00,13,False,No referral.,Young Adult,Day,Friday
3286,645-33-8446,Male,African American,68,2024-05-28,15:46:00,44,False,No referral.,Senior,Evening,Tuesday
3287,178-06-0072,Male,African American,5,2023-08-21,19:59:00,59,False,No referral.,Minor,Evening,Monday
3288,319-37-4998,Male,African American,46,2023-08-30,07:47:00,40,False,No referral.,Middle-aged,Day,Wednesday
3289,248-79-5709,Male,African American,48,2024-07-01,04:49:00,40,False,No referral.,Middle-aged,Night,Monday
3290,689-07-9836,Male,African American,25,2024-05-10,02:28:00,12,False,No referral.,Young Adult,Night,Friday
3291,727-21-8996,Male,African American,73,2024-11-04,01:21:00,58,False,No referral.,Senior,Night,Monday
3292,522-16-8744,Male,African American,60,2023-07-05,01:06:00,18,False,No referral.,Older Adult,Night,Wednesday
3293,260-97-5738,Male,African American,59,2023-12-10,10:27:00,58,False,No referral.,Older Adult,Day,Sunday
3294,776-31-7222,Male,African American,23,2023-12-17,09:37:00,34,False,No referral.,Young Adult,Day,Sunday
3295,448-35-2141,Male,African American,56,2023-06-14,08:33:00,15,False,No referral.,Older Adult,Day,Wednesday
3296,393-15-1888,Male,African American,40,2024-09-17,21:42:00,35,False,No referral.,Adult,Evening,Tuesday
3297,456-31-3502,Male,African American,44,2024-05-21,00:33:00,58,False,No referral.,Adult,Night,Tuesday
3298,126-41-1668,Male,African American,22,2024-07-16,12:39:00,59,False,No referral.,Young Adult,Day,Tuesday
3299,121-30-7937,Male,African American,71,2023-04-30,04:33:00,24,False,No referral.,Senior,Night,Sunday
3300,374-94-7302,Male,African American,2,2024-10-06,00:45:00,23,False,No referral.,Minor,Night,Sunday
3301,275-04-7155,Male,African American,43,2024-10-26,12:48:00,23,False,No referral.,Adult,Day,Saturday
3302,473-53-0515,Male,African American,31,2023-11-06,23:49:00,42,False,No referral.,Young Adult,Night,Monday
3303,237-68-2124,Male,African American,68,2024-07-16,15:43:00,23,False,No referral.,Senior,Evening,Tuesday
3304,359-91-9193,Male,African American,57,2023-06-28,09:03:00,33,False,No referral.,Older Adult,Day,Wednesday
3305,171-56-3657,Male,African American,77,2024-12-06,00:40:00,36,False,No referral.,Senior,Night,Friday
3306,451-34-4202,Male,African American,17,2024-03-26,17:33:00,43,False,No referral.,Minor,Evening,Tuesday
3307,659-77-8969,Male,African American,20,2024-03-04,19:49:00,27,False,No referral.,Young Adult,Evening,Monday
3308,339-65-9299,Male,African American,58,2023-08-10,18:56:00,57,False,No referral.,Older Adult,Evening,Thursday
3309,329-19-9616,Male,African American,50,2023-06-27,00:46:00,55,False,No referral.,Middle-aged,Night,Tuesday
3310,339-20-7594,Male,African American,42,2024-07-24,13:01:00,38,False,No referral.,Adult,Day,Wednesday
3311,328-14-5591,Male,African American,59,2024-02-01,02:33:00,49,False,No referral.,Older Adult,Night,Thursday
3312,487-25-9893,Male,African American,52,2024-11-08,19:01:00,54,False,No referral.,Middle-aged,Evening,Friday
3313,265-11-8190,Male,African American,50,2023-07-21,19:38:00,36,False,No referral.,Middle-aged,Evening,Friday
3314,818-69-8637,Male,African American,56,2023-02-06,11:32:00,23,False,No referral.,Older Adult,Day,Monday
3315,607-20-0742,Male,African American,38,2023-08-26,01:53:00,27,False,No referral.,Adult,Night,Saturday
3316,859-80-5199,Male,African American,52,2023-07-11,06:27:00,10,False,No referral.,Middle-aged,Night,Tuesday
3317,861-08-8144,Male,African American,67,2023-08-12,00:29:00,47,False,No referral.,Senior,Night,Saturday
3318,699-68-4698,Male,African American,15,2023-12-29,07:39:00,26,False,No referral.,Minor,Day,Friday
3319,858-56-1736,Male,African American,28,2023-05-20,19:51:00,27,False,No referral.,Young Adult,Evening,Saturday
3320,676-57-7633,Male,African American,24,2023-12-07,08:11:00,12,False,No referral.,Young Adult,Day,Thursday
3321,512-40-7624,Male,African American,69,2024-09-05,16:20:00,55,False,No referral.,Senior,Evening,Thursday
3322,247-79-7253,Male,African American,25,2024-06-15,04:41:00,12,False,No referral.,Young Adult,Night,Saturday
3323,120-15-5516,Male,African American,30,2024-04-20,18:02:00,25,False,No referral.,Young Adult,Evening,Saturday
3324,394-07-2661,Male,African American,27,2024-04-05,14:02:00,20,False,No referral.,Young Adult,Day,Friday
3325,234-62-4445,Male,African American,74,2024-06-20,10:12:00,40,False,No referral.,Senior,Day,Thursday
3326,292-95-6291,Male,African American,65,2024-11-07,17:49:00,31,False,No referral.,Senior,Evening,Thursday
3327,806-11-1271,Male,African American,36,2023-08-06,13:58:00,15,False,No referral.,Adult,Day,Sunday
3328,497-27-2881,Male,African American,42,2024-01-09,18:15:00,36,False,No referral.,Adult,Evening,Tuesday
3329,500-85-3554,Male,African American,28,2024-07-06,15:07:00,47,False,No referral.,Young Adult,Evening,Saturday
3330,831-72-4104,Male,African American,48,2024-02-04,10:40:00,41,False,No referral.,Middle-aged,Day,Sunday
3331,636-89-0732,Male,African American,4,2023-05-04,14:45:00,34,False,No referral.,Minor,Day,Thursday
3332,193-87-0591,Male,African American,78,2024-02-13,00:34:00,42,False,No referral.,Senior,Night,Tuesday
3333,545-48-0481,Male,African American,76,2024-03-25,15:51:00,50,False,No referral.,Senior,Evening,Monday
3334,129-48-0933,Male,African American,21,2023-05-17,10:15:00,15,False,No referral.,Young Adult,Day,Wednesday
3335,531-31-3664,Male,African American,8,2023-03-06,21:04:00,11,False,No referral.,Minor,Evening,Monday
3336,861-48-5444,Male,African American,13,2024-03-13,12:35:00,57,False,No referral.,Minor,Day,Wednesday
3337,844-85-1514,Male,African American,20,2024-10-09,11:04:00,17,False,No referral.,Young Adult,Day,Wednesday
3338,103-73-6870,Male,African American,15,2023-10-24,00:03:00,22,False,No referral.,Minor,Night,Tuesday
3339,836-45-5911,Male,African American,78,2024-01-10,12:05:00,30,False,No referral.,Senior,Day,Wednesday
3340,161-39-6789,Male,African American,6,2024-05-24,07:01:00,60,False,No referral.,Minor,Day,Friday
3341,292-50-3675,Male,African American,33,2023-03-08,12:51:00,47,False,No referral.,Young Adult,Day,Wednesday
3342,202-95-1671,Male,African American,34,2024-06-26,23:29:00,54,False,No referral.,Young Adult,Night,Wednesday
3343,583-72-3070,Male,African American,70,2023-06-26,11:08:00,16,False,No referral.,Senior,Day,Monday
3344,474-58-0047,Male,African American,64,2024-06-17,05:33:00,22,False,No referral.,Older Adult,Night,Monday
3345,618-74-2955,Male,African American,7,2024-01-16,18:19:00,14,False,No referral.,Minor,Evening,Tuesday
3346,352-51-9558,Male,African American,50,2023-07-11,14:46:00,60,False,No referral.,Middle-aged,Day,Tuesday
3347,464-44-5970,Male,African American,74,2024-07-25,08:58:00,28,False,Orthopedics,Senior,Day,Thursday
3348,602-47-8260,Male,African American,52,2024-11-10,09:50:00,38,False,Orthopedics,Middle-aged,Day,Sunday
3349,138-91-1480,Male,African American,19,2024-02-08,18:44:00,11,False,Orthopedics,Minor,Evening,Thursday
3350,853-27-4550,Male,African American,53,2024-07-24,20:13:00,20,False,Orthopedics,Middle-aged,Evening,Wednesday
3351,546-93-3891,Male,African American,42,2024-06-27,17:12:00,39,False,Orthopedics,Adult,Evening,Thursday
3352,313-02-6855,Male,African American,74,2024-01-29,08:11:00,58,False,Orthopedics,Senior,Day,Monday
3353,667-04-5340,Male,African American,29,2023-06-20,00:03:00,46,False,Orthopedics,Young Adult,Night,Tuesday
3354,219-46-2834,Male,African American,26,2023-12-28,21:00:00,49,False,Orthopedics,Young Adult,Evening,Thursday
3355,258-65-5478,Male,African American,47,2023-09-23,03:13:00,53,False,Orthopedics,Middle-aged,Night,Saturday
3356,375-19-1172,Male,African American,70,2023-08-04,02:04:00,22,False,Orthopedics,Senior,Night,Friday
3357,851-85-8318,Male,African American,9,2023-04-04,15:35:00,36,False,Orthopedics,Minor,Evening,Tuesday
3358,702-38-3084,Male,African American,75,2024-02-07,00:46:00,17,False,Orthopedics,Senior,Night,Wednesday
3359,855-68-8308,Male,African American,58,2023-07-09,21:12:00,19,False,Orthopedics,Older Adult,Evening,Sunday
3360,265-01-7218,Male,African American,5,2023-04-14,06:19:00,34,False,Orthopedics,Minor,Night,Friday
3361,711-16-5014,Male,African American,49,2024-06-19,21:12:00,18,False,Orthopedics,Middle-aged,Evening,Wednesday
3362,658-61-9044,Male,African American,71,2024-03-28,08:51:00,28,False,Orthopedics,Senior,Day,Thursday
3363,352-98-0907,Male,African American,64,2024-01-09,02:23:00,47,False,Orthopedics,Older Adult,Night,Tuesday
3364,369-61-0041,Male,African American,48,2023-10-06,13:35:00,25,False,Orthopedics,Middle-aged,Day,Friday
3365,864-54-6914,Male,African American,15,2023-07-18,06:56:00,53,False,Orthopedics,Minor,Night,Tuesday
3366,340-40-0901,Male,African American,7,2024-05-23,17:24:00,60,False,Orthopedics,Minor,Evening,Thursday
3367,701-71-6155,Male,African American,18,2023-09-30,16:58:00,57,False,Orthopedics,Minor,Evening,Saturday
3368,769-26-7401,Male,African American,75,2024-09-10,07:54:00,51,False,Orthopedics,Senior,Day,Tuesday
3369,454-17-8279,Male,African American,39,2024-03-28,07:54:00,12,False,Orthopedics,Adult,Day,Thursday
3370,723-76-5413,Male,African American,3,2023-09-15,13:54:00,34,False,Orthopedics,Minor,Day,Friday
3371,521-83-9058,Male,African American,32,2023-05-14,17:35:00,17,False,Orthopedics,Young Adult,Evening,Sunday
3372,490-58-0794,Male,African American,50,2023-05-18,09:16:00,44,False,Orthopedics,Middle-aged,Day,Thursday
3373,517-09-3692,Male,African American,34,2024-10-07,13:34:00,58,False,Orthopedics,Young Adult,Day,Monday
3374,758-75-6911,Male,African American,34,2023-08-07,15:48:00,41,False,Orthopedics,Young Adult,Evening,Monday
3375,812-01-8966,Male,African American,24,2024-09-01,22:32:00,60,False,Orthopedics,Young Adult,Evening,Sunday
3376,610-42-3028,Male,African American,6,2024-03-08,07:14:00,42,False,Orthopedics,Minor,Day,Friday
3377,197-42-3233,Male,African American,74,2023-08-18,04:33:00,52,False,Orthopedics,Senior,Night,Friday
3378,843-11-0945,Male,African American,64,2023-12-17,01:11:00,48,False,Orthopedics,Older Adult,Night,Sunday
3379,771-94-6870,Male,African American,18,2024-02-01,21:16:00,55,False,Orthopedics,Minor,Evening,Thursday
3380,330-29-6460,Male,African American,45,2024-01-14,01:16:00,41,False,Orthopedics,Middle-aged,Night,Sunday
3381,533-97-4597,Male,African American,71,2023-02-11,13:04:00,10,False,Orthopedics,Senior,Day,Saturday
3382,582-24-8875,Male,African American,74,2024-03-21,09:05:00,21,False,Orthopedics,Senior,Day,Thursday
3383,221-75-5469,Male,African American,10,2024-06-24,03:34:00,60,False,Orthopedics,Minor,Night,Monday
3384,546-76-3103,Male,African American,13,2023-08-17,10:35:00,45,False,Orthopedics,Minor,Day,Thursday
3385,821-53-2890,Male,African American,29,2024-06-06,01:28:00,18,False,Orthopedics,Young Adult,Night,Thursday
3386,872-54-2592,Male,African American,68,2023-08-12,15:47:00,54,False,Orthopedics,Senior,Evening,Saturday
3387,113-95-3971,Male,African American,1,2023-10-28,03:41:00,25,False,Orthopedics,Minor,Night,Saturday
3388,211-48-9357,Male,African American,38,2024-03-03,09:51:00,15,False,Orthopedics,Adult,Day,Sunday
3389,720-24-3690,Male,African American,27,2023-11-17,10:42:00,17,False,Orthopedics,Young Adult,Day,Friday
3390,452-87-5629,Male,African American,50,2024-07-20,05:50:00,49,False,Orthopedics,Middle-aged,Night,Saturday
3391,830-11-3808,Male,African American,49,2023-02-10,17:02:00,51,False,Orthopedics,Middle-aged,Evening,Friday
3392,691-30-6115,Male,African American,38,2023-06-13,19:34:00,39,False,Orthopedics,Adult,Evening,Tuesday
3393,551-13-2462,Male,African American,69,2024-09-24,00:53:00,28,False,Orthopedics,Senior,Night,Tuesday
3394,393-52-8450,Male,African American,74,2024-05-16,14:16:00,24,False,Orthopedics,Senior,Day,Thursday
3395,634-89-7737,Male,African American,69,2023-06-11,22:39:00,48,False,Orthopedics,Senior,Evening,Sunday
3396,826-13-7323,Male,African American,60,2024-06-13,23:24:00,26,False,Orthopedics,Older Adult,Night,Thursday
3397,513-30-4773,Male,African American,71,2024-04-10,03:13:00,38,False,Orthopedics,Senior,Night,Wednesday
3398,461-29-9107,Male,African American,73,2024-02-22,16:28:00,32,False,Orthopedics,Senior,Evening,Thursday
3399,710-19-1756,Male,African American,36,2023-05-16,17:22:00,11,False,Orthopedics,Adult,Evening,Tuesday
3400,662-15-8330,Male,African American,4,2023-09-08,04:04:00,20,False,Orthopedics,Minor,Night,Friday
3401,612-63-4048,Male,African American,24,2024-12-08,06:04:00,58,False,Orthopedics,Young Adult,Night,Sunday
3402,465-18-8502,Male,African American,2,2023-09-25,14:04:00,40,False,Orthopedics,Minor,Day,Monday
3403,248-79-4235,Male,African American,20,2024-01-22,01:20:00,56,False,Orthopedics,Young Adult,Night,Monday
3404,174-75-1853,Male,African American,22,2024-07-03,16:55:00,44,False,Physiotherapy,Young Adult,Evening,Wednesday
3405,590-07-7660,Male,African American,6,2024-10-28,01:11:00,44,False,Physiotherapy,Minor,Night,Monday
3406,350-07-8086,Male,African American,9,2023-06-27,21:32:00,54,False,Physiotherapy,Minor,Evening,Tuesday
3407,841-68-4981,Male,African American,8,2024-08-19,00:10:00,37,False,Physiotherapy,Minor,Night,Monday
3408,522-83-0267,Male,African American,21,2023-05-19,01:57:00,17,False,Physiotherapy,Young Adult,Night,Friday
3409,399-44-4124,Male,African American,46,2024-06-22,17:40:00,49,False,Physiotherapy,Middle-aged,Evening,Saturday
3410,833-71-2313,Male,African American,72,2023-11-13,12:42:00,22,False,Physiotherapy,Senior,Day,Monday
3411,191-38-0493,Male,African American,66,2023-10-31,05:18:00,20,False,Physiotherapy,Senior,Night,Tuesday
3412,655-73-2482,Male,African American,3,2023-04-11,06:00:00,51,False,Physiotherapy,Minor,Night,Tuesday
3413,282-19-0346,Male,African American,68,2023-11-12,09:14:00,55,False,Physiotherapy,Senior,Day,Sunday
3414,298-36-6119,Male,African American,17,2024-03-25,23:09:00,19,False,Physiotherapy,Minor,Night,Monday
3415,134-23-9854,Male,African American,56,2023-09-11,14:46:00,45,False,Physiotherapy,Older Adult,Day,Monday
3416,635-55-6937,Male,African American,23,2024-03-06,03:13:00,52,False,Physiotherapy,Young Adult,Night,Wednesday
3417,702-47-3618,Male,African American,9,2023-04-13,05:21:00,56,False,Physiotherapy,Minor,Night,Thursday
3418,162-52-5413,Male,African American,75,2023-08-16,20:18:00,12,False,Renal,Senior,Evening,Wednesday
3419,435-61-1271,Male,African American,37,2024-06-03,18:06:00,33,False,Renal,Adult,Evening,Monday
3420,620-03-2957,Male,African American,17,2024-04-15,20:44:00,53,False,Renal,Minor,Evening,Monday
3421,604-90-6890,Male,African American,6,2024-01-23,16:46:00,39,False,Renal,Minor,Evening,Tuesday
3422,497-25-0031,Male,Asian,29,2024-06-15,04:06:00,57,False,Cardiology,Young Adult,Night,Saturday
3423,404-11-0410,Male,Asian,78,2023-12-05,00:18:00,33,False,Cardiology,Senior,Night,Tuesday
3424,849-97-5342,Male,Asian,52,2024-06-06,11:42:00,48,False,Gastroenterology,Middle-aged,Day,Thursday
3425,700-71-2541,Male,Asian,37,2024-05-16,03:07:00,15,False,Gastroenterology,Adult,Night,Thursday
3426,595-97-7229,Male,Asian,76,2024-01-24,04:34:00,59,False,Gastroenterology,Senior,Night,Wednesday
3427,154-20-9417,Male,Asian,79,2024-09-13,17:45:00,36,False,Gastroenterology,Senior,Evening,Friday
3428,824-94-3306,Male,Asian,30,2023-06-05,06:25:00,37,False,Gastroenterology,Young Adult,Night,Monday
3429,713-44-5163,Male,Asian,55,2024-09-15,23:49:00,36,False,Gastroenterology,Older Adult,Night,Sunday
3430,749-55-7622,Male,Asian,48,2024-02-03,19:39:00,21,False,General Practice,Middle-aged,Evening,Saturday
3431,421-08-1967,Male,Asian,57,2023-11-04,09:20:00,48,False,General Practice,Older Adult,Day,Saturday
3432,873-06-4261,Male,Asian,11,2023-08-24,21:16:00,57,False,General Practice,Minor,Evening,Thursday
3433,107-86-6061,Male,Asian,78,2023-12-12,08:14:00,12,False,General Practice,Senior,Day,Tuesday
3434,278-22-0214,Male,Asian,56,2023-07-29,01:50:00,13,False,General Practice,Older Adult,Night,Saturday
3435,240-91-8056,Male,Asian,41,2023-07-06,20:21:00,33,False,General Practice,Adult,Evening,Thursday
3436,428-69-8031,Male,Asian,22,2024-08-06,16:48:00,12,False,General Practice,Young Adult,Evening,Tuesday
3437,482-05-7766,Male,Asian,4,2024-01-31,09:03:00,44,False,General Practice,Minor,Day,Wednesday
3438,313-29-0509,Male,Asian,47,2024-10-23,03:19:00,57,False,General Practice,Middle-aged,Night,Wednesday
3439,543-62-1334,Male,Asian,18,2024-01-28,11:42:00,11,False,General Practice,Minor,Day,Sunday
3440,395-31-5947,Male,Asian,35,2024-08-19,13:18:00,12,False,General Practice,Adult,Day,Monday
3441,753-69-8444,Male,Asian,37,2024-06-19,04:22:00,16,False,General Practice,Adult,Night,Wednesday
3442,188-56-6640,Male,Asian,19,2023-10-13,02:15:00,27,False,General Practice,Minor,Night,Friday
3443,639-96-5879,Male,Asian,13,2024-08-17,09:37:00,30,False,General Practice,Minor,Day,Saturday
3444,374-52-0951,Male,Asian,54,2023-10-31,13:35:00,39,False,General Practice,Middle-aged,Day,Tuesday
3445,761-31-9174,Male,Asian,11,2023-05-18,02:39:00,52,False,General Practice,Minor,Night,Thursday
3446,223-07-9743,Male,Asian,62,2023-12-17,21:06:00,34,False,General Practice,Older Adult,Evening,Sunday
3447,512-93-5850,Male,Asian,38,2023-12-09,22:16:00,48,False,General Practice,Adult,Evening,Saturday
3448,501-69-9067,Male,Asian,7,2023-05-04,17:51:00,42,False,General Practice,Minor,Evening,Thursday
3449,472-57-6924,Male,Asian,57,2023-10-24,20:32:00,43,False,General Practice,Older Adult,Evening,Tuesday
3450,645-65-7273,Male,Asian,45,2023-07-29,12:58:00,38,False,General Practice,Middle-aged,Day,Saturday
3451,439-47-1386,Male,Asian,43,2024-09-17,01:23:00,13,False,General Practice,Adult,Night,Tuesday
3452,302-61-6797,Male,Asian,54,2023-08-12,13:02:00,34,False,General Practice,Middle-aged,Day,Saturday
3453,138-23-4405,Male,Asian,45,2023-12-10,23:56:00,52,False,General Practice,Middle-aged,Night,Sunday
3454,137-21-4628,Male,Asian,34,2024-10-05,14:51:00,10,False,General Practice,Young Adult,Day,Saturday
3455,678-76-6412,Male,Asian,65,2024-08-29,08:13:00,57,False,General Practice,Senior,Day,Thursday
3456,862-32-2195,Male,Asian,24,2024-01-08,08:23:00,10,False,General Practice,Young Adult,Day,Monday
3457,843-23-1781,Male,Asian,16,2023-06-21,23:08:00,10,False,General Practice,Minor,Night,Wednesday
3458,716-78-2526,Male,Asian,15,2023-09-27,17:28:00,14,False,General Practice,Minor,Evening,Wednesday
3459,707-97-3210,Male,Asian,54,2023-11-30,07:11:00,27,False,General Practice,Middle-aged,Day,Thursday
3460,657-31-6467,Male,Asian,77,2023-11-24,01:10:00,35,False,General Practice,Senior,Night,Friday
3461,404-40-7447,Male,Asian,20,2024-01-26,15:46:00,27,False,General Practice,Young Adult,Evening,Friday
3462,226-24-8337,Male,Asian,31,2023-11-28,01:59:00,29,False,General Practice,Young Adult,Night,Tuesday
3463,123-21-6808,Male,Asian,23,2024-07-23,03:33:00,22,False,General Practice,Young Adult,Night,Tuesday
3464,632-88-2956,Male,Asian,26,2024-07-16,11:10:00,57,False,General Practice,Young Adult,Day,Tuesday
3465,205-88-0582,Male,Asian,70,2024-02-20,13:27:00,18,False,General Practice,Senior,Day,Tuesday
3466,187-33-6988,Male,Asian,64,2024-09-21,06:00:00,10,False,General Practice,Older Adult,Night,Saturday
3467,516-40-9905,Male,Asian,12,2023-07-19,01:11:00,44,False,General Practice,Minor,Night,Wednesday
3468,729-10-9426,Male,Asian,6,2023-02-04,17:50:00,45,False,General Practice,Minor,Evening,Saturday
3469,578-70-1520,Male,Asian,77,2024-11-08,01:53:00,58,False,General Practice,Senior,Night,Friday
3470,193-23-1557,Male,Asian,39,2024-10-01,16:17:00,14,False,General Practice,Adult,Evening,Tuesday
3471,681-69-3937,Male,Asian,64,2023-03-04,14:56:00,15,False,General Practice,Older Adult,Day,Saturday
3472,805-58-2367,Male,Asian,3,2023-12-23,08:49:00,48,False,General Practice,Minor,Day,Saturday
3473,363-45-5397,Male,Asian,26,2024-08-01,10:41:00,53,False,General Practice,Young Adult,Day,Thursday
3474,604-22-1946,Male,Asian,28,2023-12-15,15:33:00,55,False,General Practice,Young Adult,Evening,Friday
3475,113-72-3695,Male,Asian,63,2023-09-22,13:10:00,20,False,General Practice,Older Adult,Day,Friday
3476,753-22-7315,Male,Asian,32,2024-09-26,20:44:00,20,False,General Practice,Young Adult,Evening,Thursday
3477,678-80-6867,Male,Asian,71,2024-03-24,15:11:00,15,False,General Practice,Senior,Evening,Sunday
3478,266-60-4228,Male,Asian,59,2024-10-08,12:23:00,48,False,Neurology,Older Adult,Day,Tuesday
3479,276-38-5016,Male,Asian,39,2023-06-29,23:34:00,18,False,Neurology,Adult,Night,Thursday
3480,877-16-0784,Male,Asian,59,2023-10-31,02:19:00,29,False,Neurology,Older Adult,Night,Tuesday
3481,509-79-4975,Male,Asian,19,2023-04-16,19:32:00,52,False,Neurology,Minor,Evening,Sunday
3482,710-62-0164,Male,Asian,26,2024-07-06,19:52:00,37,False,Neurology,Young Adult,Evening,Saturday
3483,187-33-8018,Male,Asian,10,2024-01-07,22:05:00,42,False,Neurology,Minor,Evening,Sunday
3484,691-25-6809,Male,Asian,17,2024-04-14,04:56:00,12,False,Neurology,Minor,Night,Sunday
3485,475-34-5223,Male,Asian,53,2024-12-07,08:19:00,20,False,No referral.,Middle-aged,Day,Saturday
3486,260-38-5070,Male,Asian,14,2023-05-14,14:58:00,25,False,No referral.,Minor,Day,Sunday
3487,434-96-2789,Male,Asian,71,2024-10-29,20:19:00,47,False,No referral.,Senior,Evening,Tuesday
3488,557-66-5745,Male,Asian,62,2023-08-20,05:27:00,48,False,No referral.,Older Adult,Night,Sunday
3489,736-98-3342,Male,Asian,27,2024-09-09,12:05:00,52,False,No referral.,Young Adult,Day,Monday
3490,366-62-0579,Male,Asian,10,2024-04-20,03:49:00,54,False,No referral.,Minor,Night,Saturday
3491,342-34-8074,Male,Asian,76,2023-11-21,02:33:00,13,False,No referral.,Senior,Night,Tuesday
3492,601-22-0464,Male,Asian,38,2023-04-17,11:53:00,33,False,No referral.,Adult,Day,Monday
3493,714-20-8974,Male,Asian,28,2023-08-26,23:48:00,46,False,No referral.,Young Adult,Night,Saturday
3494,883-22-5328,Male,Asian,70,2023-04-10,02:00:00,29,False,No referral.,Senior,Night,Monday
3495,440-68-4290,Male,Asian,65,2024-01-20,03:05:00,42,False,No referral.,Senior,Night,Saturday
3496,815-71-9230,Male,Asian,8,2024-01-18,07:39:00,21,False,No referral.,Minor,Day,Thursday
3497,420-56-3659,Male,Asian,48,2023-12-12,16:39:00,25,False,No referral.,Middle-aged,Evening,Tuesday
3498,305-01-4491,Male,Asian,29,2023-06-21,16:12:00,33,False,No referral.,Young Adult,Evening,Wednesday
3499,692-61-2801,Male,Asian,23,2023-12-12,15:48:00,40,False,No referral.,Young Adult,Evening,Tuesday
3500,390-79-5650,Male,Asian,59,2024-01-01,17:33:00,47,False,No referral.,Older Adult,Evening,Monday
3501,896-75-9958,Male,Asian,59,2024-07-15,09:34:00,22,False,No referral.,Older Adult,Day,Monday
3502,594-06-1700,Male,Asian,77,2023-01-05,00:38:00,28,False,No referral.,Senior,Night,Thursday
3503,646-25-6910,Male,Asian,17,2024-02-05,16:43:00,30,False,No referral.,Minor,Evening,Monday
3504,244-65-6448,Male,Asian,32,2024-02-04,09:09:00,34,False,No referral.,Young Adult,Day,Sunday
3505,780-12-9711,Male,Asian,22,2024-03-01,22:31:00,38,False,No referral.,Young Adult,Evening,Friday
3506,259-50-3010,Male,Asian,4,2024-01-08,01:53:00,42,False,No referral.,Minor,Night,Monday
3507,186-30-9348,Male,Asian,14,2023-12-28,03:23:00,52,False,No referral.,Minor,Night,Thursday
3508,532-11-6360,Male,Asian,26,2023-10-21,05:16:00,37,False,No referral.,Young Adult,Night,Saturday
3509,397-13-9614,Male,Asian,72,2024-05-25,04:46:00,37,False,No referral.,Senior,Night,Saturday
3510,879-99-8691,Male,Asian,78,2024-04-30,19:28:00,49,False,No referral.,Senior,Evening,Tuesday
3511,886-30-7411,Male,Asian,37,2024-09-21,21:05:00,52,False,No referral.,Adult,Evening,Saturday
3512,392-67-4275,Male,Asian,42,2024-03-21,09:52:00,55,False,No referral.,Adult,Day,Thursday
3513,114-13-2465,Male,Asian,44,2024-08-29,04:01:00,56,False,No referral.,Adult,Night,Thursday
3514,109-85-7478,Male,Asian,57,2024-03-20,02:36:00,57,False,No referral.,Older Adult,Night,Wednesday
3515,637-32-6890,Male,Asian,57,2023-08-23,10:40:00,14,False,No referral.,Older Adult,Day,Wednesday
3516,828-38-1580,Male,Asian,20,2024-09-06,07:01:00,36,False,No referral.,Young Adult,Day,Friday
3517,892-21-6166,Male,Asian,20,2024-03-06,20:51:00,42,False,No referral.,Young Adult,Evening,Wednesday
3518,241-87-1317,Male,Asian,6,2023-05-11,14:48:00,11,False,No referral.,Minor,Day,Thursday
3519,616-24-0296,Male,Asian,67,2023-04-07,23:59:00,24,False,No referral.,Senior,Night,Friday
3520,486-72-5476,Male,Asian,36,2023-10-08,22:45:00,27,False,No referral.,Adult,Evening,Sunday
3521,643-01-0548,Male,Asian,46,2023-08-12,17:16:00,45,False,No referral.,Middle-aged,Evening,Saturday
3522,383-29-8580,Male,Asian,10,2023-10-18,11:05:00,50,False,No referral.,Minor,Day,Wednesday
3523,767-68-1383,Male,Asian,18,2023-10-16,20:38:00,54,False,No referral.,Minor,Evening,Monday
3524,559-03-2977,Male,Asian,30,2023-12-14,19:04:00,57,False,No referral.,Young Adult,Evening,Thursday
3525,817-93-7526,Male,Asian,52,2024-06-04,15:31:00,22,False,No referral.,Middle-aged,Evening,Tuesday
3526,842-41-3604,Male,Asian,37,2024-01-08,16:39:00,25,False,No referral.,Adult,Evening,Monday
3527,363-01-4073,Male,Asian,47,2024-06-24,00:20:00,47,False,No referral.,Middle-aged,Night,Monday
3528,532-08-2723,Male,Asian,63,2024-06-15,00:40:00,49,False,No referral.,Older Adult,Night,Saturday
3529,465-16-8651,Male,Asian,9,2024-09-03,18:24:00,51,False,No referral.,Minor,Evening,Tuesday
3530,794-22-4498,Male,Asian,3,2024-06-01,16:31:00,38,False,No referral.,Minor,Evening,Saturday
3531,604-58-1481,Male,Asian,35,2024-03-28,13:38:00,45,False,No referral.,Adult,Day,Thursday
3532,785-15-2888,Male,Asian,19,2023-10-12,03:19:00,13,False,No referral.,Minor,Night,Thursday
3533,651-01-5357,Male,Asian,36,2024-07-17,21:25:00,23,False,No referral.,Adult,Evening,Wednesday
3534,270-12-6526,Male,Asian,38,2024-05-15,22:36:00,48,False,No referral.,Adult,Evening,Wednesday
3535,371-37-0742,Male,Asian,42,2023-11-14,01:48:00,51,False,No referral.,Adult,Night,Tuesday
3536,867-30-8564,Male,Asian,43,2023-12-04,18:24:00,54,False,No referral.,Adult,Evening,Monday
3537,323-53-4902,Male,Asian,71,2023-05-11,21:30:00,58,False,No referral.,Senior,Evening,Thursday
3538,650-53-9989,Male,Asian,57,2024-08-18,02:51:00,12,False,No referral.,Older Adult,Night,Sunday
3539,459-96-4708,Male,Asian,21,2024-09-16,22:04:00,36,False,No referral.,Young Adult,Evening,Monday
3540,715-46-2216,Male,Asian,35,2024-10-08,06:49:00,59,False,No referral.,Adult,Night,Tuesday
3541,512-87-2879,Male,Asian,38,2023-06-07,20:07:00,11,False,No referral.,Adult,Evening,Wednesday
3542,614-03-6436,Male,Asian,19,2024-01-28,13:35:00,15,False,No referral.,Minor,Day,Sunday
3543,619-25-0963,Male,Asian,4,2024-01-06,15:34:00,16,False,No referral.,Minor,Evening,Saturday
3544,553-19-7556,Male,Asian,5,2024-03-10,18:26:00,27,False,No referral.,Minor,Evening,Sunday
3545,720-19-1669,Male,Asian,26,2023-05-10,02:44:00,36,False,No referral.,Young Adult,Night,Wednesday
3546,646-68-5074,Male,Asian,6,2024-09-03,11:34:00,13,False,No referral.,Minor,Day,Tuesday
3547,414-32-1840,Male,Asian,63,2024-02-05,19:22:00,21,False,No referral.,Older Adult,Evening,Monday
3548,639-61-4158,Male,Asian,30,2024-05-19,19:09:00,26,False,No referral.,Young Adult,Evening,Sunday
3549,569-58-3904,Male,Asian,56,2024-03-21,19:44:00,32,False,No referral.,Older Adult,Evening,Thursday
3550,135-78-8511,Male,Asian,36,2024-06-23,00:17:00,48,False,No referral.,Adult,Night,Sunday
3551,312-49-8916,Male,Asian,68,2024-08-06,19:27:00,56,False,No referral.,Senior,Evening,Tuesday
3552,436-77-3709,Male,Asian,30,2023-04-22,04:54:00,58,False,No referral.,Young Adult,Night,Saturday
3553,478-64-3709,Male,Asian,56,2024-06-05,05:28:00,11,False,No referral.,Older Adult,Night,Wednesday
3554,703-98-6090,Male,Asian,50,2024-09-01,18:40:00,29,False,No referral.,Middle-aged,Evening,Sunday
3555,693-70-1074,Male,Asian,49,2023-09-09,15:28:00,55,False,No referral.,Middle-aged,Evening,Saturday
3556,434-92-0068,Male,Asian,54,2024-06-02,03:21:00,60,False,No referral.,Middle-aged,Night,Sunday
3557,836-74-5853,Male,Asian,28,2023-07-06,16:16:00,25,False,No referral.,Young Adult,Evening,Thursday
3558,407-75-9320,Male,Asian,32,2024-04-21,05:45:00,47,False,No referral.,Young Adult,Night,Sunday
3559,243-37-3437,Male,Asian,26,2024-02-14,00:38:00,17,False,No referral.,Young Adult,Night,Wednesday
3560,315-68-5001,Male,Asian,2,2024-01-22,06:26:00,44,False,No referral.,Minor,Night,Monday
3561,790-40-1327,Male,Asian,5,2024-04-26,18:42:00,26,False,No referral.,Minor,Evening,Friday
3562,465-29-9539,Male,Asian,35,2024-04-18,05:20:00,26,False,No referral.,Adult,Night,Thursday
3563,335-35-2752,Male,Asian,6,2023-08-13,02:17:00,32,False,No referral.,Minor,Night,Sunday
3564,611-23-0736,Male,Asian,39,2024-07-20,20:09:00,33,False,No referral.,Adult,Evening,Saturday
3565,454-18-7910,Male,Asian,6,2024-05-16,12:34:00,37,False,No referral.,Minor,Day,Thursday
3566,143-26-7316,Male,Asian,55,2024-09-30,01:48:00,48,False,No referral.,Older Adult,Night,Monday
3567,259-51-9518,Male,Asian,62,2023-01-04,02:45:00,12,False,No referral.,Older Adult,Night,Wednesday
3568,441-90-9274,Male,Asian,46,2024-02-03,13:53:00,16,False,No referral.,Middle-aged,Day,Saturday
3569,889-61-1482,Male,Asian,26,2024-08-19,17:03:00,42,False,No referral.,Young Adult,Evening,Monday
3570,372-44-7515,Male,Asian,11,2024-05-26,04:21:00,44,False,No referral.,Minor,Night,Sunday
3571,584-30-4808,Male,Asian,45,2024-08-24,04:53:00,47,False,No referral.,Middle-aged,Night,Saturday
3572,859-91-0113,Male,Asian,31,2023-05-29,05:14:00,10,False,No referral.,Young Adult,Night,Monday
3573,655-52-9143,Male,Asian,48,2023-06-20,15:32:00,21,False,No referral.,Middle-aged,Evening,Tuesday
3574,678-53-9593,Male,Asian,5,2023-10-27,04:36:00,38,False,No referral.,Minor,Night,Friday
3575,203-45-3196,Male,Asian,27,2023-04-16,10:51:00,37,False,No referral.,Young Adult,Day,Sunday
3576,795-19-2691,Male,Asian,77,2023-02-12,17:07:00,42,False,No referral.,Senior,Evening,Sunday
3577,586-38-7745,Male,Asian,15,2023-04-07,13:40:00,49,False,No referral.,Minor,Day,Friday
3578,319-83-7275,Male,Asian,54,2023-12-30,07:50:00,10,False,No referral.,Middle-aged,Day,Saturday
3579,459-21-7302,Male,Asian,23,2023-12-10,06:49:00,11,False,No referral.,Young Adult,Night,Sunday
3580,170-17-5442,Male,Asian,60,2024-08-31,15:14:00,45,False,No referral.,Older Adult,Evening,Saturday
3581,244-95-7873,Male,Asian,12,2024-07-06,14:41:00,37,False,No referral.,Minor,Day,Saturday
3582,168-40-7318,Male,Asian,69,2023-09-09,21:24:00,40,False,No referral.,Senior,Evening,Saturday
3583,120-91-4079,Male,Asian,28,2023-06-29,20:34:00,28,False,No referral.,Young Adult,Evening,Thursday
3584,561-11-2621,Male,Asian,74,2024-01-21,03:31:00,51,False,No referral.,Senior,Night,Sunday
3585,433-76-4511,Male,Asian,10,2023-10-30,19:50:00,53,False,No referral.,Minor,Evening,Monday
3586,312-69-6763,Male,Asian,51,2024-06-23,00:31:00,54,False,No referral.,Middle-aged,Night,Sunday
3587,262-46-0717,Male,Asian,51,2024-09-26,17:43:00,13,False,No referral.,Middle-aged,Evening,Thursday
3588,626-40-8833,Male,Asian,79,2024-07-07,23:13:00,13,False,No referral.,Senior,Night,Sunday
3589,436-13-7446,Male,Asian,11,2024-11-03,01:06:00,17,False,No referral.,Minor,Night,Sunday
3590,578-45-8014,Male,Asian,33,2023-04-23,16:35:00,32,False,No referral.,Young Adult,Evening,Sunday
3591,417-28-9047,Male,Asian,51,2024-02-14,19:40:00,31,False,No referral.,Middle-aged,Evening,Wednesday
3592,403-95-6018,Male,Asian,64,2024-11-03,07:20:00,42,False,No referral.,Older Adult,Day,Sunday
3593,161-51-7376,Male,Asian,64,2024-07-29,03:19:00,39,False,No referral.,Older Adult,Night,Monday
3594,815-18-9064,Male,Asian,12,2024-12-01,00:44:00,12,False,No referral.,Minor,Night,Sunday
3595,818-37-3389,Male,Asian,41,2023-12-21,16:50:00,29,False,No referral.,Adult,Evening,Thursday
3596,719-92-0551,Male,Asian,35,2024-03-09,14:15:00,56,False,No referral.,Adult,Day,Saturday
3597,199-62-2068,Male,Asian,43,2023-11-05,08:29:00,22,False,No referral.,Adult,Day,Sunday
3598,391-27-7971,Male,Asian,35,2023-11-19,00:20:00,23,False,No referral.,Adult,Night,Sunday
3599,187-45-1401,Male,Asian,45,2024-09-04,14:51:00,23,False,No referral.,Middle-aged,Day,Wednesday
3600,372-65-4950,Male,Asian,75,2024-01-16,11:26:00,29,False,No referral.,Senior,Day,Tuesday
3601,428-10-5696,Male,Asian,76,2024-03-24,05:21:00,53,False,No referral.,Senior,Night,Sunday
3602,291-27-7983,Male,Asian,27,2023-05-04,18:58:00,49,False,No referral.,Young Adult,Evening,Thursday
3603,680-03-6336,Male,Asian,17,2024-08-24,06:02:00,48,False,No referral.,Minor,Night,Saturday
3604,734-88-0672,Male,Asian,43,2024-10-30,05:26:00,51,False,No referral.,Adult,Night,Wednesday
3605,622-95-3705,Male,Asian,22,2023-11-20,21:36:00,27,False,No referral.,Young Adult,Evening,Monday
3606,474-27-6059,Male,Asian,6,2023-05-25,07:23:00,26,False,No referral.,Minor,Day,Thursday
3607,201-34-2154,Male,Asian,70,2024-03-15,20:28:00,37,False,No referral.,Senior,Evening,Friday
3608,800-50-8275,Male,Asian,65,2023-04-19,16:52:00,15,False,No referral.,Senior,Evening,Wednesday
3609,537-53-2901,Male,Asian,24,2023-08-30,15:18:00,51,False,No referral.,Young Adult,Evening,Wednesday
3610,802-54-9455,Male,Asian,23,2023-11-28,17:19:00,13,False,No referral.,Young Adult,Evening,Tuesday
3611,286-21-4061,Male,Asian,28,2023-03-05,12:11:00,17,False,No referral.,Young Adult,Day,Sunday
3612,747-62-2379,Male,Asian,1,2023-05-14,02:52:00,12,False,No referral.,Minor,Night,Sunday
3613,674-28-1008,Male,Asian,2,2023-06-21,23:08:00,32,False,No referral.,Minor,Night,Wednesday
3614,881-37-2614,Male,Asian,35,2024-08-02,14:17:00,32,False,No referral.,Adult,Day,Friday
3615,670-31-8033,Male,Asian,79,2024-04-09,02:41:00,34,False,No referral.,Senior,Night,Tuesday
3616,807-37-1984,Male,Asian,56,2024-10-20,05:51:00,28,False,No referral.,Older Adult,Night,Sunday
3617,167-66-0469,Male,Asian,71,2024-01-05,11:46:00,56,False,No referral.,Senior,Day,Friday
3618,361-08-3342,Male,Asian,4,2024-06-21,13:00:00,13,False,No referral.,Minor,Day,Friday
3619,712-27-9390,Male,Asian,10,2023-07-31,02:13:00,35,False,No referral.,Minor,Night,Monday
3620,580-22-8552,Male,Asian,18,2024-07-25,14:56:00,38,False,No referral.,Minor,Day,Thursday
3621,316-86-7414,Male,Asian,28,2024-05-09,06:30:00,29,False,No referral.,Young Adult,Night,Thursday
3622,207-17-5079,Male,Asian,28,2023-07-10,07:42:00,30,False,No referral.,Young Adult,Day,Monday
3623,360-54-2856,Male,Asian,29,2023-04-22,21:37:00,45,False,No referral.,Young Adult,Evening,Saturday
3624,544-26-4109,Male,Asian,58,2024-02-23,10:55:00,27,False,No referral.,Older Adult,Day,Friday
3625,143-37-8396,Male,Asian,74,2024-03-06,04:31:00,32,False,No referral.,Senior,Night,Wednesday
3626,697-61-8367,Male,Asian,45,2024-03-04,19:53:00,37,False,Orthopedics,Middle-aged,Evening,Monday
3627,120-15-2623,Male,Asian,48,2024-05-02,12:06:00,42,False,Orthopedics,Middle-aged,Day,Thursday
3628,599-65-8051,Male,Asian,35,2023-03-11,13:56:00,50,False,Orthopedics,Adult,Day,Saturday
3629,610-24-5601,Male,Asian,35,2023-10-20,11:42:00,21,False,Orthopedics,Adult,Day,Friday
3630,122-17-9496,Male,Asian,33,2023-07-13,11:38:00,11,False,Orthopedics,Young Adult,Day,Thursday
3631,561-07-0305,Male,Asian,30,2023-06-07,01:13:00,59,False,Orthopedics,Young Adult,Night,Wednesday
3632,259-41-9306,Male,Asian,25,2024-07-25,05:49:00,49,False,Orthopedics,Young Adult,Night,Thursday
3633,176-25-3650,Male,Asian,29,2024-05-30,11:54:00,43,False,Orthopedics,Young Adult,Day,Thursday
3634,791-12-6186,Male,Asian,68,2024-09-21,21:12:00,22,False,Orthopedics,Senior,Evening,Saturday
3635,600-56-6481,Male,Asian,67,2024-05-14,09:51:00,33,False,Orthopedics,Senior,Day,Tuesday
3636,551-77-8367,Male,Asian,33,2023-10-17,10:28:00,50,False,Orthopedics,Young Adult,Day,Tuesday
3637,836-26-2906,Male,Asian,18,2023-11-23,01:22:00,36,False,Orthopedics,Minor,Night,Thursday
3638,535-57-8080,Male,Asian,45,2024-10-05,02:57:00,22,False,Orthopedics,Middle-aged,Night,Saturday
3639,223-84-4462,Male,Asian,35,2024-03-14,04:31:00,51,False,Orthopedics,Adult,Night,Thursday
3640,358-97-1063,Male,Asian,78,2023-05-08,20:17:00,20,False,Orthopedics,Senior,Evening,Monday
3641,408-40-3195,Male,Asian,67,2023-04-23,05:05:00,24,False,Orthopedics,Senior,Night,Sunday
3642,709-90-3043,Male,Asian,26,2023-07-19,17:57:00,29,False,Orthopedics,Young Adult,Evening,Wednesday
3643,227-33-6424,Male,Asian,32,2024-08-25,17:02:00,34,False,Orthopedics,Young Adult,Evening,Sunday
3644,767-96-0026,Male,Asian,13,2024-07-01,15:22:00,49,False,Orthopedics,Minor,Evening,Monday
3645,821-52-5812,Male,Asian,22,2023-09-23,05:30:00,24,False,Orthopedics,Young Adult,Night,Saturday
3646,592-41-3656,Male,Asian,38,2024-04-19,16:42:00,32,False,Orthopedics,Adult,Evening,Friday
3647,714-35-6722,Male,Asian,31,2024-09-09,16:42:00,22,False,Orthopedics,Young Adult,Evening,Monday
3648,608-48-4234,Male,Asian,55,2024-04-28,11:02:00,28,False,Orthopedics,Older Adult,Day,Sunday
3649,892-79-0205,Male,Asian,67,2024-08-26,06:28:00,29,False,Orthopedics,Senior,Night,Monday
3650,195-28-0276,Male,Asian,77,2024-05-04,03:28:00,19,False,Orthopedics,Senior,Night,Saturday
3651,262-63-5052,Male,Asian,39,2023-04-10,13:45:00,39,False,Orthopedics,Adult,Day,Monday
3652,447-91-3077,Male,Asian,40,2024-06-18,16:34:00,19,False,Orthopedics,Adult,Evening,Tuesday
3653,140-14-3156,Male,Asian,10,2024-05-03,04:54:00,57,False,Orthopedics,Minor,Night,Friday
3654,341-41-1657,Male,Asian,76,2024-09-18,15:55:00,13,False,Orthopedics,Senior,Evening,Wednesday
3655,895-46-4134,Male,Asian,18,2023-02-12,17:46:00,24,False,Orthopedics,Minor,Evening,Sunday
3656,670-40-9098,Male,Asian,14,2023-11-06,12:34:00,50,False,Orthopedics,Minor,Day,Monday
3657,419-82-3648,Male,Asian,72,2024-09-06,15:48:00,34,False,Orthopedics,Senior,Evening,Friday
3658,640-26-9278,Male,Asian,13,2024-08-14,11:30:00,59,False,Physiotherapy,Minor,Day,Wednesday
3659,216-51-7362,Male,Asian,42,2024-05-22,02:29:00,43,False,Physiotherapy,Adult,Night,Wednesday
3660,869-10-5238,Male,Asian,18,2024-01-03,07:29:00,19,False,Physiotherapy,Minor,Day,Wednesday
3661,873-15-0745,Male,Asian,64,2024-03-21,19:49:00,21,False,Physiotherapy,Older Adult,Evening,Thursday
3662,542-80-3587,Male,Asian,67,2024-10-08,08:41:00,42,False,Physiotherapy,Senior,Day,Tuesday
3663,269-99-7693,Male,Asian,60,2023-06-06,22:17:00,19,False,Physiotherapy,Older Adult,Evening,Tuesday
3664,280-78-3888,Male,Asian,51,2023-08-28,23:10:00,28,False,Physiotherapy,Middle-aged,Night,Monday
3665,399-39-3052,Male,Asian,47,2024-04-27,11:28:00,36,False,Physiotherapy,Middle-aged,Day,Saturday
3666,858-87-1119,Male,Asian,35,2023-10-27,17:14:00,30,False,Renal,Adult,Evening,Friday
3667,479-96-0578,Male,Declined to Identify,16,2024-08-29,08:53:00,44,False,Cardiology,Minor,Day,Thursday
3668,699-94-6597,Male,Declined to Identify,52,2024-11-07,12:12:00,45,False,Cardiology,Middle-aged,Day,Thursday
3669,711-63-4110,Male,Declined to Identify,47,2023-05-30,07:37:00,23,False,Cardiology,Middle-aged,Day,Tuesday
3670,837-61-0226,Male,Declined to Identify,26,2024-05-25,21:12:00,50,False,Cardiology,Young Adult,Evening,Saturday
3671,709-88-3586,Male,Declined to Identify,33,2023-12-29,18:29:00,29,False,Cardiology,Young Adult,Evening,Friday
3672,674-47-7074,Male,Declined to Identify,78,2024-05-14,14:16:00,13,False,Cardiology,Senior,Day,Tuesday
3673,665-98-5232,Male,Declined to Identify,8,2023-06-05,05:51:00,48,False,Gastroenterology,Minor,Night,Monday
3674,259-60-8993,Male,Declined to Identify,16,2024-10-15,08:24:00,54,False,Gastroenterology,Minor,Day,Tuesday
3675,299-01-6031,Male,Declined to Identify,28,2024-06-16,05:48:00,37,False,Gastroenterology,Young Adult,Night,Sunday
3676,485-61-8521,Male,Declined to Identify,54,2023-12-19,02:02:00,41,False,Gastroenterology,Middle-aged,Night,Tuesday
3677,697-60-2495,Male,Declined to Identify,70,2023-09-14,13:19:00,53,False,General Practice,Senior,Day,Thursday
3678,658-43-3520,Male,Declined to Identify,62,2024-04-16,03:15:00,52,False,General Practice,Older Adult,Night,Tuesday
3679,418-73-8778,Male,Declined to Identify,75,2023-07-30,18:25:00,20,False,General Practice,Senior,Evening,Sunday
3680,554-13-4224,Male,Declined to Identify,71,2024-09-05,11:12:00,25,False,General Practice,Senior,Day,Thursday
3681,366-15-5270,Male,Declined to Identify,59,2023-08-20,08:47:00,59,False,General Practice,Older Adult,Day,Sunday
3682,487-28-9451,Male,Declined to Identify,17,2024-11-03,07:31:00,32,False,General Practice,Minor,Day,Sunday
3683,349-88-0069,Male,Declined to Identify,16,2023-03-06,21:28:00,54,False,General Practice,Minor,Evening,Monday
3684,241-71-9050,Male,Declined to Identify,39,2024-03-22,15:48:00,52,False,General Practice,Adult,Evening,Friday
3685,545-54-6359,Male,Declined to Identify,60,2024-11-10,01:35:00,51,False,General Practice,Older Adult,Night,Sunday
3686,475-18-2855,Male,Declined to Identify,10,2024-10-21,17:01:00,31,False,General Practice,Minor,Evening,Monday
3687,119-30-5643,Male,Declined to Identify,17,2024-01-30,21:03:00,46,False,General Practice,Minor,Evening,Tuesday
3688,141-27-6330,Male,Declined to Identify,19,2023-11-21,12:34:00,58,False,General Practice,Minor,Day,Tuesday
3689,824-08-2119,Male,Declined to Identify,28,2023-09-30,20:42:00,53,False,General Practice,Young Adult,Evening,Saturday
3690,816-62-0922,Male,Declined to Identify,65,2023-04-23,09:17:00,58,False,General Practice,Senior,Day,Sunday
3691,289-97-3636,Male,Declined to Identify,49,2024-06-01,08:50:00,18,False,General Practice,Middle-aged,Day,Saturday
3692,562-15-6437,Male,Declined to Identify,70,2023-07-15,08:02:00,21,False,General Practice,Senior,Day,Saturday
3693,518-57-8790,Male,Declined to Identify,28,2023-01-09,09:14:00,27,False,General Practice,Young Adult,Day,Monday
3694,469-90-5298,Male,Declined to Identify,39,2023-07-04,06:40:00,27,False,General Practice,Adult,Night,Tuesday
3695,624-29-2291,Male,Declined to Identify,7,2023-03-10,09:19:00,48,False,General Practice,Minor,Day,Friday
3696,120-86-0167,Male,Declined to Identify,8,2024-02-09,23:08:00,14,False,General Practice,Minor,Night,Friday
3697,565-06-0269,Male,Declined to Identify,79,2023-01-10,06:01:00,34,False,General Practice,Senior,Night,Tuesday
3698,667-07-0227,Male,Declined to Identify,64,2023-04-27,07:34:00,60,False,General Practice,Older Adult,Day,Thursday
3699,529-78-3762,Male,Declined to Identify,61,2024-07-16,18:28:00,15,False,General Practice,Older Adult,Evening,Tuesday
3700,321-01-1823,Male,Declined to Identify,41,2024-08-21,03:10:00,16,False,General Practice,Adult,Night,Wednesday
3701,213-25-8072,Male,Declined to Identify,10,2023-08-24,03:34:00,46,False,General Practice,Minor,Night,Thursday
3702,819-07-3432,Male,Declined to Identify,37,2023-12-30,17:28:00,49,False,General Practice,Adult,Evening,Saturday
3703,846-75-1744,Male,Declined to Identify,32,2023-12-06,10:17:00,43,False,General Practice,Young Adult,Day,Wednesday
3704,164-62-9137,Male,Declined to Identify,35,2024-08-25,02:24:00,40,False,General Practice,Adult,Night,Sunday
3705,144-26-9378,Male,Declined to Identify,28,2024-07-23,13:40:00,12,False,General Practice,Young Adult,Day,Tuesday
3706,255-97-8092,Male,Declined to Identify,21,2023-10-18,17:45:00,37,False,General Practice,Young Adult,Evening,Wednesday
3707,280-30-4207,Male,Declined to Identify,62,2023-02-12,19:39:00,41,False,General Practice,Older Adult,Evening,Sunday
3708,508-84-3647,Male,Declined to Identify,53,2023-11-06,13:43:00,50,False,General Practice,Middle-aged,Day,Monday
3709,466-62-7671,Male,Declined to Identify,49,2024-08-30,15:23:00,55,False,General Practice,Middle-aged,Evening,Friday
3710,742-60-3962,Male,Declined to Identify,61,2023-01-05,12:07:00,56,False,General Practice,Older Adult,Day,Thursday
3711,288-66-5811,Male,Declined to Identify,63,2023-09-09,00:20:00,50,False,General Practice,Older Adult,Night,Saturday
3712,407-24-8802,Male,Declined to Identify,5,2024-01-31,00:09:00,20,False,General Practice,Minor,Night,Wednesday
3713,531-14-5503,Male,Declined to Identify,11,2023-09-15,20:51:00,55,False,General Practice,Minor,Evening,Friday
3714,857-22-1477,Male,Declined to Identify,68,2024-09-02,11:47:00,17,False,General Practice,Senior,Day,Monday
3715,104-61-0458,Male,Declined to Identify,46,2024-03-26,15:47:00,45,False,General Practice,Middle-aged,Evening,Tuesday
3716,333-38-6115,Male,Declined to Identify,52,2023-11-11,22:03:00,22,False,General Practice,Middle-aged,Evening,Saturday
3717,291-20-2190,Male,Declined to Identify,31,2023-06-14,02:57:00,13,False,General Practice,Young Adult,Night,Wednesday
3718,385-83-1337,Male,Declined to Identify,5,2023-12-04,13:34:00,54,False,General Practice,Minor,Day,Monday
3719,139-53-0111,Male,Declined to Identify,49,2023-11-22,17:25:00,12,False,General Practice,Middle-aged,Evening,Wednesday
3720,778-23-0967,Male,Declined to Identify,24,2024-07-09,15:56:00,36,False,General Practice,Young Adult,Evening,Tuesday
3721,586-12-7474,Male,Declined to Identify,45,2024-07-27,20:50:00,53,False,General Practice,Middle-aged,Evening,Saturday
3722,272-82-0727,Male,Declined to Identify,62,2024-06-19,12:53:00,42,False,General Practice,Older Adult,Day,Wednesday
3723,525-21-3877,Male,Declined to Identify,28,2024-03-09,14:51:00,37,False,General Practice,Young Adult,Day,Saturday
3724,881-96-9420,Male,Declined to Identify,29,2024-05-22,21:32:00,49,False,General Practice,Young Adult,Evening,Wednesday
3725,739-91-8582,Male,Declined to Identify,11,2024-12-01,00:09:00,40,False,General Practice,Minor,Night,Sunday
3726,484-40-6279,Male,Declined to Identify,29,2023-07-13,16:07:00,19,False,General Practice,Young Adult,Evening,Thursday
3727,618-74-5857,Male,Declined to Identify,21,2023-09-14,19:18:00,11,False,General Practice,Young Adult,Evening,Thursday
3728,566-56-3998,Male,Declined to Identify,76,2024-10-21,21:33:00,41,False,General Practice,Senior,Evening,Monday
3729,240-13-4972,Male,Declined to Identify,5,2023-03-05,21:15:00,18,False,Neurology,Minor,Evening,Sunday
3730,640-49-2306,Male,Declined to Identify,27,2024-06-10,03:45:00,34,False,Neurology,Young Adult,Night,Monday
3731,100-34-9587,Male,Declined to Identify,20,2024-01-04,04:17:00,24,False,Neurology,Young Adult,Night,Thursday
3732,419-40-1713,Male,Declined to Identify,1,2024-05-17,15:12:00,52,False,Neurology,Minor,Evening,Friday
3733,898-05-7530,Male,Declined to Identify,20,2023-04-06,21:05:00,46,False,Neurology,Young Adult,Evening,Thursday
3734,281-37-9635,Male,Declined to Identify,62,2023-04-11,08:41:00,36,False,Neurology,Older Adult,Day,Tuesday
3735,143-73-5607,Male,Declined to Identify,64,2023-06-17,00:51:00,45,False,Neurology,Older Adult,Night,Saturday
3736,270-14-3243,Male,Declined to Identify,67,2023-09-29,09:21:00,13,False,No referral.,Senior,Day,Friday
3737,383-38-7163,Male,Declined to Identify,54,2024-05-31,18:51:00,12,False,No referral.,Middle-aged,Evening,Friday
3738,741-49-3943,Male,Declined to Identify,62,2024-08-26,01:30:00,38,False,No referral.,Older Adult,Night,Monday
3739,370-94-7789,Male,Declined to Identify,49,2024-07-21,00:32:00,18,False,No referral.,Middle-aged,Night,Sunday
3740,576-47-4066,Male,Declined to Identify,77,2024-05-23,02:42:00,18,False,No referral.,Senior,Night,Thursday
3741,308-46-7089,Male,Declined to Identify,71,2023-05-27,12:08:00,19,False,No referral.,Senior,Day,Saturday
3742,870-38-9597,Male,Declined to Identify,43,2024-07-08,03:27:00,52,False,No referral.,Adult,Night,Monday
3743,518-80-6906,Male,Declined to Identify,53,2023-11-27,10:27:00,59,False,No referral.,Middle-aged,Day,Monday
3744,176-07-0581,Male,Declined to Identify,21,2024-04-18,12:32:00,13,False,No referral.,Young Adult,Day,Thursday
3745,639-75-9370,Male,Declined to Identify,20,2023-12-24,03:39:00,24,False,No referral.,Young Adult,Night,Sunday
3746,623-46-0702,Male,Declined to Identify,13,2024-01-21,09:26:00,41,False,No referral.,Minor,Day,Sunday
3747,193-70-0168,Male,Declined to Identify,54,2023-01-06,17:52:00,11,False,No referral.,Middle-aged,Evening,Friday
3748,698-56-3363,Male,Declined to Identify,11,2023-10-10,08:53:00,14,False,No referral.,Minor,Day,Tuesday
3749,200-18-9917,Male,Declined to Identify,62,2023-11-19,23:52:00,19,False,No referral.,Older Adult,Night,Sunday
3750,592-10-1083,Male,Declined to Identify,42,2024-07-06,04:25:00,20,False,No referral.,Adult,Night,Saturday
3751,791-34-3279,Male,Declined to Identify,40,2023-04-28,09:59:00,21,False,No referral.,Adult,Day,Friday
3752,369-83-2373,Male,Declined to Identify,6,2023-04-24,19:23:00,35,False,No referral.,Minor,Evening,Monday
3753,779-40-6195,Male,Declined to Identify,22,2023-11-17,11:51:00,36,False,No referral.,Young Adult,Day,Friday
3754,865-05-6089,Male,Declined to Identify,65,2024-07-09,09:46:00,46,False,No referral.,Senior,Day,Tuesday
3755,459-67-0029,Male,Declined to Identify,24,2023-10-25,11:07:00,56,False,No referral.,Young Adult,Day,Wednesday
3756,262-31-5062,Male,Declined to Identify,23,2023-08-11,21:42:00,23,False,No referral.,Young Adult,Evening,Friday
3757,560-91-9380,Male,Declined to Identify,70,2023-12-09,22:52:00,29,False,No referral.,Senior,Evening,Saturday
3758,508-96-3583,Male,Declined to Identify,4,2024-12-04,07:21:00,41,False,No referral.,Minor,Day,Wednesday
3759,548-77-4672,Male,Declined to Identify,57,2024-11-03,09:23:00,43,False,No referral.,Older Adult,Day,Sunday
3760,860-19-4179,Male,Declined to Identify,39,2024-06-02,16:32:00,57,False,No referral.,Adult,Evening,Sunday
3761,669-63-9052,Male,Declined to Identify,2,2023-04-25,21:25:00,37,False,No referral.,Minor,Evening,Tuesday
3762,422-38-5979,Male,Declined to Identify,52,2023-09-06,14:46:00,55,False,No referral.,Middle-aged,Day,Wednesday
3763,352-08-3010,Male,Declined to Identify,47,2024-06-20,00:14:00,15,False,No referral.,Middle-aged,Night,Thursday
3764,315-14-6189,Male,Declined to Identify,72,2023-12-10,15:11:00,24,False,No referral.,Senior,Evening,Sunday
3765,869-37-9469,Male,Declined to Identify,51,2023-11-26,19:44:00,30,False,No referral.,Middle-aged,Evening,Sunday
3766,757-84-7402,Male,Declined to Identify,65,2023-03-08,11:36:00,30,False,No referral.,Senior,Day,Wednesday
3767,506-60-1396,Male,Declined to Identify,29,2023-09-26,21:03:00,45,False,No referral.,Young Adult,Evening,Tuesday
3768,440-60-8450,Male,Declined to Identify,28,2023-08-10,05:35:00,50,False,No referral.,Young Adult,Night,Thursday
3769,887-46-5642,Male,Declined to Identify,26,2023-12-10,06:12:00,54,False,No referral.,Young Adult,Night,Sunday
3770,671-57-4844,Male,Declined to Identify,34,2023-10-21,03:34:00,23,False,No referral.,Young Adult,Night,Saturday
3771,419-20-6236,Male,Declined to Identify,46,2023-09-09,21:54:00,26,False,No referral.,Middle-aged,Evening,Saturday
3772,180-02-8927,Male,Declined to Identify,23,2024-01-03,04:54:00,27,False,No referral.,Young Adult,Night,Wednesday
3773,363-04-9232,Male,Declined to Identify,12,2024-10-30,08:22:00,28,False,No referral.,Minor,Day,Wednesday
3774,449-53-3671,Male,Declined to Identify,3,2024-08-15,06:11:00,43,False,No referral.,Minor,Night,Thursday
3775,496-76-4104,Male,Declined to Identify,59,2024-08-08,10:24:00,56,False,No referral.,Older Adult,Day,Thursday
3776,754-50-9684,Male,Declined to Identify,27,2023-07-23,21:43:00,17,False,No referral.,Young Adult,Evening,Sunday
3777,342-72-7611,Male,Declined to Identify,71,2023-01-07,13:10:00,47,False,No referral.,Senior,Day,Saturday
3778,861-89-2613,Male,Declined to Identify,67,2024-04-27,01:47:00,49,False,No referral.,Senior,Night,Saturday
3779,226-88-9164,Male,Declined to Identify,63,2023-03-11,17:34:00,54,False,No referral.,Older Adult,Evening,Saturday
3780,767-81-4954,Male,Declined to Identify,17,2024-04-13,05:40:00,10,False,No referral.,Minor,Night,Saturday
3781,507-46-3167,Male,Declined to Identify,70,2023-04-14,10:49:00,19,False,No referral.,Senior,Day,Friday
3782,355-74-4996,Male,Declined to Identify,4,2023-05-30,19:23:00,22,False,No referral.,Minor,Evening,Tuesday
3783,826-59-4131,Male,Declined to Identify,62,2024-02-02,05:22:00,31,False,No referral.,Older Adult,Night,Friday
3784,455-80-8231,Male,Declined to Identify,8,2023-01-06,10:09:00,54,False,No referral.,Minor,Day,Friday
3785,192-95-3144,Male,Declined to Identify,43,2024-07-25,12:01:00,32,False,No referral.,Adult,Day,Thursday
3786,723-41-8126,Male,Declined to Identify,1,2024-03-19,10:47:00,39,False,No referral.,Minor,Day,Tuesday
3787,140-47-4325,Male,Declined to Identify,23,2023-01-06,17:36:00,57,False,No referral.,Young Adult,Evening,Friday
3788,378-95-6646,Male,Declined to Identify,11,2023-10-10,16:52:00,10,False,No referral.,Minor,Evening,Tuesday
3789,219-07-1932,Male,Declined to Identify,30,2024-12-03,00:38:00,21,False,No referral.,Young Adult,Night,Tuesday
3790,333-27-7083,Male,Declined to Identify,38,2024-03-21,16:10:00,25,False,No referral.,Adult,Evening,Thursday
3791,348-15-4703,Male,Declined to Identify,27,2024-05-28,03:30:00,27,False,No referral.,Young Adult,Night,Tuesday
3792,584-23-4964,Male,Declined to Identify,39,2023-04-04,13:11:00,29,False,No referral.,Adult,Day,Tuesday
3793,470-63-6152,Male,Declined to Identify,51,2023-09-20,17:27:00,50,False,No referral.,Middle-aged,Evening,Wednesday
3794,678-63-5805,Male,Declined to Identify,52,2023-03-08,06:49:00,11,False,No referral.,Middle-aged,Night,Wednesday
3795,136-55-3865,Male,Declined to Identify,46,2024-08-31,17:07:00,18,False,No referral.,Middle-aged,Evening,Saturday
3796,165-93-7320,Male,Declined to Identify,64,2024-08-25,13:37:00,25,False,No referral.,Older Adult,Day,Sunday
3797,345-82-9835,Male,Declined to Identify,64,2023-09-17,18:42:00,26,False,No referral.,Older Adult,Evening,Sunday
3798,679-62-5186,Male,Declined to Identify,78,2024-02-22,17:58:00,38,False,No referral.,Senior,Evening,Thursday
3799,209-93-3232,Male,Declined to Identify,23,2023-04-24,11:35:00,42,False,No referral.,Young Adult,Day,Monday
3800,840-82-9693,Male,Declined to Identify,78,2023-04-09,09:34:00,52,False,No referral.,Senior,Day,Sunday
3801,567-71-0045,Male,Declined to Identify,71,2024-02-09,13:51:00,56,False,No referral.,Senior,Day,Friday
3802,372-52-4048,Male,Declined to Identify,66,2023-05-17,21:33:00,35,False,No referral.,Senior,Evening,Wednesday
3803,862-78-9313,Male,Declined to Identify,41,2024-09-29,10:16:00,45,False,No referral.,Adult,Day,Sunday
3804,663-41-6861,Male,Declined to Identify,19,2024-02-23,17:11:00,33,False,No referral.,Minor,Evening,Friday
3805,570-26-0403,Male,Declined to Identify,24,2023-09-23,00:32:00,35,False,No referral.,Young Adult,Night,Saturday
3806,411-41-2276,Male,Declined to Identify,7,2024-10-09,04:33:00,36,False,No referral.,Minor,Night,Wednesday
3807,667-90-7049,Male,Declined to Identify,39,2024-01-26,03:59:00,42,False,No referral.,Adult,Night,Friday
3808,756-52-5494,Male,Declined to Identify,9,2024-05-05,11:28:00,24,False,No referral.,Minor,Day,Sunday
3809,801-96-6472,Male,Declined to Identify,27,2024-07-23,06:24:00,25,False,No referral.,Young Adult,Night,Tuesday
3810,829-58-0293,Male,Declined to Identify,47,2023-11-08,10:54:00,31,False,No referral.,Middle-aged,Day,Wednesday
3811,802-21-7879,Male,Declined to Identify,48,2023-04-24,19:19:00,40,False,No referral.,Middle-aged,Evening,Monday
3812,510-72-3447,Male,Declined to Identify,33,2024-10-28,10:39:00,49,False,No referral.,Young Adult,Day,Monday
3813,510-71-3837,Male,Declined to Identify,68,2023-06-28,08:18:00,51,False,No referral.,Senior,Day,Wednesday
3814,599-72-6200,Male,Declined to Identify,73,2023-05-18,10:19:00,10,False,No referral.,Senior,Day,Thursday
3815,388-99-6135,Male,Declined to Identify,9,2024-10-24,06:12:00,11,False,No referral.,Minor,Night,Thursday
3816,822-92-9656,Male,Declined to Identify,1,2024-01-04,22:18:00,12,False,No referral.,Minor,Evening,Thursday
3817,715-29-1423,Male,Declined to Identify,30,2024-12-09,13:23:00,16,False,No referral.,Young Adult,Day,Monday
3818,237-21-4762,Male,Declined to Identify,51,2024-08-01,10:11:00,26,False,No referral.,Middle-aged,Day,Thursday
3819,882-58-2131,Male,Declined to Identify,37,2023-08-17,21:37:00,30,False,No referral.,Adult,Evening,Thursday
3820,783-72-7030,Male,Declined to Identify,63,2024-08-20,11:01:00,37,False,No referral.,Older Adult,Day,Tuesday
3821,464-45-0661,Male,Declined to Identify,39,2024-10-22,09:33:00,53,False,No referral.,Adult,Day,Tuesday
3822,489-71-8195,Male,Declined to Identify,42,2024-08-08,20:30:00,16,False,No referral.,Adult,Evening,Thursday
3823,264-76-9841,Male,Declined to Identify,53,2024-03-07,17:50:00,17,False,No referral.,Middle-aged,Evening,Thursday
3824,315-18-9973,Male,Declined to Identify,29,2024-09-25,02:02:00,18,False,No referral.,Young Adult,Night,Wednesday
3825,737-42-0167,Male,Declined to Identify,23,2024-02-09,14:16:00,41,False,No referral.,Young Adult,Day,Friday
3826,687-42-5489,Male,Declined to Identify,69,2024-03-30,00:17:00,32,False,No referral.,Senior,Night,Saturday
3827,728-54-6250,Male,Declined to Identify,65,2023-08-16,12:59:00,33,False,No referral.,Senior,Day,Wednesday
3828,471-66-4521,Male,Declined to Identify,8,2023-07-15,15:09:00,10,False,No referral.,Minor,Evening,Saturday
3829,258-65-6354,Male,Declined to Identify,51,2023-11-29,04:10:00,19,False,No referral.,Middle-aged,Night,Wednesday
3830,376-17-7596,Male,Declined to Identify,72,2024-10-25,11:22:00,38,False,No referral.,Senior,Day,Friday
3831,138-44-2456,Male,Declined to Identify,32,2023-05-24,13:07:00,56,False,No referral.,Young Adult,Day,Wednesday
3832,396-32-6551,Male,Declined to Identify,20,2024-03-07,12:56:00,59,False,No referral.,Young Adult,Day,Thursday
3833,318-02-7729,Male,Declined to Identify,20,2023-07-15,17:51:00,20,False,No referral.,Young Adult,Evening,Saturday
3834,649-57-9772,Male,Declined to Identify,29,2024-04-04,06:50:00,21,False,No referral.,Young Adult,Night,Thursday
3835,133-40-1294,Male,Declined to Identify,53,2023-05-27,13:54:00,31,False,No referral.,Middle-aged,Day,Saturday
3836,749-62-9350,Male,Declined to Identify,1,2024-01-09,22:09:00,32,False,No referral.,Minor,Evening,Tuesday
3837,631-06-7500,Male,Declined to Identify,51,2023-12-08,21:19:00,56,False,No referral.,Middle-aged,Evening,Friday
3838,897-05-9313,Male,Declined to Identify,2,2024-10-25,23:07:00,30,False,No referral.,Minor,Night,Friday
3839,789-01-8569,Male,Declined to Identify,58,2023-07-30,09:31:00,15,False,No referral.,Older Adult,Day,Sunday
3840,838-28-2043,Male,Declined to Identify,51,2023-09-29,08:54:00,12,False,No referral.,Middle-aged,Day,Friday
3841,600-21-0825,Male,Declined to Identify,18,2024-05-16,21:18:00,50,False,No referral.,Minor,Evening,Thursday
3842,587-35-6481,Male,Declined to Identify,79,2024-11-02,23:52:00,33,False,No referral.,Senior,Night,Saturday
3843,675-22-7922,Male,Declined to Identify,76,2023-10-11,22:40:00,50,False,No referral.,Senior,Evening,Wednesday
3844,544-75-8121,Male,Declined to Identify,4,2023-08-25,23:24:00,30,False,No referral.,Minor,Night,Friday
3845,407-61-5335,Male,Declined to Identify,53,2024-05-24,01:12:00,17,False,No referral.,Middle-aged,Night,Friday
3846,193-58-6345,Male,Declined to Identify,6,2024-01-28,12:30:00,49,False,No referral.,Minor,Day,Sunday
3847,886-02-8536,Male,Declined to Identify,17,2024-11-09,06:55:00,21,False,No referral.,Minor,Night,Saturday
3848,799-76-3863,Male,Declined to Identify,46,2024-10-20,00:35:00,56,False,No referral.,Middle-aged,Night,Sunday
3849,442-74-7250,Male,Declined to Identify,41,2024-10-23,04:52:00,29,False,No referral.,Adult,Night,Wednesday
3850,407-32-1027,Male,Declined to Identify,38,2023-03-10,21:22:00,38,False,No referral.,Adult,Evening,Friday
3851,813-03-6145,Male,Declined to Identify,3,2024-06-08,11:00:00,43,False,No referral.,Minor,Day,Saturday
3852,871-75-0210,Male,Declined to Identify,76,2024-12-02,02:43:00,28,False,No referral.,Senior,Night,Monday
3853,704-42-3319,Male,Declined to Identify,67,2023-04-21,17:45:00,40,False,No referral.,Senior,Evening,Friday
3854,571-79-5269,Male,Declined to Identify,53,2024-09-24,08:27:00,35,False,No referral.,Middle-aged,Day,Tuesday
3855,363-55-0104,Male,Declined to Identify,8,2023-08-05,01:41:00,36,False,No referral.,Minor,Night,Saturday
3856,314-88-4499,Male,Declined to Identify,6,2024-03-05,05:37:00,22,False,No referral.,Minor,Night,Tuesday
3857,740-87-7128,Male,Declined to Identify,74,2024-05-24,09:48:00,51,False,No referral.,Senior,Day,Friday
3858,596-88-7560,Male,Declined to Identify,20,2023-09-15,21:50:00,37,False,No referral.,Young Adult,Evening,Friday
3859,831-50-1174,Male,Declined to Identify,18,2024-03-07,03:45:00,30,False,No referral.,Minor,Night,Thursday
3860,501-79-5184,Male,Declined to Identify,51,2023-07-30,20:01:00,21,False,No referral.,Middle-aged,Evening,Sunday
3861,197-34-8117,Male,Declined to Identify,25,2023-10-15,19:02:00,27,False,No referral.,Young Adult,Evening,Sunday
3862,574-67-5283,Male,Declined to Identify,31,2023-11-11,10:42:00,53,False,No referral.,Young Adult,Day,Saturday
3863,807-20-6718,Male,Declined to Identify,56,2023-01-06,15:43:00,17,False,No referral.,Older Adult,Evening,Friday
3864,846-06-7289,Male,Declined to Identify,41,2024-03-21,13:38:00,22,False,No referral.,Adult,Day,Thursday
3865,183-04-5484,Male,Declined to Identify,47,2024-06-22,16:24:00,13,False,No referral.,Middle-aged,Evening,Saturday
3866,103-26-4528,Male,Declined to Identify,60,2024-07-29,05:58:00,16,False,No referral.,Older Adult,Night,Monday
3867,322-92-9504,Male,Declined to Identify,16,2023-10-17,15:55:00,10,False,No referral.,Minor,Evening,Tuesday
3868,741-98-3267,Male,Declined to Identify,8,2024-01-08,10:40:00,33,False,No referral.,Minor,Day,Monday
3869,605-80-1296,Male,Declined to Identify,26,2023-03-04,18:16:00,41,False,No referral.,Young Adult,Evening,Saturday
3870,421-67-9625,Male,Declined to Identify,24,2023-04-09,19:33:00,40,False,Orthopedics,Young Adult,Evening,Sunday
3871,324-29-4700,Male,Declined to Identify,41,2024-05-27,02:42:00,13,False,Orthopedics,Adult,Night,Monday
3872,867-15-2683,Male,Declined to Identify,14,2023-09-09,19:15:00,36,False,Orthopedics,Minor,Evening,Saturday
3873,545-31-8610,Male,Declined to Identify,7,2023-03-07,20:28:00,44,False,Orthopedics,Minor,Evening,Tuesday
3874,696-46-5892,Male,Declined to Identify,11,2023-08-18,02:58:00,52,False,Orthopedics,Minor,Night,Friday
3875,390-95-2404,Male,Declined to Identify,49,2024-10-16,01:28:00,46,False,Orthopedics,Middle-aged,Night,Wednesday
3876,394-06-7689,Male,Declined to Identify,36,2023-10-07,22:25:00,50,False,Orthopedics,Adult,Evening,Saturday
3877,634-25-0045,Male,Declined to Identify,56,2023-07-18,01:52:00,50,False,Orthopedics,Older Adult,Night,Tuesday
3878,134-05-7615,Male,Declined to Identify,40,2023-10-14,14:34:00,60,False,Orthopedics,Adult,Day,Saturday
3879,541-10-2365,Male,Declined to Identify,70,2024-04-04,06:37:00,41,False,Orthopedics,Senior,Night,Thursday
3880,789-50-5483,Male,Declined to Identify,73,2024-07-27,05:03:00,35,False,Orthopedics,Senior,Night,Saturday
3881,644-62-8312,Male,Declined to Identify,60,2024-09-08,00:34:00,28,False,Orthopedics,Older Adult,Night,Sunday
3882,374-08-6811,Male,Declined to Identify,9,2024-05-01,20:36:00,30,False,Orthopedics,Minor,Evening,Wednesday
3883,606-25-1593,Male,Declined to Identify,69,2023-11-06,19:38:00,45,False,Orthopedics,Senior,Evening,Monday
3884,695-55-0089,Male,Declined to Identify,62,2023-03-07,12:31:00,27,False,Physiotherapy,Older Adult,Day,Tuesday
3885,518-99-6870,Male,Declined to Identify,22,2024-01-10,15:19:00,60,False,Physiotherapy,Young Adult,Evening,Wednesday
3886,736-84-8737,Male,Declined to Identify,42,2024-06-26,00:19:00,41,False,Physiotherapy,Adult,Night,Wednesday
3887,145-74-2366,Male,Declined to Identify,6,2024-08-10,00:33:00,18,False,Physiotherapy,Minor,Night,Saturday
3888,548-86-6142,Male,Declined to Identify,30,2024-09-03,09:01:00,45,False,Physiotherapy,Young Adult,Day,Tuesday
3889,874-40-5379,Male,Declined to Identify,14,2023-08-19,11:07:00,10,False,Physiotherapy,Minor,Day,Saturday
3890,328-78-1549,Male,Declined to Identify,72,2024-02-21,10:10:00,49,False,Physiotherapy,Senior,Day,Wednesday
3891,401-62-1630,Male,Declined to Identify,33,2023-02-08,11:01:00,39,False,Physiotherapy,Young Adult,Day,Wednesday
3892,414-23-6748,Male,Declined to Identify,49,2023-06-22,03:56:00,49,False,Physiotherapy,Middle-aged,Night,Thursday
3893,802-04-8013,Male,Declined to Identify,21,2023-12-16,01:56:00,46,False,Physiotherapy,Young Adult,Night,Saturday
3894,514-92-4822,Male,Declined to Identify,70,2024-02-13,20:36:00,23,False,Renal,Senior,Evening,Tuesday
3895,136-91-3908,Male,Declined to Identify,13,2023-05-29,05:34:00,42,False,Renal,Minor,Night,Monday
3896,524-01-4528,Male,Declined to Identify,76,2024-06-13,07:17:00,54,False,Renal,Senior,Day,Thursday
3897,595-99-4674,Male,Declined to Identify,31,2023-12-13,02:44:00,14,False,Renal,Young Adult,Night,Wednesday
3898,439-58-8398,Male,Native American/Alaska Native,72,2024-08-17,10:39:00,58,False,Cardiology,Senior,Day,Saturday
3899,277-32-2308,Male,Native American/Alaska Native,15,2024-08-04,00:55:00,18,False,Cardiology,Minor,Night,Sunday
3900,657-69-7469,Male,Native American/Alaska Native,60,2024-10-13,23:40:00,17,False,General Practice,Older Adult,Night,Sunday
3901,283-41-9667,Male,Native American/Alaska Native,49,2023-12-11,05:06:00,59,False,General Practice,Middle-aged,Night,Monday
3902,758-75-2960,Male,Native American/Alaska Native,45,2024-07-10,07:08:00,11,False,General Practice,Middle-aged,Day,Wednesday
3903,733-79-4603,Male,Native American/Alaska Native,69,2024-03-05,17:59:00,16,False,General Practice,Senior,Evening,Tuesday
3904,528-10-4398,Male,Native American/Alaska Native,12,2024-02-08,09:38:00,37,False,General Practice,Minor,Day,Thursday
3905,213-83-0677,Male,Native American/Alaska Native,62,2023-03-06,00:07:00,11,False,General Practice,Older Adult,Night,Monday
3906,693-24-9026,Male,Native American/Alaska Native,27,2024-06-13,18:18:00,32,False,General Practice,Young Adult,Evening,Thursday
3907,218-44-6635,Male,Native American/Alaska Native,36,2023-04-30,04:41:00,13,False,General Practice,Adult,Night,Sunday
3908,360-59-1270,Male,Native American/Alaska Native,30,2023-12-04,22:50:00,59,False,General Practice,Young Adult,Evening,Monday
3909,241-39-9857,Male,Native American/Alaska Native,23,2023-11-04,05:14:00,57,False,General Practice,Young Adult,Night,Saturday
3910,870-29-5321,Male,Native American/Alaska Native,56,2024-05-18,18:08:00,32,False,General Practice,Older Adult,Evening,Saturday
3911,663-84-5771,Male,Native American/Alaska Native,61,2023-07-15,15:06:00,44,False,General Practice,Older Adult,Evening,Saturday
3912,573-53-7688,Male,Native American/Alaska Native,67,2023-09-26,07:45:00,22,False,General Practice,Senior,Day,Tuesday
3913,844-95-3112,Male,Native American/Alaska Native,61,2023-11-12,13:23:00,24,False,General Practice,Older Adult,Day,Sunday
3914,196-64-2615,Male,Native American/Alaska Native,65,2024-07-06,09:41:00,51,False,General Practice,Senior,Day,Saturday
3915,393-87-9467,Male,Native American/Alaska Native,2,2023-12-07,20:36:00,26,False,General Practice,Minor,Evening,Thursday
3916,866-64-8724,Male,Native American/Alaska Native,49,2023-07-23,10:21:00,42,False,General Practice,Middle-aged,Day,Sunday
3917,691-99-7802,Male,Native American/Alaska Native,51,2024-08-07,07:37:00,31,False,General Practice,Middle-aged,Day,Wednesday
3918,866-27-9262,Male,Native American/Alaska Native,37,2023-05-18,17:11:00,16,False,General Practice,Adult,Evening,Thursday
3919,319-44-8371,Male,Native American/Alaska Native,48,2023-10-30,00:20:00,22,False,General Practice,Middle-aged,Night,Monday
3920,769-98-7974,Male,Native American/Alaska Native,9,2023-07-10,06:44:00,48,False,General Practice,Minor,Night,Monday
3921,661-01-7056,Male,Native American/Alaska Native,42,2023-03-11,08:54:00,60,False,General Practice,Adult,Day,Saturday
3922,328-03-8699,Male,Native American/Alaska Native,45,2024-06-02,06:31:00,37,False,General Practice,Middle-aged,Night,Sunday
3923,783-31-4079,Male,Native American/Alaska Native,3,2024-07-23,23:29:00,15,False,General Practice,Minor,Night,Tuesday
3924,835-43-3416,Male,Native American/Alaska Native,74,2023-05-31,17:24:00,60,False,General Practice,Senior,Evening,Wednesday
3925,585-33-1678,Male,Native American/Alaska Native,77,2023-06-06,11:53:00,45,False,Neurology,Senior,Day,Tuesday
3926,299-32-9018,Male,Native American/Alaska Native,4,2023-04-30,04:19:00,27,False,Neurology,Minor,Night,Sunday
3927,867-67-1720,Male,Native American/Alaska Native,14,2023-11-10,17:34:00,18,False,No referral.,Minor,Evening,Friday
3928,812-38-6594,Male,Native American/Alaska Native,29,2023-11-19,07:44:00,24,False,No referral.,Young Adult,Day,Sunday
3929,480-68-4648,Male,Native American/Alaska Native,49,2023-11-23,10:30:00,24,False,No referral.,Middle-aged,Day,Thursday
3930,693-48-7205,Male,Native American/Alaska Native,12,2024-09-20,03:41:00,47,False,No referral.,Minor,Night,Friday
3931,595-53-2097,Male,Native American/Alaska Native,58,2024-04-10,07:58:00,54,False,No referral.,Older Adult,Day,Wednesday
3932,748-02-4547,Male,Native American/Alaska Native,71,2023-06-29,21:32:00,54,False,No referral.,Senior,Evening,Thursday
3933,700-08-2429,Male,Native American/Alaska Native,45,2023-12-16,17:01:00,10,False,No referral.,Middle-aged,Evening,Saturday
3934,483-90-5282,Male,Native American/Alaska Native,23,2024-07-08,10:51:00,28,False,No referral.,Young Adult,Day,Monday
3935,742-84-8134,Male,Native American/Alaska Native,50,2023-11-15,04:52:00,24,False,No referral.,Middle-aged,Night,Wednesday
3936,106-90-6844,Male,Native American/Alaska Native,66,2023-08-05,13:38:00,29,False,No referral.,Senior,Day,Saturday
3937,639-86-3384,Male,Native American/Alaska Native,68,2024-03-24,08:20:00,29,False,No referral.,Senior,Day,Sunday
3938,184-99-9736,Male,Native American/Alaska Native,35,2023-04-07,13:44:00,30,False,No referral.,Adult,Day,Friday
3939,555-26-1090,Male,Native American/Alaska Native,69,2024-08-02,22:10:00,38,False,No referral.,Senior,Evening,Friday
3940,311-60-5245,Male,Native American/Alaska Native,20,2024-04-29,19:12:00,40,False,No referral.,Young Adult,Evening,Monday
3941,874-83-4874,Male,Native American/Alaska Native,67,2024-02-27,04:29:00,16,False,No referral.,Senior,Night,Tuesday
3942,691-78-7775,Male,Native American/Alaska Native,8,2023-10-17,11:01:00,32,False,No referral.,Minor,Day,Tuesday
3943,883-50-9955,Male,Native American/Alaska Native,42,2024-07-28,22:17:00,50,False,No referral.,Adult,Evening,Sunday
3944,329-17-7774,Male,Native American/Alaska Native,43,2023-08-20,01:13:00,60,False,No referral.,Adult,Night,Sunday
3945,658-31-6075,Male,Native American/Alaska Native,73,2024-07-29,10:01:00,51,False,No referral.,Senior,Day,Monday
3946,581-96-1885,Male,Native American/Alaska Native,18,2024-10-03,23:29:00,58,False,No referral.,Minor,Night,Thursday
3947,350-22-3902,Male,Native American/Alaska Native,13,2023-08-21,12:30:00,47,False,No referral.,Minor,Day,Monday
3948,339-34-7290,Male,Native American/Alaska Native,75,2024-08-31,02:30:00,11,False,No referral.,Senior,Night,Saturday
3949,248-89-4575,Male,Native American/Alaska Native,39,2023-10-07,22:40:00,27,False,No referral.,Adult,Evening,Saturday
3950,663-08-4603,Male,Native American/Alaska Native,31,2024-06-30,09:56:00,34,False,No referral.,Young Adult,Day,Sunday
3951,504-78-6609,Male,Native American/Alaska Native,40,2023-04-28,13:15:00,23,False,No referral.,Adult,Day,Friday
3952,777-76-9816,Male,Native American/Alaska Native,7,2024-06-05,18:17:00,33,False,No referral.,Minor,Evening,Wednesday
3953,687-34-3845,Male,Native American/Alaska Native,26,2024-10-03,16:52:00,43,False,No referral.,Young Adult,Evening,Thursday
3954,148-50-5807,Male,Native American/Alaska Native,18,2024-04-25,09:39:00,25,False,No referral.,Minor,Day,Thursday
3955,468-23-6357,Male,Native American/Alaska Native,61,2024-08-01,22:22:00,52,False,No referral.,Older Adult,Evening,Thursday
3956,723-46-9161,Male,Native American/Alaska Native,30,2023-06-10,08:58:00,58,False,No referral.,Young Adult,Day,Saturday
3957,198-07-1293,Male,Native American/Alaska Native,58,2024-02-25,12:45:00,35,False,No referral.,Older Adult,Day,Sunday
3958,702-69-6189,Male,Native American/Alaska Native,26,2023-07-12,11:15:00,49,False,No referral.,Young Adult,Day,Wednesday
3959,112-20-6496,Male,Native American/Alaska Native,16,2024-05-01,04:14:00,20,False,No referral.,Minor,Night,Wednesday
3960,516-97-1661,Male,Native American/Alaska Native,22,2024-09-20,03:05:00,36,False,No referral.,Young Adult,Night,Friday
3961,625-37-2749,Male,Native American/Alaska Native,69,2024-04-16,04:51:00,58,False,No referral.,Senior,Night,Tuesday
3962,491-68-4558,Male,Native American/Alaska Native,19,2024-03-28,03:47:00,15,False,No referral.,Minor,Night,Thursday
3963,251-42-6932,Male,Native American/Alaska Native,44,2023-10-20,15:11:00,48,False,No referral.,Adult,Evening,Friday
3964,806-36-0588,Male,Native American/Alaska Native,78,2024-04-08,00:33:00,43,False,No referral.,Senior,Night,Monday
3965,216-06-1190,Male,Native American/Alaska Native,15,2023-07-14,22:10:00,37,False,No referral.,Minor,Evening,Friday
3966,186-99-6396,Male,Native American/Alaska Native,78,2023-04-15,10:05:00,48,False,No referral.,Senior,Day,Saturday
3967,830-06-4916,Male,Native American/Alaska Native,67,2024-03-16,05:02:00,54,False,No referral.,Senior,Night,Saturday
3968,132-30-5293,Male,Native American/Alaska Native,5,2024-03-03,13:46:00,56,False,No referral.,Minor,Day,Sunday
3969,537-37-0895,Male,Native American/Alaska Native,50,2024-07-26,06:02:00,14,False,No referral.,Middle-aged,Night,Friday
3970,148-25-3695,Male,Native American/Alaska Native,48,2023-01-09,15:11:00,44,False,No referral.,Middle-aged,Evening,Monday
3971,858-55-0031,Male,Native American/Alaska Native,36,2024-08-30,18:14:00,13,False,No referral.,Adult,Evening,Friday
3972,850-07-0244,Male,Native American/Alaska Native,59,2024-12-08,12:40:00,22,False,No referral.,Older Adult,Day,Sunday
3973,126-18-1278,Male,Native American/Alaska Native,70,2024-01-14,16:30:00,22,False,No referral.,Senior,Evening,Sunday
3974,131-10-7789,Male,Native American/Alaska Native,41,2023-08-05,00:58:00,36,False,No referral.,Adult,Night,Saturday
3975,543-86-2381,Male,Native American/Alaska Native,59,2024-02-23,06:42:00,43,False,No referral.,Older Adult,Night,Friday
3976,804-46-9415,Male,Native American/Alaska Native,26,2024-04-19,09:30:00,10,False,No referral.,Young Adult,Day,Friday
3977,498-68-8416,Male,Native American/Alaska Native,33,2024-09-05,01:59:00,37,False,No referral.,Young Adult,Night,Thursday
3978,261-13-3460,Male,Native American/Alaska Native,58,2023-07-09,12:24:00,53,False,No referral.,Older Adult,Day,Sunday
3979,334-92-1880,Male,Native American/Alaska Native,13,2023-07-24,23:30:00,56,False,No referral.,Minor,Night,Monday
3980,322-73-8642,Male,Native American/Alaska Native,18,2024-10-22,16:34:00,52,False,No referral.,Minor,Evening,Tuesday
3981,501-82-7238,Male,Native American/Alaska Native,70,2024-09-06,08:51:00,33,False,No referral.,Senior,Day,Friday
3982,410-70-9311,Male,Native American/Alaska Native,12,2023-04-14,18:21:00,33,False,No referral.,Minor,Evening,Friday
3983,308-11-1238,Male,Native American/Alaska Native,27,2023-11-19,04:51:00,28,False,No referral.,Young Adult,Night,Sunday
3984,364-42-5620,Male,Native American/Alaska Native,48,2023-07-23,10:17:00,41,False,No referral.,Middle-aged,Day,Sunday
3985,410-16-6184,Male,Native American/Alaska Native,4,2023-06-05,12:14:00,32,False,No referral.,Minor,Day,Monday
3986,805-29-5064,Male,Native American/Alaska Native,8,2023-08-23,15:30:00,60,False,No referral.,Minor,Evening,Wednesday
3987,537-13-0339,Male,Native American/Alaska Native,35,2024-01-25,10:19:00,51,False,No referral.,Adult,Day,Thursday
3988,695-48-3258,Male,Native American/Alaska Native,62,2023-09-11,03:59:00,57,False,Orthopedics,Older Adult,Night,Monday
3989,125-78-3248,Male,Native American/Alaska Native,29,2023-07-27,15:05:00,25,False,Orthopedics,Young Adult,Evening,Thursday
3990,544-63-0784,Male,Native American/Alaska Native,74,2024-09-08,03:12:00,56,False,Orthopedics,Senior,Night,Sunday
3991,330-45-2025,Male,Native American/Alaska Native,69,2024-06-03,07:40:00,31,False,Orthopedics,Senior,Day,Monday
3992,213-44-8981,Male,Native American/Alaska Native,60,2024-09-04,17:45:00,49,False,Orthopedics,Older Adult,Evening,Wednesday
3993,299-16-0016,Male,Native American/Alaska Native,16,2024-03-01,04:38:00,20,False,Orthopedics,Minor,Night,Friday
3994,323-73-5214,Male,Native American/Alaska Native,27,2024-04-01,03:07:00,53,False,Orthopedics,Young Adult,Night,Monday
3995,398-53-4396,Male,Native American/Alaska Native,28,2024-04-08,19:52:00,40,False,Orthopedics,Young Adult,Evening,Monday
3996,768-15-4619,Male,Native American/Alaska Native,16,2023-12-26,01:11:00,25,False,Orthopedics,Minor,Night,Tuesday
3997,400-21-4570,Male,Native American/Alaska Native,73,2024-02-16,22:59:00,45,False,Physiotherapy,Senior,Evening,Friday
3998,219-14-6147,Male,Native American/Alaska Native,63,2024-10-01,09:15:00,10,False,Renal,Older Adult,Day,Tuesday
3999,646-41-6242,Male,Pacific Islander,70,2024-04-24,23:12:00,47,False,Cardiology,Senior,Night,Wednesday
4000,230-64-7688,Male,Pacific Islander,74,2023-12-08,21:30:00,18,False,Cardiology,Senior,Evening,Friday
4001,412-11-9829,Male,Pacific Islander,7,2024-07-31,22:00:00,49,False,Cardiology,Minor,Evening,Wednesday
4002,630-34-6448,Male,Pacific Islander,28,2023-04-28,18:16:00,23,False,Cardiology,Young Adult,Evening,Friday
4003,278-16-5571,Male,Pacific Islander,6,2024-02-20,22:12:00,53,False,Cardiology,Minor,Evening,Tuesday
4004,516-07-4192,Male,Pacific Islander,6,2023-08-26,12:28:00,48,False,Gastroenterology,Minor,Day,Saturday
4005,402-93-4014,Male,Pacific Islander,38,2023-05-27,06:41:00,49,False,Gastroenterology,Adult,Night,Saturday
4006,122-57-7501,Male,Pacific Islander,19,2024-08-05,08:30:00,47,False,Gastroenterology,Minor,Day,Monday
4007,550-70-0152,Male,Pacific Islander,76,2023-09-05,09:39:00,34,False,General Practice,Senior,Day,Tuesday
4008,497-73-0149,Male,Pacific Islander,5,2024-06-01,19:29:00,16,False,General Practice,Minor,Evening,Saturday
4009,866-87-1957,Male,Pacific Islander,42,2023-03-10,21:44:00,17,False,General Practice,Adult,Evening,Friday
4010,306-57-7978,Male,Pacific Islander,62,2024-04-09,05:58:00,28,False,General Practice,Older Adult,Night,Tuesday
4011,575-58-8181,Male,Pacific Islander,55,2024-01-17,23:43:00,42,False,General Practice,Older Adult,Night,Wednesday
4012,437-92-3747,Male,Pacific Islander,38,2024-11-09,16:41:00,11,False,General Practice,Adult,Evening,Saturday
4013,307-92-3400,Male,Pacific Islander,11,2023-04-16,01:52:00,38,False,General Practice,Minor,Night,Sunday
4014,112-29-0583,Male,Pacific Islander,5,2023-09-17,07:06:00,59,False,General Practice,Minor,Day,Sunday
4015,149-06-7304,Male,Pacific Islander,19,2023-11-17,22:34:00,32,False,General Practice,Minor,Evening,Friday
4016,437-71-7777,Male,Pacific Islander,14,2024-07-08,11:17:00,10,False,General Practice,Minor,Day,Monday
4017,238-23-8191,Male,Pacific Islander,73,2023-04-12,01:08:00,22,False,General Practice,Senior,Night,Wednesday
4018,198-80-3135,Male,Pacific Islander,52,2023-12-27,03:01:00,40,False,General Practice,Middle-aged,Night,Wednesday
4019,773-65-6904,Male,Pacific Islander,57,2024-05-21,09:15:00,34,False,General Practice,Older Adult,Day,Tuesday
4020,500-37-6455,Male,Pacific Islander,44,2023-08-31,16:32:00,38,False,General Practice,Adult,Evening,Thursday
4021,485-52-4633,Male,Pacific Islander,18,2024-05-08,05:13:00,13,False,General Practice,Minor,Night,Wednesday
4022,753-69-2921,Male,Pacific Islander,76,2023-05-04,15:08:00,27,False,General Practice,Senior,Evening,Thursday
4023,461-10-5835,Male,Pacific Islander,42,2024-03-10,11:19:00,48,False,General Practice,Adult,Day,Sunday
4024,468-40-7586,Male,Pacific Islander,13,2024-03-24,15:43:00,29,False,General Practice,Minor,Evening,Sunday
4025,183-34-1466,Male,Pacific Islander,79,2023-12-21,13:57:00,40,False,General Practice,Senior,Day,Thursday
4026,608-99-9818,Male,Pacific Islander,41,2024-05-10,23:08:00,50,False,General Practice,Adult,Night,Friday
4027,389-57-3830,Male,Pacific Islander,26,2023-11-14,13:59:00,50,False,General Practice,Young Adult,Day,Tuesday
4028,209-24-5193,Male,Pacific Islander,31,2023-12-23,07:56:00,15,False,General Practice,Young Adult,Day,Saturday
4029,200-47-4120,Male,Pacific Islander,77,2023-07-19,10:30:00,29,False,General Practice,Senior,Day,Wednesday
4030,408-93-7396,Male,Pacific Islander,72,2023-12-09,18:36:00,44,False,General Practice,Senior,Evening,Saturday
4031,611-62-1333,Male,Pacific Islander,51,2024-02-03,03:50:00,40,False,General Practice,Middle-aged,Night,Saturday
4032,846-33-1744,Male,Pacific Islander,27,2024-02-18,23:33:00,25,False,General Practice,Young Adult,Night,Sunday
4033,685-53-9518,Male,Pacific Islander,64,2024-09-04,20:19:00,39,False,General Practice,Older Adult,Evening,Wednesday
4034,271-73-5806,Male,Pacific Islander,46,2023-11-29,23:00:00,46,False,General Practice,Middle-aged,Night,Wednesday
4035,337-97-5948,Male,Pacific Islander,78,2024-01-08,00:25:00,36,False,General Practice,Senior,Night,Monday
4036,618-62-6094,Male,Pacific Islander,27,2023-05-05,01:49:00,24,False,Neurology,Young Adult,Night,Friday
4037,284-29-1399,Male,Pacific Islander,13,2023-04-09,16:31:00,31,False,Neurology,Minor,Evening,Sunday
4038,420-73-7015,Male,Pacific Islander,79,2023-11-10,08:23:00,15,False,Neurology,Senior,Day,Friday
4039,438-36-2108,Male,Pacific Islander,33,2024-03-26,05:32:00,12,False,No referral.,Young Adult,Night,Tuesday
4040,404-31-3488,Male,Pacific Islander,67,2023-01-06,13:23:00,39,False,No referral.,Senior,Day,Friday
4041,118-97-5167,Male,Pacific Islander,78,2024-10-25,19:58:00,39,False,No referral.,Senior,Evening,Friday
4042,875-73-1721,Male,Pacific Islander,31,2024-10-08,01:02:00,51,False,No referral.,Young Adult,Night,Tuesday
4043,155-49-8625,Male,Pacific Islander,64,2023-09-27,01:01:00,14,False,No referral.,Older Adult,Night,Wednesday
4044,466-18-4689,Male,Pacific Islander,37,2023-04-30,07:20:00,28,False,No referral.,Adult,Day,Sunday
4045,318-93-4219,Male,Pacific Islander,57,2024-10-17,21:29:00,13,False,No referral.,Older Adult,Evening,Thursday
4046,309-31-4290,Male,Pacific Islander,54,2023-11-16,09:17:00,48,False,No referral.,Middle-aged,Day,Thursday
4047,334-28-4596,Male,Pacific Islander,61,2024-08-24,15:56:00,33,False,No referral.,Older Adult,Evening,Saturday
4048,333-23-4575,Male,Pacific Islander,19,2024-09-17,12:08:00,19,False,No referral.,Minor,Day,Tuesday
4049,338-24-1649,Male,Pacific Islander,45,2023-08-12,18:55:00,33,False,No referral.,Middle-aged,Evening,Saturday
4050,275-94-9976,Male,Pacific Islander,30,2024-01-28,07:51:00,23,False,No referral.,Young Adult,Day,Sunday
4051,429-56-6759,Male,Pacific Islander,62,2024-04-01,13:46:00,22,False,No referral.,Older Adult,Day,Monday
4052,378-24-4152,Male,Pacific Islander,48,2024-10-09,00:07:00,35,False,No referral.,Middle-aged,Night,Wednesday
4053,699-82-7292,Male,Pacific Islander,19,2024-10-23,23:26:00,36,False,No referral.,Minor,Night,Wednesday
4054,405-69-6541,Male,Pacific Islander,79,2023-11-29,11:01:00,26,False,No referral.,Senior,Day,Wednesday
4055,722-52-9830,Male,Pacific Islander,57,2024-05-24,07:55:00,57,False,No referral.,Older Adult,Day,Friday
4056,396-36-0799,Male,Pacific Islander,25,2024-10-02,09:27:00,59,False,No referral.,Young Adult,Day,Wednesday
4057,893-95-2429,Male,Pacific Islander,42,2023-06-06,10:25:00,14,False,No referral.,Adult,Day,Tuesday
4058,522-78-1715,Male,Pacific Islander,24,2024-06-28,22:03:00,25,False,No referral.,Young Adult,Evening,Friday
4059,776-73-6961,Male,Pacific Islander,54,2023-07-06,04:22:00,54,False,No referral.,Middle-aged,Night,Thursday
4060,357-19-2990,Male,Pacific Islander,24,2023-01-11,22:49:00,55,False,No referral.,Young Adult,Evening,Wednesday
4061,890-49-1894,Male,Pacific Islander,13,2024-06-27,10:26:00,12,False,No referral.,Minor,Day,Thursday
4062,640-48-4878,Male,Pacific Islander,59,2024-02-02,06:33:00,43,False,No referral.,Older Adult,Night,Friday
4063,179-53-8316,Male,Pacific Islander,22,2024-05-23,20:37:00,45,False,No referral.,Young Adult,Evening,Thursday
4064,473-15-4074,Male,Pacific Islander,78,2023-04-15,03:28:00,54,False,No referral.,Senior,Night,Saturday
4065,296-45-1574,Male,Pacific Islander,31,2023-12-22,06:22:00,55,False,No referral.,Young Adult,Night,Friday
4066,240-91-0423,Male,Pacific Islander,14,2023-04-08,05:28:00,20,False,No referral.,Minor,Night,Saturday
4067,629-41-3758,Male,Pacific Islander,41,2023-10-08,15:48:00,22,False,No referral.,Adult,Evening,Sunday
4068,735-67-4512,Male,Pacific Islander,59,2024-05-29,17:07:00,34,False,No referral.,Older Adult,Evening,Wednesday
4069,516-82-9080,Male,Pacific Islander,43,2023-07-09,05:42:00,52,False,No referral.,Adult,Night,Sunday
4070,526-99-9283,Male,Pacific Islander,44,2024-01-24,09:46:00,23,False,No referral.,Adult,Day,Wednesday
4071,207-64-8402,Male,Pacific Islander,31,2024-08-06,09:57:00,58,False,No referral.,Young Adult,Day,Tuesday
4072,137-63-3880,Male,Pacific Islander,26,2023-06-15,06:28:00,21,False,No referral.,Young Adult,Night,Thursday
4073,731-63-7305,Male,Pacific Islander,64,2023-12-17,11:08:00,36,False,No referral.,Older Adult,Day,Sunday
4074,292-29-7969,Male,Pacific Islander,65,2024-01-13,08:59:00,37,False,No referral.,Senior,Day,Saturday
4075,701-50-9412,Male,Pacific Islander,43,2023-03-06,03:48:00,41,False,No referral.,Adult,Night,Monday
4076,751-70-2352,Male,Pacific Islander,11,2024-08-06,20:49:00,48,False,No referral.,Minor,Evening,Tuesday
4077,308-97-7916,Male,Pacific Islander,8,2024-09-23,00:50:00,57,False,No referral.,Minor,Night,Monday
4078,364-16-5242,Male,Pacific Islander,13,2024-06-06,04:48:00,43,False,No referral.,Minor,Night,Thursday
4079,888-84-7651,Male,Pacific Islander,73,2024-04-21,22:09:00,44,False,No referral.,Senior,Evening,Sunday
4080,556-05-0837,Male,Pacific Islander,68,2023-10-16,20:41:00,10,False,No referral.,Senior,Evening,Monday
4081,753-19-0778,Male,Pacific Islander,12,2023-05-10,23:56:00,11,False,No referral.,Minor,Night,Wednesday
4082,728-86-5184,Male,Pacific Islander,79,2024-08-27,02:31:00,17,False,No referral.,Senior,Night,Tuesday
4083,875-52-8869,Male,Pacific Islander,64,2023-09-19,05:11:00,20,False,No referral.,Older Adult,Night,Tuesday
4084,810-10-6393,Male,Pacific Islander,45,2024-08-18,07:35:00,10,False,No referral.,Middle-aged,Day,Sunday
4085,182-98-4289,Male,Pacific Islander,15,2024-08-05,07:22:00,21,False,No referral.,Minor,Day,Monday
4086,844-75-6188,Male,Pacific Islander,15,2024-07-05,20:06:00,29,False,No referral.,Minor,Evening,Friday
4087,876-55-5877,Male,Pacific Islander,32,2024-12-10,22:26:00,34,False,No referral.,Young Adult,Evening,Tuesday
4088,589-78-6787,Male,Pacific Islander,7,2024-08-22,07:07:00,34,False,No referral.,Minor,Day,Thursday
4089,116-36-0093,Male,Pacific Islander,40,2023-10-08,03:21:00,49,False,No referral.,Adult,Night,Sunday
4090,216-88-0117,Male,Pacific Islander,58,2023-08-27,11:16:00,55,False,No referral.,Older Adult,Day,Sunday
4091,866-88-0473,Male,Pacific Islander,58,2023-12-06,05:07:00,15,False,No referral.,Older Adult,Night,Wednesday
4092,148-63-5704,Male,Pacific Islander,31,2023-04-09,02:43:00,60,False,No referral.,Young Adult,Night,Sunday
4093,156-69-0132,Male,Pacific Islander,37,2024-08-03,22:32:00,29,False,No referral.,Adult,Evening,Saturday
4094,165-23-5765,Male,Pacific Islander,17,2024-04-21,12:12:00,55,False,No referral.,Minor,Day,Sunday
4095,145-73-4921,Male,Pacific Islander,69,2024-04-23,00:52:00,55,False,No referral.,Senior,Night,Tuesday
4096,292-11-9160,Male,Pacific Islander,37,2023-11-20,19:09:00,59,False,No referral.,Adult,Evening,Monday
4097,227-23-5068,Male,Pacific Islander,78,2024-01-03,22:27:00,60,False,No referral.,Senior,Evening,Wednesday
4098,542-43-2204,Male,Pacific Islander,67,2024-02-29,20:47:00,14,False,No referral.,Senior,Evening,Thursday
4099,541-60-5377,Male,Pacific Islander,5,2024-02-17,03:34:00,28,False,No referral.,Minor,Night,Saturday
4100,389-46-5464,Male,Pacific Islander,9,2024-11-10,00:27:00,39,False,No referral.,Minor,Night,Sunday
4101,626-10-0620,Male,Pacific Islander,20,2023-08-29,15:45:00,44,False,No referral.,Young Adult,Evening,Tuesday
4102,119-84-9558,Male,Pacific Islander,12,2024-01-28,09:56:00,39,False,No referral.,Minor,Day,Sunday
4103,167-15-7518,Male,Pacific Islander,73,2024-02-13,17:36:00,55,False,No referral.,Senior,Evening,Tuesday
4104,755-92-1392,Male,Pacific Islander,57,2023-07-23,12:33:00,15,False,No referral.,Older Adult,Day,Sunday
4105,651-08-2231,Male,Pacific Islander,63,2024-04-02,09:40:00,44,False,No referral.,Older Adult,Day,Tuesday
4106,783-71-2901,Male,Pacific Islander,31,2023-04-11,08:17:00,56,False,No referral.,Young Adult,Day,Tuesday
4107,847-95-6147,Male,Pacific Islander,9,2023-06-08,07:42:00,19,False,No referral.,Minor,Day,Thursday
4108,236-48-3172,Male,Pacific Islander,39,2024-12-09,22:16:00,35,False,No referral.,Adult,Evening,Monday
4109,225-87-5051,Male,Pacific Islander,47,2024-03-08,04:37:00,13,False,No referral.,Middle-aged,Night,Friday
4110,218-28-1324,Male,Pacific Islander,36,2024-03-17,02:03:00,58,False,No referral.,Adult,Night,Sunday
4111,257-71-5722,Male,Pacific Islander,13,2024-07-31,00:53:00,48,False,No referral.,Minor,Night,Wednesday
4112,451-55-0085,Male,Pacific Islander,72,2024-05-15,02:55:00,29,False,No referral.,Senior,Night,Wednesday
4113,128-30-7104,Male,Pacific Islander,58,2023-11-30,00:21:00,56,False,Orthopedics,Older Adult,Night,Thursday
4114,796-12-3706,Male,Pacific Islander,78,2023-10-16,20:17:00,43,False,Orthopedics,Senior,Evening,Monday
4115,651-52-1504,Male,Pacific Islander,15,2024-09-21,02:11:00,45,False,Orthopedics,Minor,Night,Saturday
4116,290-26-2181,Male,Pacific Islander,23,2023-09-23,23:08:00,27,False,Orthopedics,Young Adult,Night,Saturday
4117,783-94-4066,Male,Pacific Islander,13,2023-09-19,08:20:00,46,False,Orthopedics,Minor,Day,Tuesday
4118,141-16-6774,Male,Pacific Islander,51,2024-10-28,21:50:00,18,False,Orthopedics,Middle-aged,Evening,Monday
4119,420-49-1092,Male,Pacific Islander,70,2023-08-11,13:38:00,18,False,Orthopedics,Senior,Day,Friday
4120,729-26-8869,Male,Pacific Islander,33,2023-06-21,03:25:00,25,False,Orthopedics,Young Adult,Night,Wednesday
4121,804-80-4289,Male,Pacific Islander,63,2024-07-01,22:32:00,41,False,Orthopedics,Older Adult,Evening,Monday
4122,226-26-8565,Male,Pacific Islander,40,2024-05-22,18:30:00,51,False,Orthopedics,Adult,Evening,Wednesday
4123,341-94-2072,Male,Pacific Islander,49,2024-10-17,20:55:00,30,False,Orthopedics,Middle-aged,Evening,Thursday
4124,504-59-9776,Male,Pacific Islander,67,2023-06-05,07:07:00,25,False,Physiotherapy,Senior,Day,Monday
4125,474-93-8205,Male,Pacific Islander,58,2024-10-28,07:18:00,53,False,Physiotherapy,Older Adult,Day,Monday
4126,752-34-8096,Male,Pacific Islander,57,2023-11-11,14:28:00,59,False,Physiotherapy,Older Adult,Day,Saturday
4127,532-37-4005,Male,Pacific Islander,67,2023-06-16,03:27:00,29,False,Physiotherapy,Senior,Night,Friday
4128,510-24-2831,Male,Pacific Islander,79,2023-08-09,20:55:00,27,False,Physiotherapy,Senior,Evening,Wednesday
4129,316-76-8097,Male,Two or More Races,35,2024-07-07,06:05:00,33,False,Cardiology,Adult,Night,Sunday
4130,637-52-8720,Male,Two or More Races,61,2024-12-07,04:16:00,27,False,Cardiology,Older Adult,Night,Saturday
4131,644-72-8499,Male,Two or More Races,68,2024-09-30,15:36:00,17,False,Cardiology,Senior,Evening,Monday
4132,839-52-8308,Male,Two or More Races,32,2024-12-06,16:42:00,49,False,Cardiology,Young Adult,Evening,Friday
4133,639-72-8897,Male,Two or More Races,10,2024-10-04,09:03:00,19,False,Cardiology,Minor,Day,Friday
4134,246-91-3426,Male,Two or More Races,65,2024-05-21,08:26:00,44,False,Cardiology,Senior,Day,Tuesday
4135,889-96-0276,Male,Two or More Races,10,2023-01-04,22:10:00,45,False,Cardiology,Minor,Evening,Wednesday
4136,583-68-4800,Male,Two or More Races,15,2024-10-13,07:36:00,51,False,Cardiology,Minor,Day,Sunday
4137,471-10-2260,Male,Two or More Races,30,2023-12-31,05:06:00,14,False,Cardiology,Young Adult,Night,Sunday
4138,728-50-2926,Male,Two or More Races,49,2024-03-24,11:47:00,43,False,Cardiology,Middle-aged,Day,Sunday
4139,206-57-4155,Male,Two or More Races,49,2023-12-19,22:41:00,29,False,Cardiology,Middle-aged,Evening,Tuesday
4140,237-05-9734,Male,Two or More Races,37,2024-07-23,04:57:00,12,False,Cardiology,Adult,Night,Tuesday
4141,506-63-9917,Male,Two or More Races,47,2023-11-19,02:39:00,51,False,Cardiology,Middle-aged,Night,Sunday
4142,269-42-7536,Male,Two or More Races,15,2024-02-29,23:12:00,33,False,Cardiology,Minor,Night,Thursday
4143,729-22-1036,Male,Two or More Races,23,2023-05-18,04:06:00,16,False,Cardiology,Young Adult,Night,Thursday
4144,311-54-5268,Male,Two or More Races,45,2024-05-13,14:30:00,30,False,Cardiology,Middle-aged,Day,Monday
4145,567-79-4489,Male,Two or More Races,3,2024-10-29,18:51:00,40,False,Cardiology,Minor,Evening,Tuesday
4146,604-67-4072,Male,Two or More Races,55,2024-06-07,04:04:00,43,False,Gastroenterology,Older Adult,Night,Friday
4147,327-39-0494,Male,Two or More Races,19,2024-03-09,03:52:00,17,False,Gastroenterology,Minor,Night,Saturday
4148,571-03-9350,Male,Two or More Races,66,2024-09-15,04:41:00,37,False,Gastroenterology,Senior,Night,Sunday
4149,774-05-5714,Male,Two or More Races,31,2024-01-08,17:41:00,20,False,Gastroenterology,Young Adult,Evening,Monday
4150,354-05-8896,Male,Two or More Races,36,2024-01-10,08:31:00,33,False,Gastroenterology,Adult,Day,Wednesday
4151,609-61-5196,Male,Two or More Races,43,2023-02-11,14:42:00,39,False,Gastroenterology,Adult,Day,Saturday
4152,710-08-1839,Male,Two or More Races,11,2024-09-20,13:49:00,17,False,General Practice,Minor,Day,Friday
4153,669-23-3949,Male,Two or More Races,7,2024-01-08,10:21:00,32,False,General Practice,Minor,Day,Monday
4154,127-74-5580,Male,Two or More Races,17,2024-05-27,04:02:00,10,False,General Practice,Minor,Night,Monday
4155,534-18-3151,Male,Two or More Races,67,2023-03-12,01:48:00,37,False,General Practice,Senior,Night,Sunday
4156,758-21-5102,Male,Two or More Races,33,2024-05-24,14:58:00,39,False,General Practice,Young Adult,Day,Friday
4157,523-65-6493,Male,Two or More Races,26,2024-06-28,01:56:00,40,False,General Practice,Young Adult,Night,Friday
4158,796-69-6311,Male,Two or More Races,62,2023-12-08,15:48:00,44,False,General Practice,Older Adult,Evening,Friday
4159,153-10-3389,Male,Two or More Races,12,2023-01-12,06:34:00,59,False,General Practice,Minor,Night,Thursday
4160,159-05-9428,Male,Two or More Races,62,2024-05-31,03:47:00,25,False,General Practice,Older Adult,Night,Friday
4161,751-78-5779,Male,Two or More Races,71,2023-08-22,07:27:00,60,False,General Practice,Senior,Day,Tuesday
4162,648-17-3878,Male,Two or More Races,24,2024-06-26,18:51:00,11,False,General Practice,Young Adult,Evening,Wednesday
4163,109-22-5491,Male,Two or More Races,39,2024-06-26,13:41:00,53,False,General Practice,Adult,Day,Wednesday
4164,781-15-8827,Male,Two or More Races,18,2023-09-29,02:51:00,29,False,General Practice,Minor,Night,Friday
4165,308-38-1759,Male,Two or More Races,79,2024-06-13,20:52:00,18,False,General Practice,Senior,Evening,Thursday
4166,495-09-1764,Male,Two or More Races,4,2023-08-09,23:31:00,21,False,General Practice,Minor,Night,Wednesday
4167,169-41-1872,Male,Two or More Races,61,2023-10-12,13:07:00,23,False,General Practice,Older Adult,Day,Thursday
4168,536-91-2898,Male,Two or More Races,31,2023-04-29,11:29:00,27,False,General Practice,Young Adult,Day,Saturday
4169,846-40-7635,Male,Two or More Races,3,2023-06-04,20:41:00,26,False,General Practice,Minor,Evening,Sunday
4170,696-25-8164,Male,Two or More Races,22,2024-09-06,23:24:00,35,False,General Practice,Young Adult,Night,Friday
4171,455-86-5550,Male,Two or More Races,41,2023-08-30,02:31:00,55,False,General Practice,Adult,Night,Wednesday
4172,556-45-4348,Male,Two or More Races,15,2024-01-08,13:39:00,16,False,General Practice,Minor,Day,Monday
4173,505-43-6760,Male,Two or More Races,48,2023-02-09,11:06:00,55,False,General Practice,Middle-aged,Day,Thursday
4174,334-42-8970,Male,Two or More Races,25,2023-12-20,05:06:00,15,False,General Practice,Young Adult,Night,Wednesday
4175,620-35-3794,Male,Two or More Races,35,2023-07-11,00:21:00,37,False,General Practice,Adult,Night,Tuesday
4176,291-90-1058,Male,Two or More Races,8,2023-01-10,05:38:00,55,False,General Practice,Minor,Night,Tuesday
4177,151-79-4805,Male,Two or More Races,48,2023-11-08,23:19:00,26,False,General Practice,Middle-aged,Night,Wednesday
4178,468-54-8320,Male,Two or More Races,50,2024-01-05,23:12:00,27,False,General Practice,Middle-aged,Night,Friday
4179,337-54-0640,Male,Two or More Races,64,2024-03-28,06:24:00,52,False,General Practice,Older Adult,Night,Thursday
4180,695-96-3968,Male,Two or More Races,62,2023-08-05,21:20:00,54,False,General Practice,Older Adult,Evening,Saturday
4181,823-21-4024,Male,Two or More Races,14,2024-06-27,19:41:00,38,False,General Practice,Minor,Evening,Thursday
4182,458-99-8740,Male,Two or More Races,61,2023-04-26,16:43:00,28,False,General Practice,Older Adult,Evening,Wednesday
4183,326-32-9009,Male,Two or More Races,4,2024-11-08,05:05:00,25,False,General Practice,Minor,Night,Friday
4184,772-30-5939,Male,Two or More Races,22,2023-09-26,07:46:00,37,False,General Practice,Young Adult,Day,Tuesday
4185,327-01-6909,Male,Two or More Races,77,2024-01-09,06:32:00,38,False,General Practice,Senior,Night,Tuesday
4186,586-06-0042,Male,Two or More Races,21,2024-01-05,04:50:00,22,False,General Practice,Young Adult,Night,Friday
4187,633-24-7176,Male,Two or More Races,57,2023-05-12,00:08:00,28,False,General Practice,Older Adult,Night,Friday
4188,621-04-1236,Male,Two or More Races,35,2023-07-31,21:17:00,54,False,General Practice,Adult,Evening,Monday
4189,461-42-4480,Male,Two or More Races,68,2023-12-08,02:11:00,17,False,General Practice,Senior,Night,Friday
4190,470-13-8720,Male,Two or More Races,62,2024-03-16,06:26:00,18,False,General Practice,Older Adult,Night,Saturday
4191,730-82-2040,Male,Two or More Races,70,2024-05-02,19:18:00,28,False,General Practice,Senior,Evening,Thursday
4192,716-69-2537,Male,Two or More Races,33,2023-10-21,07:39:00,32,False,General Practice,Young Adult,Day,Saturday
4193,784-23-5193,Male,Two or More Races,18,2023-07-08,03:22:00,38,False,General Practice,Minor,Night,Saturday
4194,575-35-1820,Male,Two or More Races,22,2024-02-07,20:27:00,44,False,General Practice,Young Adult,Evening,Wednesday
4195,322-21-8317,Male,Two or More Races,23,2024-07-09,23:19:00,58,False,General Practice,Young Adult,Night,Tuesday
4196,891-04-3560,Male,Two or More Races,65,2023-09-29,04:58:00,43,False,General Practice,Senior,Night,Friday
4197,248-90-1365,Male,Two or More Races,65,2023-11-21,04:42:00,45,False,General Practice,Senior,Night,Tuesday
4198,687-78-6410,Male,Two or More Races,9,2024-10-24,18:17:00,50,False,General Practice,Minor,Evening,Thursday
4199,583-85-8092,Male,Two or More Races,36,2023-04-13,21:04:00,54,False,General Practice,Adult,Evening,Thursday
4200,442-15-0286,Male,Two or More Races,71,2024-10-22,23:07:00,34,False,General Practice,Senior,Night,Tuesday
4201,801-82-1101,Male,Two or More Races,5,2023-09-08,17:05:00,46,False,General Practice,Minor,Evening,Friday
4202,577-99-1334,Male,Two or More Races,58,2024-02-26,04:24:00,59,False,General Practice,Older Adult,Night,Monday
4203,535-11-6082,Male,Two or More Races,78,2024-05-27,07:49:00,53,False,General Practice,Senior,Day,Monday
4204,547-68-7669,Male,Two or More Races,6,2023-12-04,05:06:00,45,False,General Practice,Minor,Night,Monday
4205,808-37-0659,Male,Two or More Races,38,2023-10-09,00:59:00,46,False,General Practice,Adult,Night,Monday
4206,700-13-0524,Male,Two or More Races,74,2024-10-06,00:44:00,26,False,General Practice,Senior,Night,Sunday
4207,625-15-3474,Male,Two or More Races,11,2024-05-02,08:54:00,32,False,General Practice,Minor,Day,Thursday
4208,723-21-0173,Male,Two or More Races,26,2023-08-17,17:15:00,52,False,General Practice,Young Adult,Evening,Thursday
4209,877-20-8814,Male,Two or More Races,4,2023-04-20,23:25:00,60,False,General Practice,Minor,Night,Thursday
4210,684-69-6166,Male,Two or More Races,21,2023-12-20,05:27:00,44,False,General Practice,Young Adult,Night,Wednesday
4211,722-95-5362,Male,Two or More Races,45,2023-04-08,01:09:00,43,False,General Practice,Middle-aged,Night,Saturday
4212,657-23-9149,Male,Two or More Races,75,2024-05-18,21:15:00,34,False,General Practice,Senior,Evening,Saturday
4213,564-46-5874,Male,Two or More Races,72,2024-04-26,18:25:00,55,False,General Practice,Senior,Evening,Friday
4214,645-04-1339,Male,Two or More Races,64,2024-07-30,05:19:00,40,False,General Practice,Older Adult,Night,Tuesday
4215,351-19-3715,Male,Two or More Races,71,2023-10-21,20:42:00,18,False,General Practice,Senior,Evening,Saturday
4216,826-96-7716,Male,Two or More Races,78,2024-09-06,02:18:00,60,False,General Practice,Senior,Night,Friday
4217,285-30-3138,Male,Two or More Races,32,2023-05-26,17:42:00,17,False,General Practice,Young Adult,Evening,Friday
4218,385-18-5423,Male,Two or More Races,14,2023-10-26,13:26:00,59,False,General Practice,Minor,Day,Thursday
4219,494-79-9100,Male,Two or More Races,64,2023-10-12,19:27:00,53,False,General Practice,Older Adult,Evening,Thursday
4220,447-24-8349,Male,Two or More Races,29,2024-01-07,11:50:00,18,False,General Practice,Young Adult,Day,Sunday
4221,662-52-4940,Male,Two or More Races,68,2023-03-06,15:13:00,30,False,General Practice,Senior,Evening,Monday
4222,760-91-8824,Male,Two or More Races,46,2024-07-03,00:48:00,57,False,General Practice,Middle-aged,Night,Wednesday
4223,431-88-1973,Male,Two or More Races,20,2024-03-09,22:06:00,45,False,General Practice,Young Adult,Evening,Saturday
4224,667-17-4571,Male,Two or More Races,69,2024-03-15,13:34:00,11,False,General Practice,Senior,Day,Friday
4225,145-60-1945,Male,Two or More Races,76,2024-01-16,23:26:00,53,False,General Practice,Senior,Night,Tuesday
4226,676-41-8623,Male,Two or More Races,52,2023-11-26,07:30:00,37,False,General Practice,Middle-aged,Day,Sunday
4227,304-19-1206,Male,Two or More Races,70,2023-04-27,10:32:00,44,False,General Practice,Senior,Day,Thursday
4228,136-49-6777,Male,Two or More Races,28,2023-06-29,09:04:00,28,False,General Practice,Young Adult,Day,Thursday
4229,370-89-4668,Male,Two or More Races,20,2023-08-24,02:47:00,55,False,General Practice,Young Adult,Night,Thursday
4230,770-53-0226,Male,Two or More Races,57,2024-04-14,08:35:00,25,False,General Practice,Older Adult,Day,Sunday
4231,602-51-2635,Male,Two or More Races,29,2023-11-06,13:35:00,57,False,Neurology,Young Adult,Day,Monday
4232,852-67-0616,Male,Two or More Races,57,2024-06-29,04:26:00,27,False,Neurology,Older Adult,Night,Saturday
4233,410-03-2700,Male,Two or More Races,8,2024-11-10,15:27:00,29,False,Neurology,Minor,Evening,Sunday
4234,825-31-1708,Male,Two or More Races,46,2024-08-28,12:11:00,58,False,Neurology,Middle-aged,Day,Wednesday
4235,352-97-4533,Male,Two or More Races,46,2023-05-22,18:06:00,20,False,Neurology,Middle-aged,Evening,Monday
4236,557-30-5454,Male,Two or More Races,23,2023-09-28,21:25:00,16,False,No referral.,Young Adult,Evening,Thursday
4237,206-01-6874,Male,Two or More Races,37,2023-05-10,22:01:00,31,False,No referral.,Adult,Evening,Wednesday
4238,899-89-5599,Male,Two or More Races,64,2023-08-25,18:35:00,33,False,No referral.,Older Adult,Evening,Friday
4239,217-35-6245,Male,Two or More Races,6,2023-10-18,14:34:00,36,False,No referral.,Minor,Day,Wednesday
4240,365-42-3810,Male,Two or More Races,57,2024-01-21,04:58:00,36,False,No referral.,Older Adult,Night,Sunday
4241,763-76-4655,Male,Two or More Races,16,2024-01-03,02:00:00,13,False,No referral.,Minor,Night,Wednesday
4242,304-28-9211,Male,Two or More Races,72,2023-05-18,18:49:00,16,False,No referral.,Senior,Evening,Thursday
4243,508-21-1465,Male,Two or More Races,28,2024-03-09,08:09:00,33,False,No referral.,Young Adult,Day,Saturday
4244,222-02-0601,Male,Two or More Races,4,2024-08-04,15:35:00,18,False,No referral.,Minor,Evening,Sunday
4245,558-68-4555,Male,Two or More Races,61,2023-10-11,04:54:00,36,False,No referral.,Older Adult,Night,Wednesday
4246,317-55-6525,Male,Two or More Races,35,2023-01-08,15:50:00,49,False,No referral.,Adult,Evening,Sunday
4247,337-32-9874,Male,Two or More Races,26,2024-03-15,17:55:00,57,False,No referral.,Young Adult,Evening,Friday
4248,546-92-5814,Male,Two or More Races,32,2023-09-16,11:02:00,30,False,No referral.,Young Adult,Day,Saturday
4249,240-32-0217,Male,Two or More Races,40,2023-01-10,18:53:00,35,False,No referral.,Adult,Evening,Tuesday
4250,545-10-8265,Male,Two or More Races,9,2023-02-11,10:13:00,36,False,No referral.,Minor,Day,Saturday
4251,204-74-7032,Male,Two or More Races,79,2023-06-29,05:31:00,39,False,No referral.,Senior,Night,Thursday
4252,206-56-8505,Male,Two or More Races,9,2024-06-06,10:54:00,21,False,No referral.,Minor,Day,Thursday
4253,157-74-0353,Male,Two or More Races,31,2023-05-16,20:08:00,23,False,No referral.,Young Adult,Evening,Tuesday
4254,465-33-5924,Male,Two or More Races,2,2023-08-14,00:32:00,24,False,No referral.,Minor,Night,Monday
4255,245-91-2609,Male,Two or More Races,59,2023-11-12,06:06:00,48,False,No referral.,Older Adult,Night,Sunday
4256,867-51-9350,Male,Two or More Races,60,2024-07-13,23:38:00,49,False,No referral.,Older Adult,Night,Saturday
4257,189-34-0360,Male,Two or More Races,7,2024-04-22,08:23:00,60,False,No referral.,Minor,Day,Monday
4258,490-32-7822,Male,Two or More Races,69,2023-07-06,15:13:00,21,False,No referral.,Senior,Evening,Thursday
4259,736-88-1861,Male,Two or More Races,61,2024-08-15,20:01:00,38,False,No referral.,Older Adult,Evening,Thursday
4260,858-67-1649,Male,Two or More Races,65,2023-08-13,03:39:00,44,False,No referral.,Senior,Night,Sunday
4261,813-81-2517,Male,Two or More Races,3,2023-08-09,11:36:00,47,False,No referral.,Minor,Day,Wednesday
4262,458-33-0984,Male,Two or More Races,35,2023-06-22,23:06:00,22,False,No referral.,Adult,Night,Thursday
4263,559-74-3492,Male,Two or More Races,68,2023-07-27,11:12:00,25,False,No referral.,Senior,Day,Thursday
4264,562-54-5073,Male,Two or More Races,6,2024-09-17,14:44:00,30,False,No referral.,Minor,Day,Tuesday
4265,126-82-7615,Male,Two or More Races,50,2023-05-30,09:04:00,30,False,No referral.,Middle-aged,Day,Tuesday
4266,887-08-0888,Male,Two or More Races,74,2023-05-25,14:24:00,45,False,No referral.,Senior,Day,Thursday
4267,659-65-1419,Male,Two or More Races,46,2024-03-23,05:46:00,50,False,No referral.,Middle-aged,Night,Saturday
4268,191-43-9431,Male,Two or More Races,5,2024-01-05,14:15:00,52,False,No referral.,Minor,Day,Friday
4269,551-11-0556,Male,Two or More Races,14,2023-04-24,05:26:00,54,False,No referral.,Minor,Night,Monday
4270,509-22-2744,Male,Two or More Races,76,2023-08-27,00:35:00,13,False,No referral.,Senior,Night,Sunday
4271,884-09-2944,Male,Two or More Races,37,2024-01-27,02:24:00,15,False,No referral.,Adult,Night,Saturday
4272,240-21-3354,Male,Two or More Races,18,2023-10-20,03:38:00,28,False,No referral.,Minor,Night,Friday
4273,120-25-2822,Male,Two or More Races,15,2023-04-26,12:06:00,32,False,No referral.,Minor,Day,Wednesday
4274,404-47-0411,Male,Two or More Races,73,2024-10-15,23:32:00,40,False,No referral.,Senior,Night,Tuesday
4275,569-17-1454,Male,Two or More Races,20,2023-12-04,08:39:00,47,False,No referral.,Young Adult,Day,Monday
4276,209-88-4916,Male,Two or More Races,20,2024-02-17,14:17:00,51,False,No referral.,Young Adult,Day,Saturday
4277,837-04-4032,Male,Two or More Races,21,2023-04-04,02:36:00,53,False,No referral.,Young Adult,Night,Tuesday
4278,693-10-1328,Male,Two or More Races,52,2024-01-30,23:19:00,11,False,No referral.,Middle-aged,Night,Tuesday
4279,254-84-0202,Male,Two or More Races,51,2024-01-08,07:08:00,40,False,No referral.,Middle-aged,Day,Monday
4280,685-11-0667,Male,Two or More Races,10,2024-04-04,03:02:00,41,False,No referral.,Minor,Night,Thursday
4281,327-82-9042,Male,Two or More Races,36,2024-03-21,21:01:00,52,False,No referral.,Adult,Evening,Thursday
4282,723-91-2291,Male,Two or More Races,1,2023-07-28,04:39:00,15,False,No referral.,Minor,Night,Friday
4283,812-01-1280,Male,Two or More Races,33,2024-05-06,21:22:00,19,False,No referral.,Young Adult,Evening,Monday
4284,245-14-4691,Male,Two or More Races,63,2024-08-17,01:13:00,41,False,No referral.,Older Adult,Night,Saturday
4285,277-58-9258,Male,Two or More Races,39,2023-05-25,07:16:00,29,False,No referral.,Adult,Day,Thursday
4286,742-21-9416,Male,Two or More Races,71,2024-05-01,06:12:00,34,False,No referral.,Senior,Night,Wednesday
4287,701-67-1487,Male,Two or More Races,19,2023-10-31,17:06:00,49,False,No referral.,Minor,Evening,Tuesday
4288,434-92-9569,Male,Two or More Races,51,2024-08-25,00:55:00,58,False,No referral.,Middle-aged,Night,Sunday
4289,319-55-1295,Male,Two or More Races,75,2024-09-30,03:37:00,59,False,No referral.,Senior,Night,Monday
4290,251-46-0287,Male,Two or More Races,66,2023-09-17,20:43:00,18,False,No referral.,Senior,Evening,Sunday
4291,188-08-8982,Male,Two or More Races,45,2024-08-15,13:57:00,21,False,No referral.,Middle-aged,Day,Thursday
4292,855-28-4521,Male,Two or More Races,12,2024-09-15,16:48:00,26,False,No referral.,Minor,Evening,Sunday
4293,310-24-6292,Male,Two or More Races,78,2023-09-23,11:44:00,43,False,No referral.,Senior,Day,Saturday
4294,487-45-9169,Male,Two or More Races,42,2023-06-10,13:41:00,46,False,No referral.,Adult,Day,Saturday
4295,386-86-0028,Male,Two or More Races,71,2024-05-13,05:15:00,47,False,No referral.,Senior,Night,Monday
4296,518-92-6308,Male,Two or More Races,28,2024-09-07,10:42:00,48,False,No referral.,Young Adult,Day,Saturday
4297,546-70-9687,Male,Two or More Races,50,2023-05-26,09:27:00,52,False,No referral.,Middle-aged,Day,Friday
4298,186-18-2336,Male,Two or More Races,79,2024-04-15,14:20:00,53,False,No referral.,Senior,Day,Monday
4299,171-47-7261,Male,Two or More Races,78,2024-08-15,08:43:00,55,False,No referral.,Senior,Day,Thursday
4300,273-87-9584,Male,Two or More Races,3,2023-04-16,19:04:00,57,False,No referral.,Minor,Evening,Sunday
4301,742-20-0489,Male,Two or More Races,56,2024-10-22,08:58:00,59,False,No referral.,Older Adult,Day,Tuesday
4302,684-78-3004,Male,Two or More Races,79,2024-06-20,10:26:00,10,False,No referral.,Senior,Day,Thursday
4303,273-13-6898,Male,Two or More Races,33,2024-02-20,23:57:00,13,False,No referral.,Young Adult,Night,Tuesday
4304,450-75-0223,Male,Two or More Races,54,2024-08-17,11:35:00,13,False,No referral.,Middle-aged,Day,Saturday
4305,437-85-8690,Male,Two or More Races,40,2024-05-06,05:24:00,19,False,No referral.,Adult,Night,Monday
4306,357-43-3573,Male,Two or More Races,34,2024-04-04,03:09:00,22,False,No referral.,Young Adult,Night,Thursday
4307,882-51-5189,Male,Two or More Races,79,2024-01-26,00:07:00,26,False,No referral.,Senior,Night,Friday
4308,230-57-4543,Male,Two or More Races,70,2023-04-27,20:50:00,27,False,No referral.,Senior,Evening,Thursday
4309,296-77-3384,Male,Two or More Races,71,2023-08-18,01:33:00,28,False,No referral.,Senior,Night,Friday
4310,207-77-6544,Male,Two or More Races,70,2023-11-27,04:48:00,33,False,No referral.,Senior,Night,Monday
4311,894-55-1978,Male,Two or More Races,53,2023-06-06,03:20:00,45,False,No referral.,Middle-aged,Night,Tuesday
4312,516-27-3906,Male,Two or More Races,43,2024-01-10,15:24:00,48,False,No referral.,Adult,Evening,Wednesday
4313,759-53-1240,Male,Two or More Races,57,2023-06-07,04:33:00,56,False,No referral.,Older Adult,Night,Wednesday
4314,167-62-7585,Male,Two or More Races,5,2023-06-12,20:05:00,58,False,No referral.,Minor,Evening,Monday
4315,102-73-6494,Male,Two or More Races,65,2024-01-13,22:49:00,59,False,No referral.,Senior,Evening,Saturday
4316,732-58-9090,Male,Two or More Races,75,2023-09-24,08:30:00,13,False,No referral.,Senior,Day,Sunday
4317,669-83-2459,Male,Two or More Races,39,2023-11-07,06:00:00,19,False,No referral.,Adult,Night,Tuesday
4318,571-01-1479,Male,Two or More Races,21,2023-10-08,00:40:00,21,False,No referral.,Young Adult,Night,Sunday
4319,620-46-0049,Male,Two or More Races,79,2023-07-16,04:35:00,34,False,No referral.,Senior,Night,Sunday
4320,469-06-1176,Male,Two or More Races,78,2023-05-20,10:45:00,36,False,No referral.,Senior,Day,Saturday
4321,899-55-1671,Male,Two or More Races,30,2024-01-26,11:33:00,38,False,No referral.,Young Adult,Day,Friday
4322,214-52-9500,Male,Two or More Races,42,2023-08-25,03:12:00,41,False,No referral.,Adult,Night,Friday
4323,157-29-3974,Male,Two or More Races,78,2023-10-17,06:19:00,43,False,No referral.,Senior,Night,Tuesday
4324,531-24-1621,Male,Two or More Races,37,2024-10-19,18:47:00,45,False,No referral.,Adult,Evening,Saturday
4325,765-03-1957,Male,Two or More Races,68,2024-03-27,22:23:00,46,False,No referral.,Senior,Evening,Wednesday
4326,184-28-0688,Male,Two or More Races,21,2024-02-28,17:02:00,55,False,No referral.,Young Adult,Evening,Wednesday
4327,421-11-4250,Male,Two or More Races,53,2024-05-20,05:18:00,23,False,No referral.,Middle-aged,Night,Monday
4328,424-26-5497,Male,Two or More Races,30,2024-05-29,06:35:00,48,False,No referral.,Young Adult,Night,Wednesday
4329,458-85-7700,Male,Two or More Races,28,2024-06-04,01:15:00,54,False,No referral.,Young Adult,Night,Tuesday
4330,416-20-6906,Male,Two or More Races,60,2024-05-08,23:31:00,54,False,No referral.,Older Adult,Night,Wednesday
4331,655-74-2551,Male,Two or More Races,56,2023-02-10,17:22:00,57,False,No referral.,Older Adult,Evening,Friday
4332,690-33-5798,Male,Two or More Races,3,2023-04-05,08:11:00,31,False,No referral.,Minor,Day,Wednesday
4333,111-82-4863,Male,Two or More Races,38,2024-02-26,11:02:00,36,False,No referral.,Adult,Day,Monday
4334,602-01-2917,Male,Two or More Races,4,2023-12-24,09:12:00,41,False,No referral.,Minor,Day,Sunday
4335,133-97-5806,Male,Two or More Races,60,2023-05-18,03:28:00,41,False,No referral.,Older Adult,Night,Thursday
4336,536-63-0892,Male,Two or More Races,22,2024-02-19,00:32:00,46,False,No referral.,Young Adult,Night,Monday
4337,845-50-2469,Male,Two or More Races,55,2023-06-12,00:22:00,47,False,No referral.,Older Adult,Night,Monday
4338,117-05-8303,Male,Two or More Races,45,2024-02-15,00:50:00,50,False,No referral.,Middle-aged,Night,Thursday
4339,101-63-3628,Male,Two or More Races,38,2023-07-29,09:48:00,53,False,No referral.,Adult,Day,Saturday
4340,640-43-6147,Male,Two or More Races,10,2023-01-07,02:35:00,59,False,No referral.,Minor,Night,Saturday
4341,761-86-9283,Male,Two or More Races,53,2023-10-23,08:05:00,59,False,No referral.,Middle-aged,Day,Monday
4342,599-32-7694,Male,Two or More Races,9,2024-04-30,19:40:00,21,False,No referral.,Minor,Evening,Tuesday
4343,488-91-3513,Male,Two or More Races,1,2023-12-25,15:42:00,29,False,No referral.,Minor,Evening,Monday
4344,519-80-5152,Male,Two or More Races,29,2023-07-08,00:28:00,33,False,No referral.,Young Adult,Night,Saturday
4345,381-42-5162,Male,Two or More Races,3,2023-01-06,09:34:00,43,False,No referral.,Minor,Day,Friday
4346,297-23-3279,Male,Two or More Races,63,2023-06-04,18:26:00,44,False,No referral.,Older Adult,Evening,Sunday
4347,185-53-6571,Male,Two or More Races,24,2023-05-13,07:26:00,48,False,No referral.,Young Adult,Day,Saturday
4348,147-93-3011,Male,Two or More Races,47,2024-07-02,22:43:00,53,False,No referral.,Middle-aged,Evening,Tuesday
4349,562-21-4757,Male,Two or More Races,42,2023-12-24,13:53:00,23,False,No referral.,Adult,Day,Sunday
4350,631-71-2348,Male,Two or More Races,8,2023-09-28,07:13:00,33,False,No referral.,Minor,Day,Thursday
4351,875-72-5720,Male,Two or More Races,71,2023-11-22,16:07:00,33,False,No referral.,Senior,Evening,Wednesday
4352,629-65-4881,Male,Two or More Races,20,2024-01-05,03:01:00,38,False,No referral.,Young Adult,Night,Friday
4353,850-22-3610,Male,Two or More Races,53,2023-08-13,22:04:00,43,False,No referral.,Middle-aged,Evening,Sunday
4354,562-91-4704,Male,Two or More Races,44,2024-05-22,07:50:00,45,False,No referral.,Adult,Day,Wednesday
4355,182-39-2715,Male,Two or More Races,23,2023-06-24,02:03:00,57,False,No referral.,Young Adult,Night,Saturday
4356,444-26-8586,Male,Two or More Races,42,2023-06-21,22:13:00,13,False,No referral.,Adult,Evening,Wednesday
4357,192-70-2490,Male,Two or More Races,66,2024-07-18,08:12:00,28,False,No referral.,Senior,Day,Thursday
4358,357-94-8253,Male,Two or More Races,19,2024-07-03,18:28:00,47,False,No referral.,Minor,Evening,Wednesday
4359,544-11-1795,Male,Two or More Races,7,2024-09-15,20:21:00,52,False,No referral.,Minor,Evening,Sunday
4360,231-15-8623,Male,Two or More Races,40,2023-12-21,16:09:00,12,False,No referral.,Adult,Evening,Thursday
4361,404-80-3404,Male,Two or More Races,28,2023-12-24,05:53:00,16,False,No referral.,Young Adult,Night,Sunday
4362,790-73-7064,Male,Two or More Races,41,2024-08-06,04:56:00,22,False,No referral.,Adult,Night,Tuesday
4363,592-72-5027,Male,Two or More Races,8,2024-08-27,00:58:00,36,False,No referral.,Minor,Night,Tuesday
4364,397-02-1176,Male,Two or More Races,34,2023-11-19,21:39:00,39,False,No referral.,Young Adult,Evening,Sunday
4365,259-48-1976,Male,Two or More Races,64,2024-01-02,09:47:00,47,False,No referral.,Older Adult,Day,Tuesday
4366,470-74-4865,Male,Two or More Races,9,2024-01-06,07:47:00,54,False,No referral.,Minor,Day,Saturday
4367,467-53-4353,Male,Two or More Races,55,2024-02-19,23:48:00,55,False,No referral.,Older Adult,Night,Monday
4368,602-75-0217,Male,Two or More Races,72,2023-09-14,19:01:00,28,False,No referral.,Senior,Evening,Thursday
4369,677-98-5643,Male,Two or More Races,71,2024-02-20,21:08:00,38,False,No referral.,Senior,Evening,Tuesday
4370,856-72-6362,Male,Two or More Races,23,2024-06-14,22:48:00,52,False,No referral.,Young Adult,Evening,Friday
4371,131-03-6212,Male,Two or More Races,73,2023-05-13,01:14:00,59,False,No referral.,Senior,Night,Saturday
4372,504-25-5424,Male,Two or More Races,24,2023-01-12,11:05:00,14,False,No referral.,Young Adult,Day,Thursday
4373,578-08-6528,Male,Two or More Races,32,2024-01-05,14:14:00,14,False,No referral.,Young Adult,Day,Friday
4374,498-62-7428,Male,Two or More Races,15,2024-04-04,05:33:00,17,False,No referral.,Minor,Night,Thursday
4375,509-56-3417,Male,Two or More Races,18,2024-10-26,21:45:00,26,False,No referral.,Minor,Evening,Saturday
4376,707-77-5889,Male,Two or More Races,12,2024-06-27,16:00:00,30,False,No referral.,Minor,Evening,Thursday
4377,176-55-4577,Male,Two or More Races,34,2024-02-26,03:54:00,41,False,No referral.,Young Adult,Night,Monday
4378,791-36-7512,Male,Two or More Races,8,2024-01-22,13:02:00,45,False,No referral.,Minor,Day,Monday
4379,336-06-4838,Male,Two or More Races,53,2024-01-21,21:20:00,11,False,No referral.,Middle-aged,Evening,Sunday
4380,170-64-9353,Male,Two or More Races,9,2023-07-04,22:13:00,29,False,No referral.,Minor,Evening,Tuesday
4381,468-13-6713,Male,Two or More Races,21,2023-02-10,07:30:00,29,False,No referral.,Young Adult,Day,Friday
4382,562-75-0518,Male,Two or More Races,32,2024-04-28,13:58:00,43,False,No referral.,Young Adult,Day,Sunday
4383,342-06-3290,Male,Two or More Races,52,2024-06-23,18:41:00,46,False,No referral.,Middle-aged,Evening,Sunday
4384,408-77-1580,Male,Two or More Races,64,2024-10-22,01:57:00,51,False,No referral.,Older Adult,Night,Tuesday
4385,459-94-5715,Male,Two or More Races,5,2024-05-16,00:42:00,55,False,No referral.,Minor,Night,Thursday
4386,548-19-1868,Male,Two or More Races,29,2024-09-20,14:54:00,60,False,No referral.,Young Adult,Day,Friday
4387,616-28-2836,Male,Two or More Races,9,2023-06-07,17:13:00,29,False,No referral.,Minor,Evening,Wednesday
4388,681-47-7161,Male,Two or More Races,30,2023-12-12,19:41:00,32,False,No referral.,Young Adult,Evening,Tuesday
4389,824-26-8292,Male,Two or More Races,63,2024-08-18,03:43:00,36,False,No referral.,Older Adult,Night,Sunday
4390,832-02-4384,Male,Two or More Races,56,2024-11-05,22:25:00,51,False,No referral.,Older Adult,Evening,Tuesday
4391,504-24-1823,Male,Two or More Races,1,2023-09-19,16:50:00,53,False,No referral.,Minor,Evening,Tuesday
4392,647-60-5836,Male,Two or More Races,17,2024-05-29,03:38:00,53,False,No referral.,Minor,Night,Wednesday
4393,693-68-8151,Male,Two or More Races,15,2023-08-25,07:50:00,18,False,No referral.,Minor,Day,Friday
4394,580-96-5293,Male,Two or More Races,19,2023-06-25,23:10:00,21,False,No referral.,Minor,Night,Sunday
4395,121-21-5456,Male,Two or More Races,11,2023-06-28,13:22:00,22,False,No referral.,Minor,Day,Wednesday
4396,242-22-7019,Male,Two or More Races,20,2023-06-17,00:51:00,25,False,No referral.,Young Adult,Night,Saturday
4397,818-21-7805,Male,Two or More Races,36,2024-05-09,16:41:00,30,False,No referral.,Adult,Evening,Thursday
4398,218-25-1042,Male,Two or More Races,77,2023-02-10,18:53:00,36,False,No referral.,Senior,Evening,Friday
4399,553-72-9772,Male,Two or More Races,22,2024-07-28,19:07:00,37,False,No referral.,Young Adult,Evening,Sunday
4400,350-23-6043,Male,Two or More Races,18,2023-01-06,21:12:00,39,False,No referral.,Minor,Evening,Friday
4401,435-97-4500,Male,Two or More Races,6,2024-02-21,02:32:00,48,False,No referral.,Minor,Night,Wednesday
4402,469-17-6711,Male,Two or More Races,33,2023-05-30,05:46:00,51,False,No referral.,Young Adult,Night,Tuesday
4403,380-20-7996,Male,Two or More Races,62,2024-02-03,22:19:00,51,False,No referral.,Older Adult,Evening,Saturday
4404,246-04-5446,Male,Two or More Races,16,2024-05-31,05:39:00,16,False,No referral.,Minor,Night,Friday
4405,176-04-1535,Male,Two or More Races,18,2023-11-07,17:35:00,45,False,No referral.,Minor,Evening,Tuesday
4406,555-84-6544,Male,Two or More Races,71,2024-02-24,10:32:00,53,False,No referral.,Senior,Day,Saturday
4407,457-33-9645,Male,Two or More Races,11,2024-06-13,09:06:00,21,False,No referral.,Minor,Day,Thursday
4408,530-09-7689,Male,Two or More Races,24,2024-05-29,23:07:00,40,False,No referral.,Young Adult,Night,Wednesday
4409,174-30-4861,Male,Two or More Races,45,2024-08-29,04:19:00,11,False,No referral.,Middle-aged,Night,Thursday
4410,617-12-0398,Male,Two or More Races,16,2024-07-23,06:59:00,60,False,No referral.,Minor,Night,Tuesday
4411,163-42-7259,Male,Two or More Races,76,2024-06-10,02:51:00,27,False,No referral.,Senior,Night,Monday
4412,187-97-2013,Male,Two or More Races,65,2024-10-07,06:10:00,47,False,No referral.,Senior,Night,Monday
4413,431-43-7748,Male,Two or More Races,31,2024-09-23,04:42:00,47,False,No referral.,Young Adult,Night,Monday
4414,171-54-6595,Male,Two or More Races,77,2024-06-04,14:11:00,39,False,No referral.,Senior,Day,Tuesday
4415,856-41-7474,Male,Two or More Races,51,2024-04-29,05:44:00,56,False,No referral.,Middle-aged,Night,Monday
4416,790-80-4467,Male,Two or More Races,6,2023-04-20,02:29:00,26,False,No referral.,Minor,Night,Thursday
4417,680-09-8962,Male,Two or More Races,13,2024-01-20,00:38:00,60,False,No referral.,Minor,Night,Saturday
4418,431-94-9771,Male,Two or More Races,54,2024-09-21,21:29:00,26,False,No referral.,Middle-aged,Evening,Saturday
4419,781-05-2472,Male,Two or More Races,32,2023-10-15,21:18:00,41,False,No referral.,Young Adult,Evening,Sunday
4420,514-54-2083,Male,Two or More Races,4,2024-12-03,08:48:00,53,False,No referral.,Minor,Day,Tuesday
4421,539-78-6123,Male,Two or More Races,72,2024-06-25,10:03:00,52,False,No referral.,Senior,Day,Tuesday
4422,674-56-8811,Male,Two or More Races,55,2023-02-05,13:26:00,55,False,No referral.,Older Adult,Day,Sunday
4423,150-50-7478,Male,Two or More Races,59,2023-11-24,02:51:00,33,False,No referral.,Older Adult,Night,Friday
4424,715-04-2060,Male,Two or More Races,3,2023-10-29,16:14:00,30,False,No referral.,Minor,Evening,Sunday
4425,492-48-0459,Male,Two or More Races,12,2023-04-16,00:48:00,15,False,No referral.,Minor,Night,Sunday
4426,402-78-2438,Male,Two or More Races,67,2023-05-23,11:46:00,15,False,No referral.,Senior,Day,Tuesday
4427,425-15-8705,Male,Two or More Races,47,2023-06-24,02:24:00,51,False,No referral.,Middle-aged,Night,Saturday
4428,496-65-4747,Male,Two or More Races,78,2024-03-25,07:49:00,15,False,No referral.,Senior,Day,Monday
4429,758-16-8254,Male,Two or More Races,5,2024-09-14,14:43:00,44,False,No referral.,Minor,Day,Saturday
4430,861-79-7549,Male,Two or More Races,71,2024-07-14,12:51:00,58,False,No referral.,Senior,Day,Sunday
4431,630-69-5811,Male,Two or More Races,25,2023-05-23,21:13:00,24,False,No referral.,Young Adult,Evening,Tuesday
4432,724-10-8138,Male,Two or More Races,45,2023-10-29,04:25:00,50,False,No referral.,Middle-aged,Night,Sunday
4433,112-60-3884,Male,Two or More Races,57,2024-08-27,19:53:00,50,False,No referral.,Older Adult,Evening,Tuesday
4434,296-05-6177,Male,Two or More Races,11,2023-05-06,00:27:00,36,False,No referral.,Minor,Night,Saturday
4435,806-35-1624,Male,Two or More Races,18,2024-03-02,03:22:00,23,False,No referral.,Minor,Night,Saturday
4436,683-75-7436,Male,Two or More Races,73,2023-10-26,23:20:00,53,False,No referral.,Senior,Night,Thursday
4437,793-82-0278,Male,Two or More Races,76,2024-05-22,22:46:00,40,False,No referral.,Senior,Evening,Wednesday
4438,543-31-9504,Male,Two or More Races,69,2024-01-21,13:11:00,15,False,No referral.,Senior,Day,Sunday
4439,571-28-4395,Male,Two or More Races,44,2024-07-03,22:02:00,29,False,No referral.,Adult,Evening,Wednesday
4440,251-44-9574,Male,Two or More Races,44,2024-08-15,22:13:00,33,False,No referral.,Adult,Evening,Thursday
4441,776-02-2598,Male,Two or More Races,42,2024-09-30,16:57:00,41,False,No referral.,Adult,Evening,Monday
4442,754-49-7731,Male,Two or More Races,32,2024-01-17,06:16:00,28,False,No referral.,Young Adult,Night,Wednesday
4443,512-19-6052,Male,Two or More Races,2,2023-09-17,17:21:00,55,False,No referral.,Minor,Evening,Sunday
4444,818-40-2922,Male,Two or More Races,20,2023-11-15,12:11:00,31,False,No referral.,Young Adult,Day,Wednesday
4445,460-51-5878,Male,Two or More Races,58,2024-05-14,13:25:00,10,False,No referral.,Older Adult,Day,Tuesday
4446,493-10-1682,Male,Two or More Races,15,2024-01-02,16:41:00,37,False,No referral.,Minor,Evening,Tuesday
4447,422-64-5062,Male,Two or More Races,71,2023-12-15,14:46:00,15,False,No referral.,Senior,Day,Friday
4448,830-19-4776,Male,Two or More Races,77,2023-07-13,23:05:00,29,False,No referral.,Senior,Night,Thursday
4449,857-69-5508,Male,Two or More Races,15,2023-04-08,01:24:00,55,False,No referral.,Minor,Night,Saturday
4450,476-55-5109,Male,Two or More Races,28,2024-06-01,08:25:00,60,False,No referral.,Young Adult,Day,Saturday
4451,757-23-1659,Male,Two or More Races,17,2024-10-01,15:24:00,47,False,No referral.,Minor,Evening,Tuesday
4452,880-55-7692,Male,Two or More Races,52,2024-03-29,16:19:00,17,False,No referral.,Middle-aged,Evening,Friday
4453,104-76-6945,Male,Two or More Races,56,2024-07-07,06:32:00,13,False,No referral.,Older Adult,Night,Sunday
4454,419-53-5282,Male,Two or More Races,52,2023-10-04,04:38:00,30,False,No referral.,Middle-aged,Night,Wednesday
4455,283-50-3153,Male,Two or More Races,39,2023-06-26,15:44:00,36,False,No referral.,Adult,Evening,Monday
4456,741-46-3329,Male,Two or More Races,18,2024-03-19,03:28:00,47,False,No referral.,Minor,Night,Tuesday
4457,507-87-0166,Male,Two or More Races,2,2024-03-22,17:03:00,14,False,No referral.,Minor,Evening,Friday
4458,715-73-6259,Male,Two or More Races,24,2024-04-02,07:00:00,30,False,Orthopedics,Young Adult,Day,Tuesday
4459,536-83-0771,Male,Two or More Races,16,2023-10-08,13:08:00,55,False,Orthopedics,Minor,Day,Sunday
4460,176-93-9459,Male,Two or More Races,54,2023-05-05,13:59:00,29,False,Orthopedics,Middle-aged,Day,Friday
4461,705-06-3874,Male,Two or More Races,79,2024-08-26,18:23:00,18,False,Orthopedics,Senior,Evening,Monday
4462,848-51-5434,Male,Two or More Races,62,2024-01-14,11:35:00,50,False,Orthopedics,Older Adult,Day,Sunday
4463,152-67-4247,Male,Two or More Races,15,2023-10-25,18:24:00,19,False,Orthopedics,Minor,Evening,Wednesday
4464,871-56-7981,Male,Two or More Races,33,2023-12-04,23:13:00,43,False,Orthopedics,Young Adult,Night,Monday
4465,594-57-8538,Male,Two or More Races,36,2023-11-17,15:45:00,30,False,Orthopedics,Adult,Evening,Friday
4466,644-37-7174,Male,Two or More Races,25,2024-08-08,01:32:00,44,False,Orthopedics,Young Adult,Night,Thursday
4467,776-13-4447,Male,Two or More Races,16,2024-07-30,23:13:00,33,False,Orthopedics,Minor,Night,Tuesday
4468,389-53-3260,Male,Two or More Races,76,2024-10-02,10:19:00,34,False,Orthopedics,Senior,Day,Wednesday
4469,542-46-7781,Male,Two or More Races,66,2023-06-26,13:04:00,19,False,Orthopedics,Senior,Day,Monday
4470,257-30-3026,Male,Two or More Races,62,2023-06-30,02:59:00,47,False,Orthopedics,Older Adult,Night,Friday
4471,427-28-6383,Male,Two or More Races,73,2024-12-05,07:12:00,15,False,Orthopedics,Senior,Day,Thursday
4472,672-75-7086,Male,Two or More Races,55,2024-07-01,11:35:00,56,False,Orthopedics,Older Adult,Day,Monday
4473,433-77-2388,Male,Two or More Races,1,2024-03-03,02:03:00,30,False,Orthopedics,Minor,Night,Sunday
4474,319-25-3554,Male,Two or More Races,38,2023-09-19,21:04:00,60,False,Orthopedics,Adult,Evening,Tuesday
4475,849-30-0675,Male,Two or More Races,35,2024-08-21,04:20:00,15,False,Orthopedics,Adult,Night,Wednesday
4476,488-61-3428,Male,Two or More Races,73,2024-08-01,14:12:00,38,False,Orthopedics,Senior,Day,Thursday
4477,161-62-6037,Male,Two or More Races,38,2023-06-09,18:40:00,48,False,Orthopedics,Adult,Evening,Friday
4478,204-94-7733,Male,Two or More Races,50,2023-11-04,22:55:00,51,False,Orthopedics,Middle-aged,Evening,Saturday
4479,372-50-6699,Male,Two or More Races,41,2024-02-27,16:24:00,48,False,Orthopedics,Adult,Evening,Tuesday
4480,209-23-9967,Male,Two or More Races,66,2023-04-05,16:37:00,16,False,Orthopedics,Senior,Evening,Wednesday
4481,652-27-0238,Male,Two or More Races,64,2023-06-09,22:49:00,35,False,Orthopedics,Older Adult,Evening,Friday
4482,163-72-8040,Male,Two or More Races,54,2023-10-18,11:09:00,47,False,Orthopedics,Middle-aged,Day,Wednesday
4483,531-98-0661,Male,Two or More Races,52,2023-04-07,15:59:00,13,False,Orthopedics,Middle-aged,Evening,Friday
4484,886-10-5724,Male,Two or More Races,13,2023-10-13,05:58:00,24,False,Orthopedics,Minor,Night,Friday
4485,439-17-0103,Male,Two or More Races,78,2023-04-14,01:26:00,10,False,Orthopedics,Senior,Night,Friday
4486,722-78-9494,Male,Two or More Races,51,2024-04-05,23:27:00,60,False,Orthopedics,Middle-aged,Night,Friday
4487,480-93-4605,Male,Two or More Races,24,2024-07-04,23:08:00,44,False,Orthopedics,Young Adult,Night,Thursday
4488,492-80-1890,Male,Two or More Races,47,2023-10-16,20:04:00,15,False,Orthopedics,Middle-aged,Evening,Monday
4489,896-38-1209,Male,Two or More Races,10,2024-03-20,18:30:00,20,False,Orthopedics,Minor,Evening,Wednesday
4490,399-06-7105,Male,Two or More Races,73,2023-09-28,19:09:00,44,False,Physiotherapy,Senior,Evening,Thursday
4491,110-19-5907,Male,Two or More Races,7,2024-07-01,02:56:00,46,False,Physiotherapy,Minor,Night,Monday
4492,433-06-4961,Male,Two or More Races,30,2023-07-19,23:32:00,32,False,Physiotherapy,Young Adult,Night,Wednesday
4493,547-05-3726,Male,Two or More Races,14,2023-04-06,03:07:00,43,False,Physiotherapy,Minor,Night,Thursday
4494,460-31-7684,Male,Two or More Races,73,2024-06-17,08:09:00,29,False,Physiotherapy,Senior,Day,Monday
4495,111-36-1435,Male,Two or More Races,6,2024-04-15,12:27:00,41,False,Physiotherapy,Minor,Day,Monday
4496,877-36-0019,Male,Two or More Races,41,2024-04-29,18:23:00,49,False,Physiotherapy,Adult,Evening,Monday
4497,866-31-3592,Male,Two or More Races,19,2024-07-27,12:53:00,16,False,Physiotherapy,Minor,Day,Saturday
4498,625-05-0578,Male,Two or More Races,63,2023-07-29,21:54:00,27,False,Physiotherapy,Older Adult,Evening,Saturday
4499,496-05-7135,Male,Two or More Races,19,2024-02-20,20:36:00,24,False,Renal,Minor,Evening,Tuesday
4500,618-42-5655,Male,Two or More Races,37,2023-10-22,04:45:00,19,False,Renal,Adult,Night,Sunday
4501,138-04-7377,Male,White,61,2024-09-03,03:07:00,45,False,Cardiology,Older Adult,Night,Tuesday
4502,195-51-1109,Male,White,63,2024-06-30,18:39:00,60,False,Cardiology,Older Adult,Evening,Sunday
4503,860-46-7659,Male,White,56,2023-07-24,08:47:00,37,False,Cardiology,Older Adult,Day,Monday
4504,176-32-3686,Male,White,26,2023-08-04,21:43:00,10,False,Cardiology,Young Adult,Evening,Friday
4505,782-62-9612,Male,White,51,2023-11-17,06:39:00,26,False,Cardiology,Middle-aged,Night,Friday
4506,353-25-3957,Male,White,19,2024-01-01,23:01:00,34,False,Cardiology,Minor,Night,Monday
4507,614-43-7853,Male,White,34,2024-10-04,19:34:00,41,False,Cardiology,Young Adult,Evening,Friday
4508,214-94-6329,Male,White,27,2023-11-21,13:59:00,58,False,Cardiology,Young Adult,Day,Tuesday
4509,380-61-4131,Male,White,64,2023-09-22,19:11:00,14,False,Cardiology,Older Adult,Evening,Friday
4510,773-71-6564,Male,White,79,2023-06-07,23:07:00,32,False,Cardiology,Senior,Night,Wednesday
4511,405-19-7318,Male,White,53,2023-05-19,14:01:00,35,False,Cardiology,Middle-aged,Day,Friday
4512,328-12-4206,Male,White,1,2024-01-10,15:44:00,11,False,Cardiology,Minor,Evening,Wednesday
4513,572-35-3820,Male,White,42,2024-07-22,18:15:00,41,False,Cardiology,Adult,Evening,Monday
4514,193-43-6202,Male,White,79,2023-06-04,02:00:00,13,False,Gastroenterology,Senior,Night,Sunday
4515,290-84-6074,Male,White,79,2024-10-17,02:38:00,50,False,Gastroenterology,Senior,Night,Thursday
4516,228-33-1858,Male,White,46,2024-06-25,18:20:00,60,False,Gastroenterology,Middle-aged,Evening,Tuesday
4517,476-98-6877,Male,White,20,2023-11-16,10:13:00,32,False,Gastroenterology,Young Adult,Day,Thursday
4518,791-80-0710,Male,White,24,2023-08-08,22:39:00,49,False,Gastroenterology,Young Adult,Evening,Tuesday
4519,232-46-5874,Male,White,39,2024-01-03,10:15:00,37,False,Gastroenterology,Adult,Day,Wednesday
4520,472-84-3017,Male,White,18,2024-05-27,00:33:00,45,False,Gastroenterology,Minor,Night,Monday
4521,156-79-3301,Male,White,33,2024-09-14,18:45:00,14,False,Gastroenterology,Young Adult,Evening,Saturday
4522,393-93-3535,Male,White,38,2023-12-25,16:28:00,56,False,Gastroenterology,Adult,Evening,Monday
4523,688-25-2615,Male,White,44,2024-12-09,10:47:00,33,False,General Practice,Adult,Day,Monday
4524,820-83-9876,Male,White,62,2024-10-03,22:11:00,33,False,General Practice,Older Adult,Evening,Thursday
4525,884-57-5845,Male,White,8,2024-02-28,10:41:00,39,False,General Practice,Minor,Day,Wednesday
4526,442-19-3458,Male,White,26,2023-10-25,08:45:00,16,False,General Practice,Young Adult,Day,Wednesday
4527,679-06-4862,Male,White,39,2023-09-07,10:33:00,58,False,General Practice,Adult,Day,Thursday
4528,871-63-8322,Male,White,74,2024-12-09,21:12:00,10,False,General Practice,Senior,Evening,Monday
4529,192-73-1375,Male,White,32,2024-04-19,15:15:00,15,False,General Practice,Young Adult,Evening,Friday
4530,480-83-8725,Male,White,1,2024-12-01,18:01:00,25,False,General Practice,Minor,Evening,Sunday
4531,710-62-3265,Male,White,48,2023-06-18,12:46:00,26,False,General Practice,Middle-aged,Day,Sunday
4532,873-71-0439,Male,White,1,2024-02-14,04:32:00,54,False,General Practice,Minor,Night,Wednesday
4533,454-11-9188,Male,White,73,2024-06-17,10:22:00,24,False,General Practice,Senior,Day,Monday
4534,737-43-6461,Male,White,19,2024-04-03,01:40:00,39,False,General Practice,Minor,Night,Wednesday
4535,744-75-4100,Male,White,25,2024-05-07,02:15:00,11,False,General Practice,Young Adult,Night,Tuesday
4536,730-17-0598,Male,White,15,2024-06-19,11:20:00,12,False,General Practice,Minor,Day,Wednesday
4537,789-85-5518,Male,White,56,2024-07-20,08:32:00,14,False,General Practice,Older Adult,Day,Saturday
4538,562-52-4808,Male,White,54,2024-08-24,02:08:00,21,False,General Practice,Middle-aged,Night,Saturday
4539,585-41-4703,Male,White,58,2024-01-31,10:37:00,25,False,General Practice,Older Adult,Day,Wednesday
4540,506-64-0596,Male,White,18,2024-12-07,02:58:00,48,False,General Practice,Minor,Night,Saturday
4541,625-63-4515,Male,White,57,2023-12-21,20:26:00,52,False,General Practice,Older Adult,Evening,Thursday
4542,455-48-1591,Male,White,78,2024-06-03,23:27:00,10,False,General Practice,Senior,Night,Monday
4543,834-85-5897,Male,White,38,2023-12-19,18:15:00,20,False,General Practice,Adult,Evening,Tuesday
4544,759-80-0475,Male,White,51,2024-11-05,21:50:00,27,False,General Practice,Middle-aged,Evening,Tuesday
4545,234-08-8186,Male,White,14,2024-04-30,22:57:00,32,False,General Practice,Minor,Evening,Tuesday
4546,725-56-0226,Male,White,47,2024-01-17,09:51:00,35,False,General Practice,Middle-aged,Day,Wednesday
4547,605-04-8828,Male,White,41,2024-04-04,21:48:00,38,False,General Practice,Adult,Evening,Thursday
4548,639-36-5043,Male,White,68,2023-08-04,12:04:00,22,False,General Practice,Senior,Day,Friday
4549,138-52-2171,Male,White,77,2024-03-28,12:57:00,31,False,General Practice,Senior,Day,Thursday
4550,293-76-2040,Male,White,26,2024-11-04,01:26:00,22,False,General Practice,Young Adult,Night,Monday
4551,248-98-7235,Male,White,21,2023-08-23,16:41:00,15,False,General Practice,Young Adult,Evening,Wednesday
4552,496-05-4044,Male,White,64,2024-03-21,13:43:00,23,False,General Practice,Older Adult,Day,Thursday
4553,811-13-0849,Male,White,1,2023-05-29,08:00:00,25,False,General Practice,Minor,Day,Monday
4554,335-09-3012,Male,White,56,2024-04-28,18:22:00,53,False,General Practice,Older Adult,Evening,Sunday
4555,427-80-9934,Male,White,50,2023-10-13,12:27:00,58,False,General Practice,Middle-aged,Day,Friday
4556,844-39-7915,Male,White,71,2024-11-04,05:42:00,39,False,General Practice,Senior,Night,Monday
4557,496-11-6286,Male,White,15,2023-07-20,16:29:00,34,False,General Practice,Minor,Evening,Thursday
4558,571-85-3714,Male,White,75,2024-09-09,00:14:00,16,False,General Practice,Senior,Night,Monday
4559,533-29-8111,Male,White,26,2023-04-18,23:12:00,29,False,General Practice,Young Adult,Night,Tuesday
4560,893-31-0684,Male,White,27,2024-07-26,16:31:00,48,False,General Practice,Young Adult,Evening,Friday
4561,413-75-7208,Male,White,21,2023-02-06,20:09:00,36,False,General Practice,Young Adult,Evening,Monday
4562,712-44-5959,Male,White,5,2023-11-09,21:15:00,41,False,General Practice,Minor,Evening,Thursday
4563,659-98-9321,Male,White,11,2024-01-09,23:34:00,47,False,General Practice,Minor,Night,Tuesday
4564,177-46-1546,Male,White,44,2023-10-25,22:08:00,50,False,General Practice,Adult,Evening,Wednesday
4565,785-28-4887,Male,White,40,2023-04-25,23:01:00,12,False,General Practice,Adult,Night,Tuesday
4566,104-94-3544,Male,White,18,2023-08-25,18:43:00,47,False,General Practice,Minor,Evening,Friday
4567,548-40-3880,Male,White,45,2024-02-09,20:36:00,53,False,General Practice,Middle-aged,Evening,Friday
4568,641-33-6740,Male,White,54,2024-01-21,16:52:00,15,False,General Practice,Middle-aged,Evening,Sunday
4569,727-93-0292,Male,White,74,2024-07-04,00:32:00,32,False,General Practice,Senior,Night,Thursday
4570,699-89-5729,Male,White,62,2024-07-31,19:34:00,40,False,General Practice,Older Adult,Evening,Wednesday
4571,201-34-0312,Male,White,34,2023-03-08,00:37:00,49,False,General Practice,Young Adult,Night,Wednesday
4572,252-57-4638,Male,White,41,2023-08-08,03:50:00,54,False,General Practice,Adult,Night,Tuesday
4573,618-82-3874,Male,White,31,2024-09-16,03:12:00,57,False,General Practice,Young Adult,Night,Monday
4574,661-74-3185,Male,White,75,2023-09-22,18:46:00,14,False,General Practice,Senior,Evening,Friday
4575,509-72-7679,Male,White,16,2024-06-16,07:48:00,17,False,General Practice,Minor,Day,Sunday
4576,763-23-4635,Male,White,5,2024-05-04,18:13:00,19,False,General Practice,Minor,Evening,Saturday
4577,435-27-7132,Male,White,61,2023-05-22,00:55:00,30,False,General Practice,Older Adult,Night,Monday
4578,625-57-1785,Male,White,26,2023-07-12,13:36:00,40,False,General Practice,Young Adult,Day,Wednesday
4579,707-25-6349,Male,White,40,2023-05-17,00:37:00,49,False,General Practice,Adult,Night,Wednesday
4580,693-28-8846,Male,White,63,2023-04-30,08:43:00,53,False,General Practice,Older Adult,Day,Sunday
4581,660-87-6404,Male,White,33,2024-11-02,18:11:00,24,False,General Practice,Young Adult,Evening,Saturday
4582,227-50-8036,Male,White,58,2024-01-09,16:58:00,56,False,General Practice,Older Adult,Evening,Tuesday
4583,853-54-6536,Male,White,74,2023-03-06,05:32:00,14,False,General Practice,Senior,Night,Monday
4584,127-97-8438,Male,White,72,2023-04-22,02:07:00,21,False,General Practice,Senior,Night,Saturday
4585,590-93-6696,Male,White,24,2023-10-28,23:37:00,27,False,General Practice,Young Adult,Night,Saturday
4586,213-89-6553,Male,White,1,2024-08-25,16:05:00,38,False,General Practice,Minor,Evening,Sunday
4587,846-85-3469,Male,White,4,2024-07-26,07:16:00,53,False,General Practice,Minor,Day,Friday
4588,782-31-2439,Male,White,71,2024-05-23,14:01:00,22,False,General Practice,Senior,Day,Thursday
4589,473-69-8282,Male,White,63,2024-04-25,15:36:00,29,False,General Practice,Older Adult,Evening,Thursday
4590,844-04-7131,Male,White,47,2024-01-29,13:00:00,47,False,General Practice,Middle-aged,Day,Monday
4591,597-69-6388,Male,White,53,2023-05-12,21:59:00,15,False,General Practice,Middle-aged,Evening,Friday
4592,587-94-0306,Male,White,76,2023-06-23,21:11:00,31,False,General Practice,Senior,Evening,Friday
4593,353-99-9075,Male,White,75,2023-06-20,02:18:00,50,False,General Practice,Senior,Night,Tuesday
4594,694-38-9846,Male,White,68,2023-10-20,11:30:00,10,False,General Practice,Senior,Day,Friday
4595,735-56-2510,Male,White,9,2023-04-08,11:55:00,39,False,General Practice,Minor,Day,Saturday
4596,774-89-5184,Male,White,6,2024-11-01,10:34:00,44,False,General Practice,Minor,Day,Friday
4597,868-57-6762,Male,White,65,2023-12-11,16:31:00,56,False,General Practice,Senior,Evening,Monday
4598,629-68-4241,Male,White,49,2023-06-15,08:30:00,13,False,General Practice,Middle-aged,Day,Thursday
4599,851-72-1676,Male,White,74,2024-12-07,12:30:00,14,False,General Practice,Senior,Day,Saturday
4600,767-63-9719,Male,White,7,2024-01-21,03:35:00,33,False,General Practice,Minor,Night,Sunday
4601,769-72-8314,Male,White,43,2024-10-14,12:22:00,36,False,General Practice,Adult,Day,Monday
4602,433-35-8228,Male,White,38,2023-03-12,01:22:00,39,False,General Practice,Adult,Night,Sunday
4603,230-72-4802,Male,White,27,2023-09-10,08:31:00,14,False,General Practice,Young Adult,Day,Sunday
4604,728-26-6726,Male,White,66,2024-06-14,19:31:00,21,False,General Practice,Senior,Evening,Friday
4605,530-19-6308,Male,White,24,2023-05-27,11:08:00,27,False,General Practice,Young Adult,Day,Saturday
4606,624-24-6189,Male,White,41,2024-09-13,18:07:00,27,False,General Practice,Adult,Evening,Friday
4607,141-51-5635,Male,White,63,2023-07-17,15:23:00,31,False,General Practice,Older Adult,Evening,Monday
4608,505-95-5668,Male,White,74,2023-04-22,22:42:00,58,False,General Practice,Senior,Evening,Saturday
4609,608-49-9277,Male,White,32,2024-08-10,04:36:00,20,False,General Practice,Young Adult,Night,Saturday
4610,573-40-2464,Male,White,77,2023-10-24,23:16:00,21,False,General Practice,Senior,Night,Tuesday
4611,411-18-9512,Male,White,66,2023-12-23,08:03:00,23,False,General Practice,Senior,Day,Saturday
4612,732-12-0603,Male,White,18,2023-04-17,22:50:00,48,False,General Practice,Minor,Evening,Monday
4613,595-86-7693,Male,White,74,2023-11-06,15:12:00,57,False,General Practice,Senior,Evening,Monday
4614,588-72-2524,Male,White,1,2024-07-16,10:26:00,58,False,General Practice,Minor,Day,Tuesday
4615,658-71-6172,Male,White,32,2023-08-23,23:21:00,33,False,General Practice,Young Adult,Night,Wednesday
4616,340-71-1290,Male,White,43,2024-02-01,20:14:00,41,False,General Practice,Adult,Evening,Thursday
4617,170-60-7747,Male,White,31,2023-01-04,13:25:00,56,False,General Practice,Young Adult,Day,Wednesday
4618,146-77-1591,Male,White,46,2024-02-15,22:04:00,31,False,General Practice,Middle-aged,Evening,Thursday
4619,203-04-2783,Male,White,50,2023-10-21,21:51:00,42,False,General Practice,Middle-aged,Evening,Saturday
4620,883-68-7233,Male,White,55,2024-02-05,13:01:00,25,False,General Practice,Older Adult,Day,Monday
4621,470-99-9429,Male,White,68,2023-04-05,06:38:00,25,False,General Practice,Senior,Night,Wednesday
4622,204-42-0922,Male,White,68,2024-01-10,18:46:00,56,False,General Practice,Senior,Evening,Wednesday
4623,702-24-7897,Male,White,73,2024-01-29,12:11:00,28,False,General Practice,Senior,Day,Monday
4624,323-59-6278,Male,White,13,2023-11-20,20:09:00,53,False,General Practice,Minor,Evening,Monday
4625,760-71-3160,Male,White,18,2023-11-09,09:53:00,20,False,General Practice,Minor,Day,Thursday
4626,267-31-9051,Male,White,73,2024-08-17,12:51:00,53,False,General Practice,Senior,Day,Saturday
4627,898-96-3786,Male,White,14,2023-06-24,05:05:00,57,False,General Practice,Minor,Night,Saturday
4628,430-78-4586,Male,White,3,2023-04-14,13:00:00,54,False,General Practice,Minor,Day,Friday
4629,135-61-7666,Male,White,78,2024-07-02,22:20:00,59,False,General Practice,Senior,Evening,Tuesday
4630,571-52-7559,Male,White,22,2024-01-14,23:05:00,32,False,General Practice,Young Adult,Night,Sunday
4631,203-83-9332,Male,White,24,2023-03-09,12:21:00,57,False,General Practice,Young Adult,Day,Thursday
4632,276-56-0604,Male,White,34,2024-10-02,23:28:00,55,False,General Practice,Young Adult,Night,Wednesday
4633,570-69-8864,Male,White,39,2023-12-08,05:29:00,29,False,General Practice,Adult,Night,Friday
4634,325-33-5772,Male,White,45,2024-10-27,21:57:00,12,False,General Practice,Middle-aged,Evening,Sunday
4635,679-54-4775,Male,White,78,2024-08-07,10:06:00,35,False,General Practice,Senior,Day,Wednesday
4636,848-12-7424,Male,White,11,2023-05-26,23:23:00,23,False,General Practice,Minor,Night,Friday
4637,894-88-8079,Male,White,29,2023-10-24,10:13:00,39,False,General Practice,Young Adult,Day,Tuesday
4638,681-33-8999,Male,White,71,2023-11-27,21:22:00,51,False,General Practice,Senior,Evening,Monday
4639,285-78-6419,Male,White,69,2024-03-31,20:09:00,17,False,General Practice,Senior,Evening,Sunday
4640,160-05-9410,Male,White,7,2023-02-08,06:38:00,44,False,Neurology,Minor,Night,Wednesday
4641,621-27-7002,Male,White,59,2023-07-11,04:52:00,31,False,Neurology,Older Adult,Night,Tuesday
4642,350-75-4511,Male,White,10,2023-10-07,13:28:00,52,False,Neurology,Minor,Day,Saturday
4643,222-85-6440,Male,White,35,2023-10-04,09:45:00,34,False,Neurology,Adult,Day,Wednesday
4644,367-62-9249,Male,White,18,2024-06-09,23:22:00,53,False,Neurology,Minor,Night,Sunday
4645,140-55-8447,Male,White,3,2024-05-18,10:22:00,53,False,Neurology,Minor,Day,Saturday
4646,707-68-7512,Male,White,33,2024-08-22,15:34:00,18,False,Neurology,Young Adult,Evening,Thursday
4647,393-06-6114,Male,White,40,2024-12-06,05:09:00,39,False,Neurology,Adult,Night,Friday
4648,678-19-2895,Male,White,39,2024-02-05,17:51:00,15,False,Neurology,Adult,Evening,Monday
4649,550-59-7164,Male,White,69,2024-05-25,21:52:00,19,False,No referral.,Senior,Evening,Saturday
4650,176-91-4008,Male,White,15,2024-06-23,04:55:00,37,False,No referral.,Minor,Night,Sunday
4651,263-48-3682,Male,White,18,2023-08-15,20:51:00,37,False,No referral.,Minor,Evening,Tuesday
4652,516-65-1011,Male,White,38,2024-10-22,22:47:00,40,False,No referral.,Adult,Evening,Tuesday
4653,560-89-7239,Male,White,48,2023-04-06,14:20:00,44,False,No referral.,Middle-aged,Day,Thursday
4654,299-03-0225,Male,White,20,2024-04-27,16:08:00,46,False,No referral.,Young Adult,Evening,Saturday
4655,136-93-5822,Male,White,63,2023-09-29,15:50:00,55,False,No referral.,Older Adult,Evening,Friday
4656,661-86-2616,Male,White,12,2023-05-23,23:16:00,57,False,No referral.,Minor,Night,Tuesday
4657,314-94-6078,Male,White,14,2023-08-11,03:13:00,57,False,No referral.,Minor,Night,Friday
4658,353-33-5380,Male,White,70,2023-12-17,10:54:00,58,False,No referral.,Senior,Day,Sunday
4659,546-52-9716,Male,White,55,2024-08-01,23:03:00,21,False,No referral.,Older Adult,Night,Thursday
4660,188-84-9362,Male,White,16,2024-05-29,15:58:00,29,False,No referral.,Minor,Evening,Wednesday
4661,552-97-7824,Male,White,67,2024-10-18,23:57:00,33,False,No referral.,Senior,Night,Friday
4662,437-40-4631,Male,White,4,2024-10-18,10:48:00,38,False,No referral.,Minor,Day,Friday
4663,547-45-4774,Male,White,25,2024-11-01,08:01:00,49,False,No referral.,Young Adult,Day,Friday
4664,105-50-4871,Male,White,71,2023-09-11,18:36:00,52,False,No referral.,Senior,Evening,Monday
4665,270-19-6893,Male,White,21,2023-03-04,18:32:00,54,False,No referral.,Young Adult,Evening,Saturday
4666,620-23-8298,Male,White,25,2023-01-11,09:52:00,58,False,No referral.,Young Adult,Day,Wednesday
4667,735-55-8837,Male,White,36,2023-01-06,03:12:00,37,False,No referral.,Adult,Night,Friday
4668,760-24-8347,Male,White,17,2024-10-20,11:56:00,46,False,No referral.,Minor,Day,Sunday
4669,146-29-4419,Male,White,66,2024-05-24,14:36:00,48,False,No referral.,Senior,Day,Friday
4670,276-65-2584,Male,White,78,2024-07-10,12:18:00,56,False,No referral.,Senior,Day,Wednesday
4671,860-91-3089,Male,White,71,2024-01-14,01:04:00,60,False,No referral.,Senior,Night,Sunday
4672,234-16-7761,Male,White,52,2024-10-21,21:35:00,13,False,No referral.,Middle-aged,Evening,Monday
4673,680-20-7790,Male,White,74,2024-04-28,23:58:00,14,False,No referral.,Senior,Night,Sunday
4674,719-64-1635,Male,White,18,2023-12-07,12:16:00,15,False,No referral.,Minor,Day,Thursday
4675,430-81-2099,Male,White,43,2023-10-06,20:14:00,20,False,No referral.,Adult,Evening,Friday
4676,673-15-3561,Male,White,15,2024-05-07,14:26:00,22,False,No referral.,Minor,Day,Tuesday
4677,627-25-0591,Male,White,54,2023-07-14,11:06:00,23,False,No referral.,Middle-aged,Day,Friday
4678,322-25-9678,Male,White,53,2024-02-24,21:50:00,27,False,No referral.,Middle-aged,Evening,Saturday
4679,300-57-0346,Male,White,17,2023-12-08,16:56:00,29,False,No referral.,Minor,Evening,Friday
4680,446-57-0814,Male,White,50,2023-10-18,07:48:00,29,False,No referral.,Middle-aged,Day,Wednesday
4681,830-03-8674,Male,White,14,2024-04-20,23:40:00,41,False,No referral.,Minor,Night,Saturday
4682,261-41-3006,Male,White,50,2024-01-16,15:09:00,47,False,No referral.,Middle-aged,Evening,Tuesday
4683,850-52-6715,Male,White,41,2024-10-28,03:12:00,50,False,No referral.,Adult,Night,Monday
4684,331-34-8927,Male,White,27,2024-06-25,16:46:00,59,False,No referral.,Young Adult,Evening,Tuesday
4685,220-02-8548,Male,White,50,2023-12-14,17:09:00,10,False,No referral.,Middle-aged,Evening,Thursday
4686,329-89-5170,Male,White,62,2024-09-21,14:49:00,15,False,No referral.,Older Adult,Day,Saturday
4687,607-76-9368,Male,White,41,2024-03-05,18:27:00,16,False,No referral.,Adult,Evening,Tuesday
4688,636-38-5841,Male,White,46,2024-03-03,05:11:00,23,False,No referral.,Middle-aged,Night,Sunday
4689,826-05-1245,Male,White,67,2024-03-15,22:11:00,23,False,No referral.,Senior,Evening,Friday
4690,260-99-9033,Male,White,73,2024-05-20,10:33:00,30,False,No referral.,Senior,Day,Monday
4691,869-82-8816,Male,White,49,2024-08-25,04:36:00,33,False,No referral.,Middle-aged,Night,Sunday
4692,625-11-3614,Male,White,68,2024-06-01,08:24:00,41,False,No referral.,Senior,Day,Saturday
4693,344-19-5332,Male,White,11,2024-06-09,11:19:00,43,False,No referral.,Minor,Day,Sunday
4694,840-93-3146,Male,White,21,2023-04-28,19:34:00,49,False,No referral.,Young Adult,Evening,Friday
4695,192-35-0491,Male,White,43,2023-06-28,15:39:00,16,False,No referral.,Adult,Evening,Wednesday
4696,781-45-2775,Male,White,24,2023-05-07,20:02:00,20,False,No referral.,Young Adult,Evening,Sunday
4697,274-24-7640,Male,White,39,2024-04-21,00:16:00,29,False,No referral.,Adult,Night,Sunday
4698,428-71-5740,Male,White,73,2023-01-07,07:29:00,34,False,No referral.,Senior,Day,Saturday
4699,201-10-9557,Male,White,69,2023-04-17,21:53:00,36,False,No referral.,Senior,Evening,Monday
4700,439-52-0309,Male,White,30,2023-01-05,00:29:00,37,False,No referral.,Young Adult,Night,Thursday
4701,284-76-1097,Male,White,76,2023-05-08,07:28:00,39,False,No referral.,Senior,Day,Monday
4702,642-24-2097,Male,White,54,2024-05-20,03:10:00,40,False,No referral.,Middle-aged,Night,Monday
4703,729-09-1173,Male,White,25,2023-08-06,03:02:00,45,False,No referral.,Young Adult,Night,Sunday
4704,229-64-6626,Male,White,72,2024-01-08,16:25:00,46,False,No referral.,Senior,Evening,Monday
4705,740-90-4651,Male,White,56,2024-01-08,16:27:00,47,False,No referral.,Older Adult,Evening,Monday
4706,792-14-4393,Male,White,36,2024-02-09,14:57:00,50,False,No referral.,Adult,Day,Friday
4707,602-08-6121,Male,White,38,2023-07-11,05:28:00,50,False,No referral.,Adult,Night,Tuesday
4708,362-55-7521,Male,White,77,2024-06-13,18:16:00,50,False,No referral.,Senior,Evening,Thursday
4709,519-94-5552,Male,White,10,2024-02-23,16:29:00,55,False,No referral.,Minor,Evening,Friday
4710,599-01-3259,Male,White,27,2023-09-28,13:02:00,55,False,No referral.,Young Adult,Day,Thursday
4711,654-56-7769,Male,White,29,2024-07-19,06:36:00,56,False,No referral.,Young Adult,Night,Friday
4712,295-23-8245,Male,White,69,2023-12-31,21:01:00,11,False,No referral.,Senior,Evening,Sunday
4713,507-03-0083,Male,White,79,2023-10-16,17:57:00,22,False,No referral.,Senior,Evening,Monday
4714,856-44-7824,Male,White,63,2024-04-18,04:42:00,25,False,No referral.,Older Adult,Night,Thursday
4715,819-96-9508,Male,White,71,2023-12-15,14:28:00,40,False,No referral.,Senior,Day,Friday
4716,781-68-2465,Male,White,26,2024-10-20,02:47:00,47,False,No referral.,Young Adult,Night,Sunday
4717,274-29-8312,Male,White,73,2023-12-04,21:45:00,47,False,No referral.,Senior,Evening,Monday
4718,126-71-8708,Male,White,58,2024-04-23,20:42:00,49,False,No referral.,Older Adult,Evening,Tuesday
4719,557-63-9631,Male,White,55,2024-06-13,04:34:00,51,False,No referral.,Older Adult,Night,Thursday
4720,654-95-2156,Male,White,59,2023-09-14,11:31:00,57,False,No referral.,Older Adult,Day,Thursday
4721,871-05-6285,Male,White,64,2024-04-18,06:58:00,59,False,No referral.,Older Adult,Night,Thursday
4722,593-23-5909,Male,White,68,2023-07-27,13:30:00,59,False,No referral.,Senior,Day,Thursday
4723,281-13-9122,Male,White,74,2023-10-22,21:20:00,59,False,No referral.,Senior,Evening,Sunday
4724,507-62-7126,Male,White,15,2023-05-28,12:37:00,11,False,No referral.,Minor,Day,Sunday
4725,575-11-3097,Male,White,75,2023-08-28,19:33:00,11,False,No referral.,Senior,Evening,Monday
4726,314-07-4648,Male,White,68,2023-12-08,00:09:00,18,False,No referral.,Senior,Night,Friday
4727,452-25-4626,Male,White,53,2024-10-20,09:51:00,22,False,No referral.,Middle-aged,Day,Sunday
4728,640-10-5390,Male,White,45,2024-05-20,06:02:00,31,False,No referral.,Middle-aged,Night,Monday
4729,222-74-5629,Male,White,31,2023-05-22,09:04:00,42,False,No referral.,Young Adult,Day,Monday
4730,238-98-0679,Male,White,56,2024-04-04,17:23:00,46,False,No referral.,Older Adult,Evening,Thursday
4731,103-81-2792,Male,White,73,2024-10-30,23:44:00,51,False,No referral.,Senior,Night,Wednesday
4732,346-71-7552,Male,White,56,2024-02-03,07:45:00,55,False,No referral.,Older Adult,Day,Saturday
4733,775-05-5919,Male,White,17,2024-03-25,15:25:00,57,False,No referral.,Minor,Evening,Monday
4734,291-44-0132,Male,White,27,2023-07-11,05:34:00,12,False,No referral.,Young Adult,Night,Tuesday
4735,737-84-1709,Male,White,61,2023-01-05,12:20:00,14,False,No referral.,Older Adult,Day,Thursday
4736,298-96-3551,Male,White,22,2023-12-26,13:27:00,16,False,No referral.,Young Adult,Day,Tuesday
4737,322-65-2690,Male,White,47,2024-08-17,11:24:00,23,False,No referral.,Middle-aged,Day,Saturday
4738,500-96-0933,Male,White,10,2023-05-31,00:27:00,28,False,No referral.,Minor,Night,Wednesday
4739,358-62-9394,Male,White,11,2023-02-08,20:33:00,32,False,No referral.,Minor,Evening,Wednesday
4740,164-49-8624,Male,White,25,2023-01-12,18:22:00,32,False,No referral.,Young Adult,Evening,Thursday
4741,661-12-9006,Male,White,73,2024-06-21,15:04:00,32,False,No referral.,Senior,Evening,Friday
4742,788-50-6371,Male,White,9,2024-01-07,08:15:00,34,False,No referral.,Minor,Day,Sunday
4743,714-85-9231,Male,White,72,2024-04-22,03:17:00,34,False,No referral.,Senior,Night,Monday
4744,426-39-1493,Male,White,9,2024-08-06,15:29:00,36,False,No referral.,Minor,Evening,Tuesday
4745,699-42-8804,Male,White,49,2024-06-15,20:04:00,49,False,No referral.,Middle-aged,Evening,Saturday
4746,376-81-5705,Male,White,21,2023-10-18,22:34:00,53,False,No referral.,Young Adult,Evening,Wednesday
4747,507-81-5352,Male,White,7,2024-01-16,06:44:00,10,False,No referral.,Minor,Night,Tuesday
4748,516-57-1396,Male,White,48,2024-09-01,08:24:00,11,False,No referral.,Middle-aged,Day,Sunday
4749,467-76-2120,Male,White,21,2024-07-29,12:09:00,12,False,No referral.,Young Adult,Day,Monday
4750,464-58-0449,Male,White,3,2023-06-12,23:25:00,14,False,No referral.,Minor,Night,Monday
4751,177-54-8118,Male,White,73,2023-07-24,15:47:00,35,False,No referral.,Senior,Evening,Monday
4752,733-04-5324,Male,White,25,2023-01-07,12:16:00,38,False,No referral.,Young Adult,Day,Saturday
4753,738-98-5900,Male,White,31,2024-02-25,10:55:00,38,False,No referral.,Young Adult,Day,Sunday
4754,379-30-7250,Male,White,48,2024-01-31,02:25:00,47,False,No referral.,Middle-aged,Night,Wednesday
4755,727-12-3250,Male,White,14,2023-12-20,04:47:00,17,False,No referral.,Minor,Night,Wednesday
4756,201-47-2627,Male,White,31,2024-03-31,20:13:00,35,False,No referral.,Young Adult,Evening,Sunday
4757,181-27-3015,Male,White,75,2024-01-23,03:16:00,36,False,No referral.,Senior,Night,Tuesday
4758,525-09-7165,Male,White,65,2023-10-28,05:53:00,44,False,No referral.,Senior,Night,Saturday
4759,843-80-4343,Male,White,28,2024-03-03,15:52:00,50,False,No referral.,Young Adult,Evening,Sunday
4760,250-74-5502,Male,White,22,2023-11-18,21:34:00,59,False,No referral.,Young Adult,Evening,Saturday
4761,327-41-8014,Male,White,21,2024-04-22,10:30:00,15,False,No referral.,Young Adult,Day,Monday
4762,858-03-5171,Male,White,36,2024-01-08,23:42:00,26,False,No referral.,Adult,Night,Monday
4763,677-89-7468,Male,White,67,2023-08-26,20:12:00,27,False,No referral.,Senior,Evening,Saturday
4764,829-79-9655,Male,White,4,2024-04-03,20:36:00,32,False,No referral.,Minor,Evening,Wednesday
4765,621-31-9795,Male,White,75,2023-09-13,04:01:00,38,False,No referral.,Senior,Night,Wednesday
4766,758-02-1523,Male,White,9,2024-07-23,19:44:00,40,False,No referral.,Minor,Evening,Tuesday
4767,223-46-4550,Male,White,39,2023-10-20,09:37:00,41,False,No referral.,Adult,Day,Friday
4768,847-72-5654,Male,White,37,2023-06-05,22:01:00,49,False,No referral.,Adult,Evening,Monday
4769,154-48-7665,Male,White,65,2024-06-28,09:05:00,57,False,No referral.,Senior,Day,Friday
4770,337-38-8786,Male,White,72,2023-07-16,18:27:00,60,False,No referral.,Senior,Evening,Sunday
4771,503-09-9421,Male,White,79,2023-11-10,11:17:00,60,False,No referral.,Senior,Day,Friday
4772,616-52-5618,Male,White,72,2023-07-14,21:48:00,30,False,No referral.,Senior,Evening,Friday
4773,522-22-0709,Male,White,41,2024-03-27,21:18:00,32,False,No referral.,Adult,Evening,Wednesday
4774,870-05-2895,Male,White,16,2024-06-10,10:44:00,36,False,No referral.,Minor,Day,Monday
4775,652-95-2118,Male,White,15,2023-10-23,22:58:00,44,False,No referral.,Minor,Evening,Monday
4776,449-82-3256,Male,White,39,2024-12-07,18:23:00,49,False,No referral.,Adult,Evening,Saturday
4777,751-60-7992,Male,White,48,2023-07-17,13:09:00,49,False,No referral.,Middle-aged,Day,Monday
4778,452-78-5855,Male,White,74,2023-05-07,01:48:00,28,False,No referral.,Senior,Night,Sunday
4779,119-47-0197,Male,White,49,2023-04-04,08:35:00,37,False,No referral.,Middle-aged,Day,Tuesday
4780,833-79-7494,Male,White,72,2023-11-25,12:29:00,40,False,No referral.,Senior,Day,Saturday
4781,394-95-1221,Male,White,67,2023-12-19,13:30:00,47,False,No referral.,Senior,Day,Tuesday
4782,290-91-2994,Male,White,13,2024-01-24,11:47:00,52,False,No referral.,Minor,Day,Wednesday
4783,732-13-8882,Male,White,28,2023-11-15,05:29:00,58,False,No referral.,Young Adult,Night,Wednesday
4784,718-76-3741,Male,White,24,2023-09-29,20:29:00,26,False,No referral.,Young Adult,Evening,Friday
4785,284-54-0844,Male,White,6,2024-10-29,07:18:00,30,False,No referral.,Minor,Day,Tuesday
4786,663-53-8750,Male,White,4,2023-05-09,04:23:00,32,False,No referral.,Minor,Night,Tuesday
4787,709-15-6535,Male,White,68,2024-12-03,16:19:00,33,False,No referral.,Senior,Evening,Tuesday
4788,795-97-9054,Male,White,26,2023-05-18,02:24:00,34,False,No referral.,Young Adult,Night,Thursday
4789,219-43-4614,Male,White,77,2024-03-20,14:56:00,42,False,No referral.,Senior,Day,Wednesday
4790,522-18-4466,Male,White,31,2023-10-13,11:40:00,60,False,No referral.,Young Adult,Day,Friday
4791,283-38-8264,Male,White,28,2024-06-23,10:53:00,18,False,No referral.,Young Adult,Day,Sunday
4792,750-19-2024,Male,White,63,2024-02-06,13:07:00,20,False,No referral.,Older Adult,Day,Tuesday
4793,111-62-1484,Male,White,20,2024-03-16,22:09:00,41,False,No referral.,Young Adult,Evening,Saturday
4794,202-36-3749,Male,White,59,2024-10-08,18:57:00,42,False,No referral.,Older Adult,Evening,Tuesday
4795,468-75-4841,Male,White,69,2024-07-04,20:14:00,47,False,No referral.,Senior,Evening,Thursday
4796,500-16-9899,Male,White,36,2024-09-27,21:09:00,50,False,No referral.,Adult,Evening,Friday
4797,773-70-5654,Male,White,25,2023-07-24,08:17:00,56,False,No referral.,Young Adult,Day,Monday
4798,494-38-7066,Male,White,49,2023-12-21,16:04:00,56,False,No referral.,Middle-aged,Evening,Thursday
4799,406-50-0138,Male,White,37,2023-11-24,08:53:00,21,False,No referral.,Adult,Day,Friday
4800,870-17-7578,Male,White,54,2024-03-15,19:13:00,29,False,No referral.,Middle-aged,Evening,Friday
4801,479-60-4864,Male,White,54,2023-08-29,02:56:00,30,False,No referral.,Middle-aged,Night,Tuesday
4802,346-20-4727,Male,White,18,2024-08-17,00:26:00,37,False,No referral.,Minor,Night,Saturday
4803,295-95-8304,Male,White,57,2023-07-19,06:15:00,12,False,No referral.,Older Adult,Night,Wednesday
4804,804-99-9395,Male,White,67,2023-09-17,21:28:00,16,False,No referral.,Senior,Evening,Sunday
4805,272-07-0356,Male,White,39,2023-06-28,11:37:00,17,False,No referral.,Adult,Day,Wednesday
4806,702-87-1289,Male,White,73,2024-01-20,22:07:00,29,False,No referral.,Senior,Evening,Saturday
4807,393-79-0957,Male,White,67,2023-05-24,04:18:00,45,False,No referral.,Senior,Night,Wednesday
4808,780-73-2206,Male,White,67,2023-04-07,03:09:00,56,False,No referral.,Senior,Night,Friday
4809,182-78-5630,Male,White,31,2024-06-09,03:00:00,60,False,No referral.,Young Adult,Night,Sunday
4810,405-99-5576,Male,White,20,2024-05-04,11:29:00,17,False,No referral.,Young Adult,Day,Saturday
4811,237-45-7615,Male,White,58,2024-10-09,20:17:00,19,False,No referral.,Older Adult,Evening,Wednesday
4812,145-56-8675,Male,White,27,2023-11-12,16:48:00,27,False,No referral.,Young Adult,Evening,Sunday
4813,437-17-7171,Male,White,45,2024-07-15,22:58:00,33,False,No referral.,Middle-aged,Evening,Monday
4814,291-84-1236,Male,White,49,2023-08-11,11:27:00,38,False,No referral.,Middle-aged,Day,Friday
4815,741-09-8624,Male,White,10,2023-02-10,04:06:00,40,False,No referral.,Minor,Night,Friday
4816,736-37-6932,Male,White,66,2024-10-24,22:36:00,40,False,No referral.,Senior,Evening,Thursday
4817,639-44-3444,Male,White,78,2024-01-15,22:54:00,44,False,No referral.,Senior,Evening,Monday
4818,716-92-3445,Male,White,66,2023-12-25,08:27:00,46,False,No referral.,Senior,Day,Monday
4819,417-42-2318,Male,White,32,2023-08-14,15:39:00,50,False,No referral.,Young Adult,Evening,Monday
4820,491-43-8765,Male,White,38,2023-02-09,12:16:00,52,False,No referral.,Adult,Day,Thursday
4821,813-12-6381,Male,White,35,2024-06-14,15:34:00,11,False,No referral.,Adult,Evening,Friday
4822,424-45-3174,Male,White,40,2024-08-20,20:25:00,21,False,No referral.,Adult,Evening,Tuesday
4823,744-89-1379,Male,White,75,2023-09-10,03:03:00,29,False,No referral.,Senior,Night,Sunday
4824,258-72-4657,Male,White,56,2023-08-23,05:14:00,32,False,No referral.,Older Adult,Night,Wednesday
4825,598-31-8151,Male,White,55,2023-09-05,07:11:00,41,False,No referral.,Older Adult,Day,Tuesday
4826,485-42-0792,Male,White,8,2023-12-23,21:48:00,46,False,No referral.,Minor,Evening,Saturday
4827,738-42-0395,Male,White,11,2024-05-18,23:03:00,49,False,No referral.,Minor,Night,Saturday
4828,848-30-3365,Male,White,3,2024-06-17,04:16:00,50,False,No referral.,Minor,Night,Monday
4829,357-93-7216,Male,White,1,2024-04-21,21:21:00,58,False,No referral.,Minor,Evening,Sunday
4830,226-35-0871,Male,White,32,2024-10-23,11:13:00,59,False,No referral.,Young Adult,Day,Wednesday
4831,437-58-9705,Male,White,25,2023-04-07,13:36:00,11,False,No referral.,Young Adult,Day,Friday
4832,517-52-9662,Male,White,59,2023-11-08,23:33:00,18,False,No referral.,Older Adult,Night,Wednesday
4833,640-15-7763,Male,White,43,2023-09-22,03:41:00,19,False,No referral.,Adult,Night,Friday
4834,853-59-1381,Male,White,45,2024-09-06,23:38:00,20,False,No referral.,Middle-aged,Night,Friday
4835,164-59-0295,Male,White,30,2024-10-14,02:04:00,23,False,No referral.,Young Adult,Night,Monday
4836,400-43-5549,Male,White,58,2023-05-20,11:38:00,31,False,No referral.,Older Adult,Day,Saturday
4837,879-64-8222,Male,White,28,2023-06-06,06:32:00,37,False,No referral.,Young Adult,Night,Tuesday
4838,615-91-1397,Male,White,63,2024-05-31,14:55:00,38,False,No referral.,Older Adult,Day,Friday
4839,859-62-7867,Male,White,76,2024-12-04,13:53:00,38,False,No referral.,Senior,Day,Wednesday
4840,353-63-2964,Male,White,6,2023-07-27,22:54:00,42,False,No referral.,Minor,Evening,Thursday
4841,374-88-8638,Male,White,61,2023-06-14,08:37:00,56,False,No referral.,Older Adult,Day,Wednesday
4842,467-42-9708,Male,White,24,2023-09-15,04:42:00,57,False,No referral.,Young Adult,Night,Friday
4843,746-54-6477,Male,White,12,2023-11-24,08:14:00,16,False,No referral.,Minor,Day,Friday
4844,311-91-8434,Male,White,39,2023-05-10,09:31:00,20,False,No referral.,Adult,Day,Wednesday
4845,242-21-9349,Male,White,28,2024-08-17,21:27:00,34,False,No referral.,Young Adult,Evening,Saturday
4846,603-74-1266,Male,White,16,2024-08-08,06:05:00,35,False,No referral.,Minor,Night,Thursday
4847,133-18-3896,Male,White,35,2023-08-12,17:52:00,39,False,No referral.,Adult,Evening,Saturday
4848,874-57-8352,Male,White,38,2023-01-04,09:49:00,50,False,No referral.,Adult,Day,Wednesday
4849,672-35-9516,Male,White,6,2023-05-09,11:48:00,55,False,No referral.,Minor,Day,Tuesday
4850,122-16-6072,Male,White,54,2023-11-05,02:27:00,60,False,No referral.,Middle-aged,Night,Sunday
4851,330-89-7694,Male,White,40,2024-03-23,02:46:00,10,False,No referral.,Adult,Night,Saturday
4852,662-44-4990,Male,White,42,2024-02-14,01:40:00,27,False,No referral.,Adult,Night,Wednesday
4853,254-25-5430,Male,White,1,2024-06-28,20:05:00,35,False,No referral.,Minor,Evening,Friday
4854,447-61-1044,Male,White,49,2024-09-17,01:45:00,35,False,No referral.,Middle-aged,Night,Tuesday
4855,661-23-4741,Male,White,44,2023-08-21,17:22:00,42,False,No referral.,Adult,Evening,Monday
4856,773-58-7793,Male,White,40,2023-06-20,22:24:00,59,False,No referral.,Adult,Evening,Tuesday
4857,848-67-2081,Male,White,9,2023-05-31,14:47:00,12,False,No referral.,Minor,Day,Wednesday
4858,373-06-3637,Male,White,15,2023-03-11,15:21:00,12,False,No referral.,Minor,Evening,Saturday
4859,457-19-5880,Male,White,45,2024-03-09,16:59:00,16,False,No referral.,Middle-aged,Evening,Saturday
4860,668-07-8528,Male,White,34,2024-09-10,17:27:00,27,False,No referral.,Young Adult,Evening,Tuesday
4861,435-93-8724,Male,White,36,2023-09-12,02:21:00,30,False,No referral.,Adult,Night,Tuesday
4862,790-05-2176,Male,White,74,2023-03-09,11:53:00,36,False,No referral.,Senior,Day,Thursday
4863,136-09-9416,Male,White,29,2023-05-12,03:08:00,38,False,No referral.,Young Adult,Night,Friday
4864,757-47-1680,Male,White,54,2024-08-17,18:52:00,40,False,No referral.,Middle-aged,Evening,Saturday
4865,223-81-5903,Male,White,50,2024-02-10,00:16:00,45,False,No referral.,Middle-aged,Night,Saturday
4866,506-43-3890,Male,White,9,2023-06-20,11:26:00,48,False,No referral.,Minor,Day,Tuesday
4867,531-96-7985,Male,White,13,2024-08-17,06:32:00,13,False,No referral.,Minor,Night,Saturday
4868,430-80-8880,Male,White,37,2023-06-06,08:35:00,22,False,No referral.,Adult,Day,Tuesday
4869,752-35-9712,Male,White,66,2023-06-04,09:20:00,32,False,No referral.,Senior,Day,Sunday
4870,607-90-7919,Male,White,1,2024-09-19,05:15:00,34,False,No referral.,Minor,Night,Thursday
4871,440-84-8198,Male,White,38,2024-03-29,19:42:00,38,False,No referral.,Adult,Evening,Friday
4872,307-11-6508,Male,White,25,2024-03-17,09:07:00,49,False,No referral.,Young Adult,Day,Sunday
4873,204-67-1880,Male,White,63,2023-07-09,11:04:00,55,False,No referral.,Older Adult,Day,Sunday
4874,158-96-8777,Male,White,21,2023-06-27,07:54:00,10,False,No referral.,Young Adult,Day,Tuesday
4875,269-27-0398,Male,White,7,2023-04-04,02:11:00,17,False,No referral.,Minor,Night,Tuesday
4876,744-14-7520,Male,White,19,2024-03-28,10:42:00,33,False,No referral.,Minor,Day,Thursday
4877,369-27-1391,Male,White,7,2024-10-05,07:33:00,47,False,No referral.,Minor,Day,Saturday
4878,161-12-2015,Male,White,28,2024-04-16,10:31:00,51,False,No referral.,Young Adult,Day,Tuesday
4879,428-04-4880,Male,White,78,2024-01-02,06:20:00,13,False,No referral.,Senior,Night,Tuesday
4880,336-21-6476,Male,White,8,2024-05-06,21:24:00,35,False,No referral.,Minor,Evening,Monday
4881,686-80-7797,Male,White,49,2023-04-20,17:18:00,38,False,No referral.,Middle-aged,Evening,Thursday
4882,871-94-3138,Male,White,48,2024-06-15,19:40:00,37,False,No referral.,Middle-aged,Evening,Saturday
4883,754-35-8800,Male,White,72,2024-02-23,19:51:00,10,False,No referral.,Senior,Evening,Friday
4884,249-35-1997,Male,White,78,2023-01-10,07:03:00,42,False,No referral.,Senior,Day,Tuesday
4885,503-41-0754,Male,White,15,2023-11-15,02:02:00,51,False,No referral.,Minor,Night,Wednesday
4886,825-41-8889,Male,White,32,2024-05-28,22:51:00,30,False,No referral.,Young Adult,Evening,Tuesday
4887,814-97-4775,Male,White,53,2024-03-29,10:41:00,43,False,No referral.,Middle-aged,Day,Friday
4888,532-39-4090,Male,White,54,2024-08-26,15:49:00,17,False,No referral.,Middle-aged,Evening,Monday
4889,583-55-9151,Male,White,27,2023-05-11,11:20:00,38,False,No referral.,Young Adult,Day,Thursday
4890,290-54-9915,Male,White,30,2023-03-08,10:47:00,42,False,No referral.,Young Adult,Day,Wednesday
4891,695-94-7928,Male,White,28,2024-02-15,15:03:00,35,False,No referral.,Young Adult,Evening,Thursday
4892,427-87-9237,Male,White,19,2023-08-21,05:30:00,20,False,No referral.,Minor,Night,Monday
4893,593-14-3392,Male,White,66,2024-08-04,04:16:00,28,False,No referral.,Senior,Night,Sunday
4894,884-99-1419,Male,White,77,2024-07-25,23:15:00,39,False,No referral.,Senior,Night,Thursday
4895,115-63-3012,Male,White,52,2024-04-22,04:05:00,57,False,No referral.,Middle-aged,Night,Monday
4896,682-37-1367,Male,White,24,2024-03-07,21:23:00,30,False,No referral.,Young Adult,Evening,Thursday
4897,727-99-6666,Male,White,54,2024-03-04,12:42:00,45,False,No referral.,Middle-aged,Day,Monday
4898,867-51-1001,Male,White,74,2024-06-16,00:32:00,14,False,No referral.,Senior,Night,Sunday
4899,639-66-6888,Male,White,75,2023-09-05,14:55:00,55,False,No referral.,Senior,Day,Tuesday
4900,577-20-8465,Male,White,35,2023-09-27,11:34:00,58,False,No referral.,Adult,Day,Wednesday
4901,446-34-2838,Male,White,71,2023-02-06,16:07:00,42,False,No referral.,Senior,Evening,Monday
4902,823-91-0073,Male,White,23,2023-12-07,13:34:00,54,False,No referral.,Young Adult,Day,Thursday
4903,535-53-1709,Male,White,26,2024-03-15,19:54:00,27,False,No referral.,Young Adult,Evening,Friday
4904,170-53-5117,Male,White,2,2024-05-04,14:26:00,34,False,No referral.,Minor,Day,Saturday
4905,694-52-7798,Male,White,27,2024-08-02,19:08:00,44,False,No referral.,Young Adult,Evening,Friday
4906,261-82-9019,Male,White,40,2023-04-18,17:34:00,51,False,No referral.,Adult,Evening,Tuesday
4907,782-54-1080,Male,White,56,2024-04-15,15:21:00,38,False,No referral.,Older Adult,Evening,Monday
4908,222-34-9656,Male,White,16,2023-07-23,01:13:00,54,False,No referral.,Minor,Night,Sunday
4909,194-99-7484,Male,White,42,2024-03-16,03:34:00,36,False,No referral.,Adult,Night,Saturday
4910,334-77-7420,Male,White,1,2023-09-30,03:01:00,14,False,No referral.,Minor,Night,Saturday
4911,498-09-0568,Male,White,6,2024-05-19,09:52:00,45,False,No referral.,Minor,Day,Sunday
4912,410-44-5767,Male,White,60,2024-01-08,12:00:00,23,False,No referral.,Older Adult,Day,Monday
4913,157-82-8955,Male,White,63,2024-08-10,15:52:00,23,False,No referral.,Older Adult,Evening,Saturday
4914,227-87-1629,Male,White,8,2024-12-02,15:08:00,37,False,No referral.,Minor,Evening,Monday
4915,838-56-1331,Male,White,32,2024-08-06,09:06:00,30,False,No referral.,Young Adult,Day,Tuesday
4916,511-67-6488,Male,White,63,2024-05-29,07:02:00,30,False,No referral.,Older Adult,Day,Wednesday
4917,281-25-4387,Male,White,2,2024-05-28,07:41:00,23,False,No referral.,Minor,Day,Tuesday
4918,799-90-2475,Male,White,58,2023-07-07,00:43:00,18,False,No referral.,Older Adult,Night,Friday
4919,478-05-6128,Male,White,33,2023-04-29,12:44:00,48,False,No referral.,Young Adult,Day,Saturday
4920,569-39-0856,Male,White,63,2023-08-15,03:29:00,26,False,No referral.,Older Adult,Night,Tuesday
4921,546-84-1188,Male,White,2,2024-01-31,09:34:00,41,False,No referral.,Minor,Day,Wednesday
4922,771-07-1890,Male,White,72,2023-11-23,00:20:00,48,False,No referral.,Senior,Night,Thursday
4923,171-69-2921,Male,White,32,2024-02-29,03:03:00,36,False,No referral.,Young Adult,Night,Thursday
4924,110-75-4741,Male,White,45,2024-10-22,07:22:00,37,False,No referral.,Middle-aged,Day,Tuesday
4925,339-22-8496,Male,White,22,2024-01-30,04:12:00,49,False,No referral.,Young Adult,Night,Tuesday
4926,689-97-9515,Male,White,13,2023-04-05,15:59:00,32,False,No referral.,Minor,Evening,Wednesday
4927,278-40-9371,Male,White,8,2024-03-17,02:47:00,27,False,No referral.,Minor,Night,Sunday
4928,217-57-5300,Male,White,43,2024-06-30,23:28:00,54,False,No referral.,Adult,Night,Sunday
4929,791-52-9087,Male,White,34,2023-08-28,12:41:00,17,False,No referral.,Young Adult,Day,Monday
4930,737-62-8031,Male,White,4,2024-09-06,03:14:00,49,False,No referral.,Minor,Night,Friday
4931,615-73-2112,Male,White,77,2023-06-18,21:44:00,24,False,No referral.,Senior,Evening,Sunday
4932,686-15-3149,Male,White,57,2023-08-27,21:50:00,56,False,No referral.,Older Adult,Evening,Sunday
4933,543-72-2686,Male,White,56,2024-01-05,03:02:00,38,False,No referral.,Older Adult,Night,Friday
4934,164-09-6339,Male,White,49,2024-04-24,00:10:00,29,False,No referral.,Middle-aged,Night,Wednesday
4935,632-27-3299,Male,White,56,2024-10-16,23:46:00,27,False,No referral.,Older Adult,Night,Wednesday
4936,363-13-7370,Male,White,23,2024-04-28,22:18:00,19,False,No referral.,Young Adult,Evening,Sunday
4937,627-66-0665,Male,White,56,2023-05-22,16:23:00,24,False,No referral.,Older Adult,Evening,Monday
4938,549-63-6821,Male,White,50,2024-02-05,03:14:00,40,False,No referral.,Middle-aged,Night,Monday
4939,527-01-5968,Male,White,9,2023-04-27,14:20:00,45,False,No referral.,Minor,Day,Thursday
4940,621-38-5039,Male,White,28,2023-11-18,20:42:00,47,False,No referral.,Young Adult,Evening,Saturday
4941,735-88-2026,Male,White,45,2024-10-19,10:31:00,34,False,No referral.,Middle-aged,Day,Saturday
4942,366-77-5942,Male,White,75,2023-08-20,13:58:00,39,False,No referral.,Senior,Day,Sunday
4943,352-85-0161,Male,White,65,2023-04-20,08:38:00,50,False,No referral.,Senior,Day,Thursday
4944,135-28-3714,Male,White,15,2023-02-06,08:07:00,53,False,No referral.,Minor,Day,Monday
4945,227-46-4395,Male,White,37,2024-10-18,03:57:00,52,False,No referral.,Adult,Night,Friday
4946,779-16-6027,Male,White,10,2023-09-26,07:23:00,26,False,No referral.,Minor,Day,Tuesday
4947,716-81-0777,Male,White,38,2024-03-05,16:06:00,43,False,No referral.,Adult,Evening,Tuesday
4948,133-43-4724,Male,White,62,2024-06-29,05:58:00,53,False,No referral.,Older Adult,Night,Saturday
4949,338-32-5533,Male,White,48,2023-05-28,02:00:00,51,False,No referral.,Middle-aged,Night,Sunday
4950,771-56-2704,Male,White,3,2024-09-17,12:09:00,20,False,No referral.,Minor,Day,Tuesday
4951,169-76-5874,Male,White,7,2024-02-21,20:56:00,22,False,No referral.,Minor,Evening,Wednesday
4952,152-47-3239,Male,White,50,2023-11-07,02:57:00,14,False,No referral.,Middle-aged,Night,Tuesday
4953,745-53-1981,Male,White,62,2024-09-05,02:39:00,36,False,No referral.,Older Adult,Night,Thursday
4954,203-58-4811,Male,White,29,2024-01-28,05:31:00,48,False,No referral.,Young Adult,Night,Sunday
4955,274-32-2971,Male,White,74,2023-05-16,08:15:00,45,False,No referral.,Senior,Day,Tuesday
4956,330-72-1327,Male,White,34,2024-03-31,14:07:00,59,False,No referral.,Young Adult,Day,Sunday
4957,691-39-6392,Male,White,2,2023-10-12,12:11:00,34,False,No referral.,Minor,Day,Thursday
4958,489-19-3938,Male,White,32,2024-07-20,09:16:00,44,False,No referral.,Young Adult,Day,Saturday
4959,388-62-0454,Male,White,14,2024-04-05,04:21:00,37,False,No referral.,Minor,Night,Friday
4960,221-14-1687,Male,White,30,2024-04-10,14:36:00,54,False,No referral.,Young Adult,Day,Wednesday
4961,357-52-0985,Male,White,6,2023-05-17,17:19:00,29,False,No referral.,Minor,Evening,Wednesday
4962,444-75-2039,Male,White,44,2024-09-14,13:25:00,39,False,No referral.,Adult,Day,Saturday
4963,703-87-8026,Male,White,33,2023-09-12,04:01:00,35,False,No referral.,Young Adult,Night,Tuesday
4964,126-47-9260,Male,White,64,2023-07-09,14:54:00,12,False,No referral.,Older Adult,Day,Sunday
4965,108-99-6116,Male,White,44,2024-02-05,14:06:00,13,False,No referral.,Adult,Day,Monday
4966,559-57-4367,Male,White,57,2023-06-28,22:52:00,28,False,No referral.,Older Adult,Evening,Wednesday
4967,361-78-8393,Male,White,26,2024-04-18,15:50:00,33,False,No referral.,Young Adult,Evening,Thursday
4968,752-78-6839,Male,White,19,2023-09-27,13:32:00,45,False,No referral.,Minor,Day,Wednesday
4969,278-96-4501,Male,White,33,2024-05-02,21:59:00,39,False,No referral.,Young Adult,Evening,Thursday
4970,322-58-0100,Male,White,39,2024-12-04,13:05:00,55,False,No referral.,Adult,Day,Wednesday
4971,840-12-2681,Male,White,22,2023-08-11,17:56:00,10,False,No referral.,Young Adult,Evening,Friday
4972,210-67-0041,Male,White,8,2024-12-01,18:19:00,49,False,No referral.,Minor,Evening,Sunday
4973,538-18-1640,Male,White,72,2024-05-23,14:23:00,10,False,No referral.,Senior,Day,Thursday
4974,256-38-2449,Male,White,23,2024-02-14,13:07:00,21,False,No referral.,Young Adult,Day,Wednesday
4975,747-20-4937,Male,White,65,2023-03-04,20:16:00,38,False,No referral.,Senior,Evening,Saturday
4976,395-80-7937,Male,White,24,2024-12-08,07:57:00,46,False,Orthopedics,Young Adult,Day,Sunday
4977,522-11-6573,Male,White,48,2024-09-18,15:26:00,29,False,Orthopedics,Middle-aged,Evening,Wednesday
4978,691-30-0132,Male,White,13,2023-03-07,02:52:00,57,False,Orthopedics,Minor,Night,Tuesday
4979,765-95-5555,Male,White,15,2024-03-25,14:00:00,59,False,Orthopedics,Minor,Day,Monday
4980,159-84-9480,Male,White,38,2023-04-18,05:34:00,12,False,Orthopedics,Adult,Night,Tuesday
4981,774-50-3865,Male,White,7,2024-06-16,18:11:00,22,False,Orthopedics,Minor,Evening,Sunday
4982,743-91-6945,Male,White,71,2023-09-16,21:40:00,28,False,Orthopedics,Senior,Evening,Saturday
4983,445-83-2204,Male,White,71,2023-08-16,03:30:00,51,False,Orthopedics,Senior,Night,Wednesday
4984,225-49-2583,Male,White,4,2024-07-08,15:37:00,40,False,Orthopedics,Minor,Evening,Monday
4985,437-30-1210,Male,White,60,2024-12-10,10:39:00,12,False,Orthopedics,Older Adult,Day,Tuesday
4986,639-97-8705,Male,White,56,2023-06-06,05:39:00,54,False,Orthopedics,Older Adult,Night,Tuesday
4987,523-16-7292,Male,White,53,2023-08-29,09:27:00,21,False,Orthopedics,Middle-aged,Day,Tuesday
4988,407-40-5782,Male,White,26,2023-07-22,22:19:00,23,False,Orthopedics,Young Adult,Evening,Saturday
4989,555-46-4291,Male,White,5,2023-09-19,13:44:00,21,False,Orthopedics,Minor,Day,Tuesday
4990,682-86-8226,Male,White,12,2023-06-24,17:19:00,36,False,Orthopedics,Minor,Evening,Saturday
4991,227-34-5910,Male,White,47,2023-07-31,23:37:00,21,False,Orthopedics,Middle-aged,Night,Monday
4992,663-14-4225,Male,White,23,2023-12-24,12:55:00,41,False,Orthopedics,Young Adult,Day,Sunday
4993,535-66-6021,Male,White,43,2024-02-26,18:50:00,11,False,Orthopedics,Adult,Evening,Monday
4994,142-78-7156,Male,White,15,2024-07-10,08:06:00,36,False,Orthopedics,Minor,Day,Wednesday
4995,330-51-8943,Male,White,58,2023-09-17,04:07:00,13,False,Orthopedics,Older Adult,Night,Sunday
4996,472-69-7533,Male,White,40,2023-11-17,15:45:00,54,False,Orthopedics,Adult,Evening,Friday
4997,293-33-5200,Male,White,66,2023-12-23,23:03:00,45,False,Orthopedics,Senior,Night,Saturday
4998,524-53-6024,Male,White,8,2023-08-06,09:46:00,15,False,Orthopedics,Minor,Day,Sunday
4999,497-90-2670,Male,White,17,2023-08-17,04:27:00,30,False,Orthopedics,Minor,Night,Thursday
5000,562-95-1851,Male,White,74,2024-11-02,01:22:00,53,False,Orthopedics,Senior,Night,Saturday
5001,233-08-7548,Male,White,20,2023-07-16,20:12:00,30,False,Orthopedics,Young Adult,Evening,Sunday
5002,153-26-1570,Male,White,62,2023-08-13,14:52:00,16,False,Orthopedics,Older Adult,Day,Sunday
5003,124-28-5022,Male,White,8,2024-06-09,03:13:00,56,False,Orthopedics,Minor,Night,Sunday
5004,232-89-7136,Male,White,65,2024-12-02,20:04:00,14,False,Orthopedics,Senior,Evening,Monday
5005,364-07-8056,Male,White,69,2024-03-17,16:05:00,43,False,Orthopedics,Senior,Evening,Sunday
5006,213-37-6807,Male,White,79,2023-08-16,05:54:00,48,False,Orthopedics,Senior,Night,Wednesday
5007,780-83-2349,Male,White,32,2023-03-05,21:30:00,55,False,Orthopedics,Young Adult,Evening,Sunday
5008,168-64-3036,Male,White,78,2024-04-22,23:21:00,49,False,Orthopedics,Senior,Night,Monday
5009,152-63-8112,Male,White,71,2023-12-28,07:25:00,15,False,Orthopedics,Senior,Day,Thursday
5010,644-56-6799,Male,White,43,2024-03-31,01:49:00,13,False,Orthopedics,Adult,Night,Sunday
5011,353-41-7612,Male,White,58,2023-11-27,12:15:00,37,False,Orthopedics,Older Adult,Day,Monday
5012,483-56-5234,Male,White,7,2024-08-25,18:04:00,34,False,Orthopedics,Minor,Evening,Sunday
5013,858-85-6744,Male,White,34,2023-04-23,00:43:00,48,False,Orthopedics,Young Adult,Night,Sunday
5014,619-81-7587,Male,White,9,2023-12-12,23:33:00,15,False,Orthopedics,Minor,Night,Tuesday
5015,374-49-5410,Male,White,49,2024-04-17,22:02:00,21,False,Orthopedics,Middle-aged,Evening,Wednesday
5016,413-18-5206,Male,White,57,2023-08-10,19:41:00,30,False,Orthopedics,Older Adult,Evening,Thursday
5017,318-18-6578,Male,White,41,2023-07-26,09:59:00,58,False,Orthopedics,Adult,Day,Wednesday
5018,287-34-1507,Male,White,19,2023-07-31,13:43:00,15,False,Orthopedics,Minor,Day,Monday
5019,835-45-5469,Male,White,71,2024-01-06,00:40:00,53,False,Orthopedics,Senior,Night,Saturday
5020,318-50-0134,Male,White,48,2024-07-21,14:09:00,44,False,Orthopedics,Middle-aged,Day,Sunday
5021,588-32-8125,Male,White,26,2023-12-18,06:54:00,11,False,Orthopedics,Young Adult,Night,Monday
5022,330-70-2830,Male,White,44,2023-12-21,19:58:00,26,False,Orthopedics,Adult,Evening,Thursday
5023,427-61-4630,Male,White,27,2024-02-08,16:14:00,37,False,Orthopedics,Young Adult,Evening,Thursday
5024,688-21-4474,Male,White,64,2023-09-06,15:59:00,19,False,Orthopedics,Older Adult,Evening,Wednesday
5025,386-99-7261,Male,White,60,2023-12-15,12:02:00,31,False,Orthopedics,Older Adult,Day,Friday
5026,710-28-6576,Male,White,36,2023-02-11,13:57:00,19,False,Orthopedics,Adult,Day,Saturday
5027,764-69-8400,Male,White,79,2024-09-30,03:31:00,21,False,Orthopedics,Senior,Night,Monday
5028,225-76-9368,Male,White,56,2023-04-06,09:07:00,21,False,Orthopedics,Older Adult,Day,Thursday
5029,414-43-5287,Male,White,48,2023-08-25,16:25:00,24,False,Orthopedics,Middle-aged,Evening,Friday
5030,531-11-9597,Male,White,39,2023-07-21,01:30:00,50,False,Orthopedics,Adult,Night,Friday
5031,715-62-6956,Male,White,9,2024-07-18,07:11:00,58,False,Orthopedics,Minor,Day,Thursday
5032,873-33-0832,Male,White,29,2023-03-12,20:16:00,39,False,Orthopedics,Young Adult,Evening,Sunday
5033,647-52-7688,Male,White,32,2024-07-13,09:49:00,51,False,Orthopedics,Young Adult,Day,Saturday
5034,283-07-6389,Male,White,46,2024-01-08,17:18:00,51,False,Orthopedics,Middle-aged,Evening,Monday
5035,423-15-5984,Male,White,31,2023-07-25,11:59:00,53,False,Orthopedics,Young Adult,Day,Tuesday
5036,845-27-3580,Male,White,39,2023-09-26,01:51:00,22,False,Orthopedics,Adult,Night,Tuesday
5037,800-66-2051,Male,White,28,2024-07-27,13:05:00,60,False,Orthopedics,Young Adult,Day,Saturday
5038,612-96-3788,Male,White,46,2024-03-02,06:56:00,32,False,Orthopedics,Middle-aged,Night,Saturday
5039,670-45-6492,Male,White,64,2023-12-22,18:51:00,40,False,Orthopedics,Older Adult,Evening,Friday
5040,354-50-5854,Male,White,31,2023-10-07,17:00:00,18,False,Orthopedics,Young Adult,Evening,Saturday
5041,483-70-4436,Male,White,4,2024-05-21,01:57:00,13,False,Orthopedics,Minor,Night,Tuesday
5042,425-90-5163,Male,White,63,2024-10-22,09:59:00,37,False,Orthopedics,Older Adult,Day,Tuesday
5043,180-56-0276,Male,White,42,2023-04-28,23:23:00,22,False,Orthopedics,Adult,Night,Friday
5044,516-30-4919,Male,White,16,2023-02-04,21:59:00,21,False,Orthopedics,Minor,Evening,Saturday
5045,102-43-8026,Male,White,27,2023-07-08,08:01:00,13,False,Orthopedics,Young Adult,Day,Saturday
5046,345-46-3519,Male,White,37,2023-06-14,14:35:00,27,False,Orthopedics,Adult,Day,Wednesday
5047,203-70-6564,Male,White,16,2024-05-30,03:07:00,60,False,Orthopedics,Minor,Night,Thursday
5048,385-79-2506,Male,White,57,2024-11-10,08:23:00,15,False,Orthopedics,Older Adult,Day,Sunday
5049,547-48-9466,Male,White,56,2023-12-22,23:40:00,45,False,Orthopedics,Older Adult,Night,Friday
5050,633-30-1877,Male,White,72,2023-12-26,16:42:00,57,False,Physiotherapy,Senior,Evening,Tuesday
5051,810-65-3273,Male,White,79,2023-05-22,08:32:00,57,False,Physiotherapy,Senior,Day,Monday
5052,835-50-8973,Male,White,18,2024-10-19,17:26:00,11,False,Physiotherapy,Minor,Evening,Saturday
5053,340-51-9084,Male,White,79,2023-12-19,15:32:00,39,False,Physiotherapy,Senior,Evening,Tuesday
5054,653-56-1789,Male,White,43,2023-08-10,10:13:00,43,False,Physiotherapy,Adult,Day,Thursday
5055,670-79-1251,Male,White,60,2023-05-11,00:43:00,14,False,Physiotherapy,Older Adult,Night,Thursday
5056,467-83-9328,Male,White,43,2023-09-22,02:09:00,20,False,Physiotherapy,Adult,Night,Friday
5057,352-37-6251,Male,White,17,2023-12-19,22:13:00,52,False,Physiotherapy,Minor,Evening,Tuesday
5058,190-02-7429,Male,White,30,2024-05-05,20:55:00,27,False,Physiotherapy,Young Adult,Evening,Sunday
5059,538-39-7442,Male,White,9,2024-06-26,04:02:00,45,False,Physiotherapy,Minor,Night,Wednesday
5060,581-71-7643,Male,White,67,2024-08-31,09:34:00,47,False,Physiotherapy,Senior,Day,Saturday
5061,439-58-8420,Male,White,73,2024-11-08,01:44:00,34,False,Physiotherapy,Senior,Night,Friday
5062,334-96-4072,Male,White,63,2023-05-28,07:00:00,50,False,Physiotherapy,Older Adult,Day,Sunday
5063,466-97-4081,Male,White,43,2024-07-27,06:30:00,41,False,Physiotherapy,Adult,Night,Saturday
5064,398-19-1977,Male,White,63,2024-09-23,00:03:00,15,False,Renal,Older Adult,Night,Monday
5065,670-56-9740,Male,White,38,2023-06-09,17:12:00,53,False,Renal,Adult,Evening,Friday
5066,196-41-1005,Male,White,2,2023-04-19,03:14:00,52,False,Renal,Minor,Night,Wednesday
5067,335-25-0106,Male,African American,61,2023-08-06,10:20:00,55,False,No referral.,Older Adult,Day,Sunday
5068,746-94-4167,Male,African American,55,2024-11-04,02:05:00,55,False,No referral.,Older Adult,Night,Monday
5069,401-48-2727,Male,African American,17,2024-02-04,19:31:00,52,False,No referral.,Minor,Evening,Sunday
5070,110-34-1005,Male,African American,5,2023-12-28,02:19:00,31,False,Orthopedics,Minor,Night,Thursday
5071,695-90-6476,Male,African American,58,2023-04-26,21:49:00,41,False,Orthopedics,Older Adult,Evening,Wednesday
5072,481-55-5602,Male,Declined to Identify,53,2023-05-15,04:11:00,39,False,General Practice,Middle-aged,Night,Monday
5073,730-96-4311,Male,Declined to Identify,78,2023-12-14,18:12:00,31,False,No referral.,Senior,Evening,Thursday
5074,708-20-8149,Male,Declined to Identify,43,2023-12-07,23:07:00,32,False,No referral.,Adult,Night,Thursday
5075,525-15-5126,Male,Declined to Identify,51,2023-06-25,07:18:00,32,False,No referral.,Middle-aged,Day,Sunday
5076,254-55-0234,Male,Pacific Islander,43,2024-02-23,03:20:00,37,False,No referral.,Adult,Night,Friday
5077,384-24-5300,Male,Two or More Races,46,2024-12-06,23:28:00,26,False,General Practice,Middle-aged,Night,Friday
5078,200-98-7030,Male,White,65,2024-06-27,07:46:00,10,False,Gastroenterology,Senior,Day,Thursday
5079,542-12-4124,Male,White,2,2024-10-05,11:28:00,38,False,No referral.,Minor,Day,Saturday
5080,549-88-7719,Male,White,11,2024-08-20,08:06:00,34,False,No referral.,Minor,Day,Tuesday
5081,888-31-9974,Male,White,67,2024-03-23,07:45:00,18,False,Orthopedics,Senior,Day,Saturday
5082,375-77-7547,Female,African American,48,2024-10-19,21:21:00,55,True,Cardiology,Middle-aged,Evening,Saturday
5083,401-54-5114,Female,African American,52,2024-08-16,12:23:00,44,True,Cardiology,Middle-aged,Day,Friday
5084,152-63-9780,Female,African American,54,2024-09-10,09:27:00,13,True,Cardiology,Middle-aged,Day,Tuesday
5085,441-46-8707,Female,African American,7,2023-06-30,02:45:00,37,True,Cardiology,Minor,Night,Friday
5086,774-96-3514,Female,African American,53,2023-07-14,18:42:00,44,True,Cardiology,Middle-aged,Evening,Friday
5087,125-71-2639,Female,African American,51,2023-10-21,10:19:00,33,True,Cardiology,Middle-aged,Day,Saturday
5088,885-62-7905,Female,African American,21,2024-03-28,17:26:00,32,True,Cardiology,Young Adult,Evening,Thursday
5089,690-60-3044,Female,African American,2,2023-08-22,22:25:00,55,True,Cardiology,Minor,Evening,Tuesday
5090,145-40-1045,Female,African American,12,2023-05-06,13:19:00,44,True,Cardiology,Minor,Day,Saturday
5091,857-03-3289,Female,African American,59,2023-09-05,12:32:00,10,True,Cardiology,Older Adult,Day,Tuesday
5092,578-18-1747,Female,African American,63,2024-12-01,23:02:00,45,True,Cardiology,Older Adult,Night,Sunday
5093,865-91-1513,Female,African American,7,2023-08-12,06:01:00,57,True,Cardiology,Minor,Night,Saturday
5094,159-55-1671,Female,African American,50,2024-04-26,19:57:00,26,True,Cardiology,Middle-aged,Evening,Friday
5095,476-45-3645,Female,African American,60,2023-11-18,04:34:00,13,True,Gastroenterology,Older Adult,Night,Saturday
5096,489-73-9085,Female,African American,9,2023-04-26,20:35:00,56,True,Gastroenterology,Minor,Evening,Wednesday
5097,753-59-2860,Female,African American,25,2023-10-18,18:17:00,48,True,Gastroenterology,Young Adult,Evening,Wednesday
5098,676-76-4936,Female,African American,3,2023-05-05,09:05:00,43,True,Gastroenterology,Minor,Day,Friday
5099,393-40-5807,Female,African American,7,2023-09-18,16:08:00,32,True,Gastroenterology,Minor,Evening,Monday
5100,540-88-7623,Female,African American,5,2023-05-08,16:03:00,34,True,Gastroenterology,Minor,Evening,Monday
5101,724-35-7305,Female,African American,67,2024-02-03,05:26:00,34,True,Gastroenterology,Senior,Night,Saturday
5102,548-85-7423,Female,African American,59,2023-03-05,14:51:00,45,True,Gastroenterology,Older Adult,Day,Sunday
5103,366-28-5083,Female,African American,67,2023-09-24,15:49:00,14,True,Gastroenterology,Senior,Evening,Sunday
5104,407-25-2841,Female,African American,73,2024-09-10,22:29:00,16,True,Gastroenterology,Senior,Evening,Tuesday
5105,548-38-0350,Female,African American,48,2023-12-10,17:05:00,35,True,Gastroenterology,Middle-aged,Evening,Sunday
5106,250-28-2501,Female,African American,70,2023-06-10,21:18:00,19,True,Gastroenterology,Senior,Evening,Saturday
5107,711-46-8034,Female,African American,41,2023-05-20,13:03:00,53,True,Gastroenterology,Adult,Day,Saturday
5108,660-57-0260,Female,African American,8,2024-07-04,17:34:00,11,True,General Practice,Minor,Evening,Thursday
5109,302-70-1794,Female,African American,73,2024-06-24,17:01:00,19,True,General Practice,Senior,Evening,Monday
5110,324-66-5621,Female,African American,39,2023-12-29,15:02:00,37,True,General Practice,Adult,Evening,Friday
5111,661-26-1636,Female,African American,27,2024-10-23,05:33:00,47,True,General Practice,Young Adult,Night,Wednesday
5112,786-88-7335,Female,African American,7,2023-01-05,17:01:00,19,True,General Practice,Minor,Evening,Thursday
5113,803-38-7077,Female,African American,18,2024-07-14,09:21:00,24,True,General Practice,Minor,Day,Sunday
5114,623-89-0066,Female,African American,3,2024-08-08,07:57:00,34,True,General Practice,Minor,Day,Thursday
5115,325-83-3354,Female,African American,24,2023-09-25,05:41:00,28,True,General Practice,Young Adult,Night,Monday
5116,158-99-3168,Female,African American,73,2023-11-13,04:21:00,36,True,General Practice,Senior,Night,Monday
5117,791-95-5994,Female,African American,33,2024-08-25,15:55:00,40,True,General Practice,Young Adult,Evening,Sunday
5118,382-23-5205,Female,African American,25,2023-01-09,20:41:00,11,True,General Practice,Young Adult,Evening,Monday
5119,642-29-3297,Female,African American,4,2023-04-12,22:37:00,35,True,General Practice,Minor,Evening,Wednesday
5120,889-12-3929,Female,African American,8,2023-05-25,04:03:00,35,True,General Practice,Minor,Night,Thursday
5121,852-89-5200,Female,African American,7,2024-09-15,03:37:00,43,True,General Practice,Minor,Night,Sunday
5122,531-97-4128,Female,African American,49,2024-01-07,00:36:00,21,True,General Practice,Middle-aged,Night,Sunday
5123,463-21-7365,Female,African American,17,2023-11-16,04:52:00,45,True,General Practice,Minor,Night,Thursday
5124,367-01-0029,Female,African American,10,2024-10-15,17:31:00,40,True,General Practice,Minor,Evening,Tuesday
5125,397-28-4915,Female,African American,2,2023-09-19,12:56:00,56,True,General Practice,Minor,Day,Tuesday
5126,763-60-6360,Female,African American,70,2024-12-07,04:53:00,18,True,General Practice,Senior,Night,Saturday
5127,396-78-3849,Female,African American,29,2023-07-28,19:26:00,38,True,General Practice,Young Adult,Evening,Friday
5128,284-11-1573,Female,African American,28,2024-06-15,19:32:00,50,True,General Practice,Young Adult,Evening,Saturday
5129,791-29-5321,Female,African American,64,2024-04-01,18:19:00,55,True,General Practice,Older Adult,Evening,Monday
5130,202-96-9613,Female,African American,5,2023-07-20,08:13:00,21,True,General Practice,Minor,Day,Thursday
5131,186-26-5228,Female,African American,29,2024-08-28,05:55:00,26,True,General Practice,Young Adult,Night,Wednesday
5132,852-91-2788,Female,African American,66,2023-12-15,00:17:00,60,True,General Practice,Senior,Night,Friday
5133,706-76-0191,Female,African American,29,2024-07-25,15:08:00,53,True,General Practice,Young Adult,Evening,Thursday
5134,464-29-2369,Female,African American,29,2023-05-07,06:43:00,56,True,General Practice,Young Adult,Night,Sunday
5135,384-90-4175,Female,African American,37,2024-05-20,18:52:00,15,True,General Practice,Adult,Evening,Monday
5136,263-72-7906,Female,African American,58,2024-07-22,18:50:00,26,True,General Practice,Older Adult,Evening,Monday
5137,399-26-0442,Female,African American,49,2023-12-22,17:46:00,27,True,General Practice,Middle-aged,Evening,Friday
5138,164-11-5953,Female,African American,41,2024-10-09,21:29:00,51,True,General Practice,Adult,Evening,Wednesday
5139,430-99-6185,Female,African American,12,2023-06-05,12:21:00,12,True,General Practice,Minor,Day,Monday
5140,550-61-7079,Female,African American,4,2024-09-13,18:54:00,14,True,General Practice,Minor,Evening,Friday
5141,899-16-2971,Female,African American,17,2023-06-12,03:08:00,48,True,General Practice,Minor,Night,Monday
5142,877-31-9427,Female,African American,63,2023-05-09,22:20:00,51,True,General Practice,Older Adult,Evening,Tuesday
5143,178-16-4162,Female,African American,56,2023-10-31,01:37:00,22,True,General Practice,Older Adult,Night,Tuesday
5144,283-02-9366,Female,African American,70,2024-02-09,19:02:00,13,True,General Practice,Senior,Evening,Friday
5145,152-23-4004,Female,African American,62,2024-02-08,02:38:00,31,True,General Practice,Older Adult,Night,Thursday
5146,174-15-0807,Female,African American,43,2023-12-10,02:15:00,52,True,General Practice,Adult,Night,Sunday
5147,180-98-5818,Female,African American,18,2024-11-10,05:32:00,59,True,General Practice,Minor,Night,Sunday
5148,273-01-8560,Female,African American,17,2024-06-17,16:20:00,43,True,General Practice,Minor,Evening,Monday
5149,730-64-2077,Female,African American,8,2023-09-24,14:00:00,24,True,General Practice,Minor,Day,Sunday
5150,624-82-6885,Female,African American,47,2023-06-18,06:17:00,50,True,General Practice,Middle-aged,Night,Sunday
5151,477-35-3889,Female,African American,15,2024-04-08,20:10:00,31,True,General Practice,Minor,Evening,Monday
5152,899-48-1776,Female,African American,23,2023-05-30,18:23:00,31,True,General Practice,Young Adult,Evening,Tuesday
5153,552-08-9390,Female,African American,66,2023-04-14,03:43:00,41,True,General Practice,Senior,Night,Friday
5154,551-86-5733,Female,African American,40,2024-05-17,07:19:00,44,True,General Practice,Adult,Day,Friday
5155,842-59-0940,Female,African American,30,2024-09-18,09:37:00,41,True,General Practice,Young Adult,Day,Wednesday
5156,468-44-0145,Female,African American,37,2023-08-07,01:02:00,58,True,General Practice,Adult,Night,Monday
5157,519-49-3038,Female,African American,50,2023-07-14,07:42:00,13,True,General Practice,Middle-aged,Day,Friday
5158,377-64-6766,Female,African American,67,2024-01-29,04:48:00,17,True,General Practice,Senior,Night,Monday
5159,816-12-1573,Female,African American,77,2024-05-08,19:01:00,22,True,General Practice,Senior,Evening,Wednesday
5160,251-98-9445,Female,African American,71,2024-12-05,17:55:00,54,True,General Practice,Senior,Evening,Thursday
5161,442-88-8033,Female,African American,68,2023-01-11,15:41:00,19,True,General Practice,Senior,Evening,Wednesday
5162,884-07-5896,Female,African American,43,2023-11-16,18:13:00,46,True,General Practice,Adult,Evening,Thursday
5163,750-23-6816,Female,African American,11,2023-05-12,16:01:00,54,True,General Practice,Minor,Evening,Friday
5164,238-61-7262,Female,African American,6,2024-05-07,19:30:00,17,True,General Practice,Minor,Evening,Tuesday
5165,536-68-0475,Female,African American,25,2024-09-09,13:14:00,14,True,General Practice,Young Adult,Day,Monday
5166,818-18-4773,Female,African American,64,2024-04-23,10:00:00,41,True,General Practice,Older Adult,Day,Tuesday
5167,549-91-5573,Female,African American,47,2024-04-15,02:23:00,30,True,General Practice,Middle-aged,Night,Monday
5168,624-52-0442,Female,African American,52,2023-04-15,18:22:00,58,True,General Practice,Middle-aged,Evening,Saturday
5169,199-42-7548,Female,African American,47,2023-04-21,12:54:00,50,True,General Practice,Middle-aged,Day,Friday
5170,815-67-5217,Female,African American,59,2024-07-28,21:57:00,41,True,General Practice,Older Adult,Evening,Sunday
5171,297-21-1996,Female,African American,11,2024-03-05,15:50:00,53,True,General Practice,Minor,Evening,Tuesday
5172,321-09-0448,Female,African American,2,2023-07-11,03:08:00,13,True,General Practice,Minor,Night,Tuesday
5173,310-87-0319,Female,African American,65,2023-06-08,03:52:00,19,True,General Practice,Senior,Night,Thursday
5174,737-16-3422,Female,African American,45,2023-05-21,08:35:00,23,True,General Practice,Middle-aged,Day,Sunday
5175,206-29-8584,Female,African American,17,2024-08-01,21:24:00,58,True,General Practice,Minor,Evening,Thursday
5176,359-09-1937,Female,African American,60,2024-09-16,16:36:00,18,True,Neurology,Older Adult,Evening,Monday
5177,783-39-5247,Female,African American,60,2023-12-15,13:03:00,17,True,Neurology,Older Adult,Day,Friday
5178,879-93-8813,Female,African American,12,2023-10-23,19:15:00,55,True,Neurology,Minor,Evening,Monday
5179,547-84-9622,Female,African American,10,2024-07-14,10:58:00,15,True,Neurology,Minor,Day,Sunday
5180,188-23-0231,Female,African American,58,2023-04-12,18:33:00,55,True,Neurology,Older Adult,Evening,Wednesday
5181,433-82-5158,Female,African American,35,2024-01-30,16:00:00,16,True,Neurology,Adult,Evening,Tuesday
5182,154-31-5563,Female,African American,55,2023-10-31,00:52:00,34,True,Neurology,Older Adult,Night,Tuesday
5183,613-57-6485,Female,African American,10,2023-04-25,07:51:00,41,True,Neurology,Minor,Day,Tuesday
5184,422-80-2579,Female,African American,31,2024-10-06,23:30:00,36,True,Neurology,Young Adult,Night,Sunday
5185,250-66-4495,Female,African American,38,2024-05-02,17:34:00,38,True,Neurology,Adult,Evening,Thursday
5186,431-70-7977,Female,African American,15,2023-06-27,00:30:00,27,True,Neurology,Minor,Night,Tuesday
5187,657-56-7706,Female,African American,75,2023-07-28,17:37:00,59,True,Neurology,Senior,Evening,Friday
5188,668-87-0275,Female,African American,15,2024-10-24,22:42:00,58,True,Neurology,Minor,Evening,Thursday
5189,119-26-2201,Female,African American,42,2024-09-05,16:39:00,27,True,No referral.,Adult,Evening,Thursday
5190,700-68-4912,Female,African American,22,2024-04-30,21:34:00,38,True,No referral.,Young Adult,Evening,Tuesday
5191,106-76-7225,Female,African American,17,2023-09-14,01:58:00,44,True,No referral.,Minor,Night,Thursday
5192,347-41-3905,Female,African American,30,2023-07-05,04:00:00,55,True,No referral.,Young Adult,Night,Wednesday
5193,798-70-3323,Female,African American,9,2024-09-17,17:43:00,60,True,No referral.,Minor,Evening,Tuesday
5194,207-74-6194,Female,African American,3,2024-04-18,23:25:00,16,True,No referral.,Minor,Night,Thursday
5195,472-53-4784,Female,African American,43,2023-07-24,21:50:00,25,True,No referral.,Adult,Evening,Monday
5196,438-97-9487,Female,African American,32,2024-09-03,12:53:00,28,True,No referral.,Young Adult,Day,Tuesday
5197,418-23-0083,Female,African American,33,2023-08-12,17:51:00,36,True,No referral.,Young Adult,Evening,Saturday
5198,808-83-6561,Female,African American,45,2024-02-25,07:28:00,37,True,No referral.,Middle-aged,Day,Sunday
5199,384-24-4481,Female,African American,39,2023-12-17,02:09:00,47,True,No referral.,Adult,Night,Sunday
5200,587-01-1932,Female,African American,8,2023-10-11,23:29:00,50,True,No referral.,Minor,Night,Wednesday
5201,846-12-5816,Female,African American,47,2024-05-13,12:25:00,51,True,No referral.,Middle-aged,Day,Monday
5202,371-22-5842,Female,African American,75,2023-11-08,06:45:00,51,True,No referral.,Senior,Night,Wednesday
5203,215-29-2936,Female,African American,44,2023-09-09,13:19:00,53,True,No referral.,Adult,Day,Saturday
5204,338-11-7529,Female,African American,38,2023-01-04,17:41:00,54,True,No referral.,Adult,Evening,Wednesday
5205,478-58-9136,Female,African American,65,2023-03-05,11:27:00,54,True,No referral.,Senior,Day,Sunday
5206,625-79-4633,Female,African American,20,2024-02-05,23:53:00,13,True,No referral.,Young Adult,Night,Monday
5207,797-20-9107,Female,African American,59,2024-03-10,19:33:00,18,True,No referral.,Older Adult,Evening,Sunday
5208,851-78-7667,Female,African American,37,2023-07-24,08:00:00,30,True,No referral.,Adult,Day,Monday
5209,626-42-7918,Female,African American,27,2024-05-26,05:19:00,36,True,No referral.,Young Adult,Night,Sunday
5210,314-48-4183,Female,African American,54,2024-05-27,01:11:00,39,True,No referral.,Middle-aged,Night,Monday
5211,559-99-9805,Female,African American,66,2023-01-11,01:15:00,39,True,No referral.,Senior,Night,Wednesday
5212,785-14-2082,Female,African American,61,2024-03-23,14:48:00,14,True,No referral.,Older Adult,Day,Saturday
5213,563-60-9618,Female,African American,71,2024-02-10,12:20:00,30,True,No referral.,Senior,Day,Saturday
5214,136-56-3814,Female,African American,62,2023-10-20,06:37:00,31,True,No referral.,Older Adult,Night,Friday
5215,890-09-5805,Female,African American,8,2024-05-02,19:22:00,32,True,No referral.,Minor,Evening,Thursday
5216,208-89-2644,Female,African American,62,2024-03-19,07:01:00,36,True,No referral.,Older Adult,Day,Tuesday
5217,854-18-4574,Female,African American,59,2024-09-06,11:51:00,39,True,No referral.,Older Adult,Day,Friday
5218,149-73-5025,Female,African American,72,2024-02-16,13:19:00,46,True,No referral.,Senior,Day,Friday
5219,771-65-9241,Female,African American,45,2023-11-19,02:46:00,51,True,No referral.,Middle-aged,Night,Sunday
5220,648-84-0803,Female,African American,34,2023-10-13,04:23:00,16,True,No referral.,Young Adult,Night,Friday
5221,654-47-3643,Female,African American,54,2024-09-15,06:07:00,18,True,No referral.,Middle-aged,Night,Sunday
5222,696-65-5769,Female,African American,41,2024-07-16,00:58:00,20,True,No referral.,Adult,Night,Tuesday
5223,540-85-3196,Female,African American,33,2024-03-30,06:10:00,21,True,No referral.,Young Adult,Night,Saturday
5224,435-33-5469,Female,African American,28,2023-01-05,03:04:00,23,True,No referral.,Young Adult,Night,Thursday
5225,581-11-0547,Female,African American,67,2023-09-08,10:42:00,25,True,No referral.,Senior,Day,Friday
5226,726-73-2510,Female,African American,34,2023-07-11,21:57:00,26,True,No referral.,Young Adult,Evening,Tuesday
5227,522-30-9330,Female,African American,45,2024-01-29,02:44:00,31,True,No referral.,Middle-aged,Night,Monday
5228,648-23-5753,Female,African American,14,2023-04-17,01:46:00,47,True,No referral.,Minor,Night,Monday
5229,736-08-9674,Female,African American,1,2023-11-11,13:24:00,48,True,No referral.,Minor,Day,Saturday
5230,471-58-0942,Female,African American,35,2023-12-23,03:03:00,26,True,No referral.,Adult,Night,Saturday
5231,401-25-3976,Female,African American,50,2023-04-22,17:57:00,26,True,No referral.,Middle-aged,Evening,Saturday
5232,605-97-5273,Female,African American,27,2023-12-25,08:45:00,34,True,No referral.,Young Adult,Day,Monday
5233,552-51-5855,Female,African American,24,2024-09-09,19:25:00,36,True,No referral.,Young Adult,Evening,Monday
5234,371-60-2571,Female,African American,55,2024-07-18,03:58:00,38,True,No referral.,Older Adult,Night,Thursday
5235,834-93-8607,Female,African American,3,2023-07-11,04:52:00,55,True,No referral.,Minor,Night,Tuesday
5236,233-87-0588,Female,African American,68,2024-10-01,06:01:00,55,True,No referral.,Senior,Night,Tuesday
5237,694-42-9885,Female,African American,42,2023-09-16,13:28:00,12,True,No referral.,Adult,Day,Saturday
5238,680-36-3688,Female,African American,79,2023-06-19,04:34:00,12,True,No referral.,Senior,Night,Monday
5239,722-31-7591,Female,African American,21,2023-08-31,19:34:00,21,True,No referral.,Young Adult,Evening,Thursday
5240,645-29-6383,Female,African American,58,2024-09-04,09:02:00,31,True,No referral.,Older Adult,Day,Wednesday
5241,818-95-6696,Female,African American,10,2023-11-30,11:05:00,36,True,No referral.,Minor,Day,Thursday
5242,734-73-5251,Female,African American,63,2023-11-19,01:08:00,53,True,No referral.,Older Adult,Night,Sunday
5243,228-13-6406,Female,African American,69,2023-10-20,16:14:00,14,True,No referral.,Senior,Evening,Friday
5244,606-12-2990,Female,African American,70,2024-05-17,13:10:00,30,True,No referral.,Senior,Day,Friday
5245,368-51-1649,Female,African American,19,2023-11-29,07:11:00,31,True,No referral.,Minor,Day,Wednesday
5246,728-96-6611,Female,African American,61,2024-01-09,03:20:00,32,True,No referral.,Older Adult,Night,Tuesday
5247,694-52-4320,Female,African American,14,2023-06-12,21:20:00,40,True,No referral.,Minor,Evening,Monday
5248,383-43-2338,Female,African American,22,2024-01-06,03:47:00,41,True,No referral.,Young Adult,Night,Saturday
5249,442-76-0043,Female,African American,4,2023-07-07,20:34:00,44,True,No referral.,Minor,Evening,Friday
5250,804-54-2708,Female,African American,23,2024-09-24,15:44:00,59,True,No referral.,Young Adult,Evening,Tuesday
5251,858-17-6292,Female,African American,71,2023-04-14,12:55:00,14,True,No referral.,Senior,Day,Friday
5252,655-89-8382,Female,African American,69,2024-11-08,09:59:00,18,True,No referral.,Senior,Day,Friday
5253,155-29-2929,Female,African American,55,2023-06-15,17:45:00,19,True,No referral.,Older Adult,Evening,Thursday
5254,328-21-4469,Female,African American,73,2023-09-22,04:55:00,19,True,No referral.,Senior,Night,Friday
5255,207-26-9995,Female,African American,16,2024-08-10,13:08:00,32,True,No referral.,Minor,Day,Saturday
5256,600-88-7516,Female,African American,68,2024-06-23,22:25:00,39,True,No referral.,Senior,Evening,Sunday
5257,399-94-6873,Female,African American,65,2024-02-26,09:34:00,40,True,No referral.,Senior,Day,Monday
5258,598-42-7920,Female,African American,36,2023-07-11,12:33:00,60,True,No referral.,Adult,Day,Tuesday
5259,241-30-9186,Female,African American,60,2024-09-19,23:06:00,20,True,No referral.,Older Adult,Night,Thursday
5260,234-07-0725,Female,African American,36,2023-12-05,21:29:00,31,True,No referral.,Adult,Evening,Tuesday
5261,428-40-4491,Female,African American,46,2023-01-04,14:07:00,45,True,No referral.,Middle-aged,Day,Wednesday
5262,787-19-9146,Female,African American,16,2024-07-09,04:39:00,47,True,No referral.,Minor,Night,Tuesday
5263,226-80-6851,Female,African American,11,2023-03-10,23:56:00,59,True,No referral.,Minor,Night,Friday
5264,680-94-3403,Female,African American,68,2024-04-02,09:03:00,21,True,No referral.,Senior,Day,Tuesday
5265,592-07-8966,Female,African American,7,2023-05-04,03:11:00,39,True,No referral.,Minor,Night,Thursday
5266,293-25-5155,Female,African American,72,2024-03-16,05:02:00,41,True,No referral.,Senior,Night,Saturday
5267,345-17-6820,Female,African American,71,2024-04-18,04:52:00,43,True,No referral.,Senior,Night,Thursday
5268,655-10-2008,Female,African American,63,2023-02-07,13:11:00,53,True,No referral.,Older Adult,Day,Tuesday
5269,233-63-3129,Female,African American,4,2024-08-29,06:26:00,54,True,No referral.,Minor,Night,Thursday
5270,822-82-5684,Female,African American,73,2023-09-11,21:20:00,10,True,No referral.,Senior,Evening,Monday
5271,826-42-1468,Female,African American,71,2024-11-06,16:45:00,19,True,No referral.,Senior,Evening,Wednesday
5272,649-92-9455,Female,African American,74,2024-08-18,16:31:00,19,True,No referral.,Senior,Evening,Sunday
5273,858-60-9117,Female,African American,39,2023-04-04,18:10:00,32,True,No referral.,Adult,Evening,Tuesday
5274,488-06-7985,Female,African American,40,2023-08-21,11:48:00,33,True,No referral.,Adult,Day,Monday
5275,645-32-3397,Female,African American,3,2024-10-09,05:13:00,42,True,No referral.,Minor,Night,Wednesday
5276,553-16-6005,Female,African American,76,2024-03-13,00:52:00,47,True,No referral.,Senior,Night,Wednesday
5277,226-63-2239,Female,African American,45,2024-03-01,11:01:00,57,True,No referral.,Middle-aged,Day,Friday
5278,813-69-5454,Female,African American,47,2023-11-14,00:17:00,11,True,No referral.,Middle-aged,Night,Tuesday
5279,300-70-1777,Female,African American,33,2024-05-21,03:41:00,16,True,No referral.,Young Adult,Night,Tuesday
5280,853-29-4524,Female,African American,76,2024-05-01,01:46:00,21,True,No referral.,Senior,Night,Wednesday
5281,492-42-7103,Female,African American,52,2024-04-08,23:45:00,46,True,No referral.,Middle-aged,Night,Monday
5282,800-40-6304,Female,African American,33,2024-09-28,16:58:00,47,True,No referral.,Young Adult,Evening,Saturday
5283,811-04-0657,Female,African American,9,2024-06-16,11:49:00,52,True,No referral.,Minor,Day,Sunday
5284,410-70-5588,Female,African American,28,2024-02-05,14:19:00,12,True,No referral.,Young Adult,Day,Monday
5285,702-35-3828,Female,African American,79,2024-05-01,08:58:00,17,True,No referral.,Senior,Day,Wednesday
5286,851-87-0017,Female,African American,75,2023-12-15,00:16:00,24,True,No referral.,Senior,Night,Friday
5287,232-01-8969,Female,African American,29,2024-03-31,07:10:00,26,True,No referral.,Young Adult,Day,Sunday
5288,119-69-8577,Female,African American,36,2023-11-08,13:15:00,26,True,No referral.,Adult,Day,Wednesday
5289,348-60-8619,Female,African American,22,2023-07-19,15:48:00,36,True,No referral.,Young Adult,Evening,Wednesday
5290,413-08-3063,Female,African American,21,2023-09-25,22:33:00,38,True,No referral.,Young Adult,Evening,Monday
5291,100-72-5705,Female,African American,60,2024-06-19,22:16:00,45,True,No referral.,Older Adult,Evening,Wednesday
5292,260-98-9898,Female,African American,21,2023-08-26,08:30:00,10,True,No referral.,Young Adult,Day,Saturday
5293,536-60-6147,Female,African American,76,2023-11-10,07:36:00,23,True,No referral.,Senior,Day,Friday
5294,389-69-8333,Female,African American,67,2024-06-04,09:56:00,29,True,No referral.,Senior,Day,Tuesday
5295,217-72-7623,Female,African American,50,2024-04-27,19:53:00,31,True,No referral.,Middle-aged,Evening,Saturday
5296,385-06-1474,Female,African American,36,2024-11-06,11:23:00,44,True,No referral.,Adult,Day,Wednesday
5297,795-55-8908,Female,African American,45,2024-07-31,06:17:00,58,True,No referral.,Middle-aged,Night,Wednesday
5298,306-88-5651,Female,African American,51,2024-10-08,12:52:00,16,True,No referral.,Middle-aged,Day,Tuesday
5299,458-48-8079,Female,African American,51,2023-01-07,00:58:00,32,True,No referral.,Middle-aged,Night,Saturday
5300,879-29-8821,Female,African American,9,2024-02-23,16:07:00,48,True,No referral.,Minor,Evening,Friday
5301,868-61-4528,Female,African American,6,2024-11-03,11:18:00,51,True,No referral.,Minor,Day,Sunday
5302,610-91-1866,Female,African American,38,2023-08-19,09:43:00,54,True,No referral.,Adult,Day,Saturday
5303,764-55-3939,Female,African American,55,2023-07-09,22:17:00,54,True,No referral.,Older Adult,Evening,Sunday
5304,842-53-5450,Female,African American,68,2023-11-10,17:26:00,54,True,No referral.,Senior,Evening,Friday
5305,871-02-5581,Female,African American,11,2024-10-13,07:50:00,20,True,No referral.,Minor,Day,Sunday
5306,748-85-4467,Female,African American,12,2023-07-17,00:11:00,20,True,No referral.,Minor,Night,Monday
5307,214-90-6360,Female,African American,71,2023-04-09,13:12:00,27,True,No referral.,Senior,Day,Sunday
5308,240-62-0770,Female,African American,51,2024-05-31,08:09:00,28,True,No referral.,Middle-aged,Day,Friday
5309,780-84-7920,Female,African American,20,2023-06-18,07:43:00,34,True,No referral.,Young Adult,Day,Sunday
5310,219-44-4242,Female,African American,34,2024-04-02,21:17:00,45,True,No referral.,Young Adult,Evening,Tuesday
5311,635-34-2598,Female,African American,40,2023-05-10,17:50:00,19,True,No referral.,Adult,Evening,Wednesday
5312,868-10-5414,Female,African American,55,2023-01-04,18:16:00,24,True,No referral.,Older Adult,Evening,Wednesday
5313,198-32-9920,Female,African American,64,2024-04-15,14:36:00,28,True,No referral.,Older Adult,Day,Monday
5314,626-52-3000,Female,African American,29,2023-07-10,05:11:00,29,True,No referral.,Young Adult,Night,Monday
5315,524-72-4755,Female,African American,41,2023-05-20,12:55:00,33,True,No referral.,Adult,Day,Saturday
5316,222-61-8906,Female,African American,68,2024-09-30,05:23:00,38,True,No referral.,Senior,Night,Monday
5317,253-21-4540,Female,African American,1,2023-08-05,09:59:00,43,True,No referral.,Minor,Day,Saturday
5318,800-24-4809,Female,African American,38,2024-05-03,14:54:00,45,True,No referral.,Adult,Day,Friday
5319,612-62-4663,Female,African American,65,2024-05-31,04:45:00,56,True,No referral.,Senior,Night,Friday
5320,146-55-5490,Female,African American,27,2024-06-21,15:20:00,59,True,No referral.,Young Adult,Evening,Friday
5321,530-04-1554,Female,African American,31,2023-07-13,16:41:00,19,True,No referral.,Young Adult,Evening,Thursday
5322,614-27-2796,Female,African American,5,2023-07-04,03:52:00,32,True,No referral.,Minor,Night,Tuesday
5323,774-42-0800,Female,African American,41,2024-10-20,23:03:00,32,True,No referral.,Adult,Night,Sunday
5324,704-73-3087,Female,African American,22,2024-08-06,17:35:00,41,True,No referral.,Young Adult,Evening,Tuesday
5325,279-37-9814,Female,African American,2,2024-02-07,12:44:00,43,True,No referral.,Minor,Day,Wednesday
5326,396-12-3467,Female,African American,31,2024-08-09,20:52:00,43,True,No referral.,Young Adult,Evening,Friday
5327,592-26-8178,Female,African American,45,2023-05-31,07:44:00,53,True,No referral.,Middle-aged,Day,Wednesday
5328,459-19-7205,Female,African American,8,2024-07-22,23:15:00,57,True,No referral.,Minor,Night,Monday
5329,131-86-4510,Female,African American,43,2023-06-28,11:46:00,58,True,No referral.,Adult,Day,Wednesday
5330,282-68-5174,Female,African American,13,2023-02-11,20:55:00,17,True,No referral.,Minor,Evening,Saturday
5331,157-57-6255,Female,African American,68,2023-11-20,14:03:00,27,True,No referral.,Senior,Day,Monday
5332,547-28-7593,Female,African American,26,2024-09-27,11:03:00,29,True,No referral.,Young Adult,Day,Friday
5333,178-58-2186,Female,African American,42,2024-09-24,01:00:00,29,True,No referral.,Adult,Night,Tuesday
5334,344-79-1146,Female,African American,13,2024-02-22,13:51:00,45,True,No referral.,Minor,Day,Thursday
5335,452-12-7042,Female,African American,7,2023-03-09,08:37:00,50,True,No referral.,Minor,Day,Thursday
5336,153-66-2325,Female,African American,25,2024-07-03,22:36:00,54,True,No referral.,Young Adult,Evening,Wednesday
5337,249-51-3100,Female,African American,56,2024-03-05,23:26:00,57,True,No referral.,Older Adult,Night,Tuesday
5338,283-93-3887,Female,African American,36,2023-11-23,07:53:00,27,True,No referral.,Adult,Day,Thursday
5339,431-67-3146,Female,African American,73,2023-09-28,14:59:00,32,True,No referral.,Senior,Day,Thursday
5340,432-31-1766,Female,African American,62,2023-06-16,13:21:00,33,True,No referral.,Older Adult,Day,Friday
5341,770-37-1365,Female,African American,60,2023-10-18,13:22:00,36,True,No referral.,Older Adult,Day,Wednesday
5342,352-11-2598,Female,African American,69,2023-07-05,15:51:00,37,True,No referral.,Senior,Evening,Wednesday
5343,242-25-0104,Female,African American,57,2024-11-05,09:27:00,15,True,No referral.,Older Adult,Day,Tuesday
5344,401-49-3657,Female,African American,10,2024-06-22,01:43:00,16,True,No referral.,Minor,Night,Saturday
5345,229-03-5195,Female,African American,17,2024-04-13,02:09:00,18,True,No referral.,Minor,Night,Saturday
5346,716-90-5923,Female,African American,8,2024-01-01,11:42:00,21,True,No referral.,Minor,Day,Monday
5347,722-05-8745,Female,African American,2,2024-06-04,13:20:00,22,True,No referral.,Minor,Day,Tuesday
5348,249-88-6525,Female,African American,24,2023-09-28,03:18:00,20,True,No referral.,Young Adult,Night,Thursday
5349,726-87-5473,Female,African American,28,2023-03-12,15:18:00,30,True,No referral.,Young Adult,Evening,Sunday
5350,401-44-5151,Female,African American,5,2023-08-26,00:49:00,38,True,No referral.,Minor,Night,Saturday
5351,539-18-5390,Female,African American,40,2024-05-31,19:56:00,38,True,No referral.,Adult,Evening,Friday
5352,314-39-8096,Female,African American,29,2024-01-10,16:23:00,46,True,No referral.,Young Adult,Evening,Wednesday
5353,648-39-7082,Female,African American,23,2023-06-26,01:22:00,18,True,No referral.,Young Adult,Night,Monday
5354,540-13-9723,Female,African American,74,2023-09-21,02:31:00,18,True,No referral.,Senior,Night,Thursday
5355,624-61-4137,Female,African American,11,2023-09-24,19:27:00,20,True,No referral.,Minor,Evening,Sunday
5356,131-12-7088,Female,African American,75,2024-07-24,04:06:00,24,True,No referral.,Senior,Night,Wednesday
5357,112-04-3574,Female,African American,56,2023-10-17,10:23:00,25,True,No referral.,Older Adult,Day,Tuesday
5358,695-82-2847,Female,African American,79,2024-06-30,19:02:00,25,True,No referral.,Senior,Evening,Sunday
5359,193-14-0533,Female,African American,9,2023-11-19,19:58:00,32,True,No referral.,Minor,Evening,Sunday
5360,275-06-8401,Female,African American,21,2023-11-23,08:52:00,32,True,No referral.,Young Adult,Day,Thursday
5361,250-22-9666,Female,African American,35,2024-08-16,22:24:00,32,True,No referral.,Adult,Evening,Friday
5362,118-21-1408,Female,African American,61,2023-06-14,17:21:00,35,True,No referral.,Older Adult,Evening,Wednesday
5363,558-13-0654,Female,African American,61,2024-12-10,18:22:00,42,True,No referral.,Older Adult,Evening,Tuesday
5364,122-20-7063,Female,African American,11,2024-07-14,19:51:00,45,True,No referral.,Minor,Evening,Sunday
5365,846-14-9064,Female,African American,21,2024-05-21,07:18:00,45,True,No referral.,Young Adult,Day,Tuesday
5366,594-14-9127,Female,African American,41,2023-11-10,05:21:00,45,True,No referral.,Adult,Night,Friday
5367,678-92-5624,Female,African American,8,2024-11-02,19:59:00,47,True,No referral.,Minor,Evening,Saturday
5368,549-67-9921,Female,African American,5,2024-05-04,08:24:00,49,True,No referral.,Minor,Day,Saturday
5369,198-17-1345,Female,African American,56,2023-10-19,07:27:00,57,True,No referral.,Older Adult,Day,Thursday
5370,687-31-7083,Female,African American,38,2023-06-11,23:40:00,60,True,No referral.,Adult,Night,Sunday
5371,807-06-2498,Female,African American,66,2024-01-03,03:23:00,60,True,No referral.,Senior,Night,Wednesday
5372,797-83-6141,Female,African American,14,2023-12-20,06:10:00,20,True,No referral.,Minor,Night,Wednesday
5373,239-13-8585,Female,African American,45,2024-02-22,16:40:00,21,True,No referral.,Middle-aged,Evening,Thursday
5374,891-40-2451,Female,African American,31,2023-08-18,15:01:00,25,True,No referral.,Young Adult,Evening,Friday
5375,418-08-2525,Female,African American,10,2024-03-19,22:00:00,46,True,No referral.,Minor,Evening,Tuesday
5376,103-87-1157,Female,African American,51,2023-09-15,16:56:00,46,True,No referral.,Middle-aged,Evening,Friday
5377,430-06-5242,Female,African American,29,2023-07-12,11:37:00,47,True,No referral.,Young Adult,Day,Wednesday
5378,746-57-1832,Female,African American,52,2023-04-21,19:20:00,52,True,No referral.,Middle-aged,Evening,Friday
5379,177-87-5959,Female,African American,39,2023-12-04,14:37:00,27,True,No referral.,Adult,Day,Monday
5380,829-75-6831,Female,African American,35,2024-11-03,21:11:00,28,True,No referral.,Adult,Evening,Sunday
5381,160-66-2221,Female,African American,14,2023-05-17,01:52:00,31,True,No referral.,Minor,Night,Wednesday
5382,627-43-1873,Female,African American,3,2024-07-26,17:25:00,53,True,No referral.,Minor,Evening,Friday
5383,771-36-1122,Female,African American,29,2023-07-20,12:01:00,56,True,No referral.,Young Adult,Day,Thursday
5384,209-61-6925,Female,African American,68,2024-01-10,21:49:00,56,True,No referral.,Senior,Evening,Wednesday
5385,646-01-7174,Female,African American,24,2024-07-17,09:48:00,47,True,No referral.,Young Adult,Day,Wednesday
5386,168-26-7298,Female,African American,21,2024-09-06,06:16:00,40,True,No referral.,Young Adult,Night,Friday
5387,243-12-6070,Female,African American,76,2023-07-29,15:49:00,32,True,No referral.,Senior,Evening,Saturday
5388,778-27-1739,Female,African American,39,2024-12-07,15:52:00,42,True,No referral.,Adult,Evening,Saturday
5389,456-85-7685,Female,African American,30,2024-10-06,00:10:00,32,True,No referral.,Young Adult,Night,Sunday
5390,840-02-8126,Female,African American,45,2023-06-22,14:28:00,12,True,No referral.,Middle-aged,Day,Thursday
5391,406-91-8582,Female,African American,41,2023-10-20,11:55:00,57,True,No referral.,Adult,Day,Friday
5392,302-30-5447,Female,African American,77,2024-06-26,09:31:00,44,True,No referral.,Senior,Day,Wednesday
5393,185-09-2897,Female,African American,78,2024-08-08,21:11:00,21,True,No referral.,Senior,Evening,Thursday
5394,290-98-3369,Female,African American,79,2023-06-08,00:10:00,28,True,No referral.,Senior,Night,Thursday
5395,512-12-3157,Female,African American,21,2024-05-20,04:02:00,18,True,No referral.,Young Adult,Night,Monday
5396,291-97-4031,Female,African American,75,2024-01-14,02:48:00,26,True,No referral.,Senior,Night,Sunday
5397,752-27-1468,Female,African American,68,2023-04-13,22:43:00,53,True,No referral.,Senior,Evening,Thursday
5398,197-31-7419,Female,African American,39,2023-05-30,13:54:00,53,True,No referral.,Adult,Day,Tuesday
5399,487-49-2870,Female,African American,61,2024-05-18,12:22:00,15,True,No referral.,Older Adult,Day,Saturday
5400,680-23-3462,Female,African American,76,2023-12-08,19:48:00,29,True,No referral.,Senior,Evening,Friday
5401,262-62-7521,Female,African American,22,2024-06-01,11:26:00,50,True,No referral.,Young Adult,Day,Saturday
5402,192-40-2024,Female,African American,42,2023-10-29,08:17:00,27,True,No referral.,Adult,Day,Sunday
5403,801-12-2935,Female,African American,74,2024-10-05,00:55:00,33,True,No referral.,Senior,Night,Saturday
5404,825-59-4709,Female,African American,71,2023-12-27,10:34:00,48,True,No referral.,Senior,Day,Wednesday
5405,675-90-7843,Female,African American,51,2023-06-27,17:11:00,17,True,No referral.,Middle-aged,Evening,Tuesday
5406,575-57-1946,Female,African American,41,2023-10-18,03:51:00,21,True,No referral.,Adult,Night,Wednesday
5407,456-83-3428,Female,African American,1,2024-08-05,18:10:00,17,True,No referral.,Minor,Evening,Monday
5408,838-47-2404,Female,African American,77,2024-04-13,04:31:00,23,True,No referral.,Senior,Night,Saturday
5409,731-16-0726,Female,African American,77,2024-09-02,04:03:00,36,True,No referral.,Senior,Night,Monday
5410,890-17-4503,Female,African American,10,2023-04-29,01:15:00,36,True,No referral.,Minor,Night,Saturday
5411,776-83-0168,Female,African American,24,2024-07-14,23:59:00,28,True,No referral.,Young Adult,Night,Sunday
5412,729-06-6771,Female,African American,56,2024-07-20,20:19:00,48,True,No referral.,Older Adult,Evening,Saturday
5413,206-38-8998,Female,African American,6,2024-10-19,22:03:00,43,True,No referral.,Minor,Evening,Saturday
5414,547-80-7704,Female,African American,17,2024-10-14,05:02:00,47,True,No referral.,Minor,Night,Monday
5415,595-17-3646,Female,African American,56,2023-10-28,16:27:00,45,True,No referral.,Older Adult,Evening,Saturday
5416,126-06-1498,Female,African American,70,2024-10-29,23:33:00,42,True,No referral.,Senior,Night,Tuesday
5417,713-45-4927,Female,African American,63,2024-10-05,05:01:00,21,True,No referral.,Older Adult,Night,Saturday
5418,639-41-9990,Female,African American,18,2024-01-15,21:39:00,60,True,No referral.,Minor,Evening,Monday
5419,507-70-6534,Female,African American,48,2023-09-13,12:51:00,52,True,No referral.,Middle-aged,Day,Wednesday
5420,820-75-0266,Female,African American,67,2023-06-11,07:41:00,59,True,No referral.,Senior,Day,Sunday
5421,232-87-0576,Female,African American,75,2023-04-10,05:00:00,58,True,No referral.,Senior,Night,Monday
5422,166-14-0422,Female,African American,50,2024-11-06,18:03:00,21,True,No referral.,Middle-aged,Evening,Wednesday
5423,569-52-7198,Female,African American,42,2024-05-28,11:40:00,14,True,No referral.,Adult,Day,Tuesday
5424,245-50-6682,Female,African American,39,2024-05-06,20:56:00,57,True,No referral.,Adult,Evening,Monday
5425,779-70-5458,Female,African American,53,2024-02-08,23:30:00,41,True,No referral.,Middle-aged,Night,Thursday
5426,678-99-7710,Female,African American,3,2024-08-03,12:30:00,27,True,No referral.,Minor,Day,Saturday
5427,170-27-6532,Female,African American,37,2023-10-26,09:57:00,24,True,No referral.,Adult,Day,Thursday
5428,377-36-2473,Female,African American,38,2024-06-25,06:17:00,58,True,No referral.,Adult,Night,Tuesday
5429,488-25-3285,Female,African American,6,2023-09-07,02:42:00,30,True,No referral.,Minor,Night,Thursday
5430,591-74-8687,Female,African American,77,2023-08-04,08:12:00,32,True,No referral.,Senior,Day,Friday
5431,195-62-9243,Female,African American,12,2024-06-28,07:53:00,54,True,No referral.,Minor,Day,Friday
5432,381-17-0498,Female,African American,15,2023-11-24,15:03:00,24,True,No referral.,Minor,Evening,Friday
5433,713-04-2906,Female,African American,45,2024-04-22,07:26:00,41,True,No referral.,Middle-aged,Day,Monday
5434,499-82-8133,Female,African American,49,2023-10-19,18:20:00,58,True,No referral.,Middle-aged,Evening,Thursday
5435,853-74-7180,Female,African American,72,2023-11-19,00:35:00,14,True,No referral.,Senior,Night,Sunday
5436,215-82-5429,Female,African American,50,2023-10-19,14:46:00,57,True,No referral.,Middle-aged,Day,Thursday
5437,588-82-3045,Female,African American,44,2024-01-14,09:34:00,21,True,No referral.,Adult,Day,Sunday
5438,490-46-3294,Female,African American,48,2024-07-31,16:48:00,37,True,No referral.,Middle-aged,Evening,Wednesday
5439,845-71-7210,Female,African American,50,2023-09-16,22:41:00,45,True,No referral.,Middle-aged,Evening,Saturday
5440,712-08-8150,Female,African American,30,2023-04-05,12:21:00,36,True,No referral.,Young Adult,Day,Wednesday
5441,727-44-0682,Female,African American,1,2024-02-26,15:57:00,27,True,Orthopedics,Minor,Evening,Monday
5442,272-21-3976,Female,African American,28,2023-06-26,08:59:00,30,True,Orthopedics,Young Adult,Day,Monday
5443,176-25-2920,Female,African American,1,2024-05-22,01:05:00,39,True,Orthopedics,Minor,Night,Wednesday
5444,874-78-5105,Female,African American,43,2023-11-24,23:23:00,50,True,Orthopedics,Adult,Night,Friday
5445,302-92-2947,Female,African American,66,2023-08-05,02:11:00,31,True,Orthopedics,Senior,Night,Saturday
5446,778-27-5802,Female,African American,14,2024-06-30,09:07:00,60,True,Orthopedics,Minor,Day,Sunday
5447,332-58-2941,Female,African American,49,2023-09-13,07:14:00,25,True,Orthopedics,Middle-aged,Day,Wednesday
5448,264-85-2192,Female,African American,50,2023-04-07,21:12:00,25,True,Orthopedics,Middle-aged,Evening,Friday
5449,852-08-4548,Female,African American,76,2023-11-10,17:26:00,40,True,Orthopedics,Senior,Evening,Friday
5450,398-45-7125,Female,African American,11,2024-07-15,21:07:00,11,True,Orthopedics,Minor,Evening,Monday
5451,120-35-8220,Female,African American,69,2023-11-26,14:18:00,30,True,Orthopedics,Senior,Day,Sunday
5452,868-66-3389,Female,African American,2,2023-10-31,16:40:00,47,True,Orthopedics,Minor,Evening,Tuesday
5453,450-76-1418,Female,African American,27,2023-10-13,13:08:00,13,True,Orthopedics,Young Adult,Day,Friday
5454,648-42-6604,Female,African American,14,2023-11-07,15:15:00,51,True,Orthopedics,Minor,Evening,Tuesday
5455,612-81-7718,Female,African American,18,2023-10-26,06:22:00,36,True,Orthopedics,Minor,Night,Thursday
5456,432-18-6164,Female,African American,11,2024-07-29,21:43:00,23,True,Orthopedics,Minor,Evening,Monday
5457,688-49-8033,Female,African American,17,2024-09-19,14:14:00,51,True,Orthopedics,Minor,Day,Thursday
5458,254-14-1466,Female,African American,35,2023-04-25,09:46:00,21,True,Orthopedics,Adult,Day,Tuesday
5459,842-01-2749,Female,African American,18,2024-05-25,00:52:00,44,True,Orthopedics,Minor,Night,Saturday
5460,597-02-5455,Female,African American,5,2024-10-09,06:36:00,30,True,Orthopedics,Minor,Night,Wednesday
5461,212-19-0545,Female,African American,41,2023-02-06,03:42:00,12,True,Orthopedics,Adult,Night,Monday
5462,593-38-7471,Female,African American,62,2023-12-27,22:28:00,32,True,Orthopedics,Older Adult,Evening,Wednesday
5463,333-09-7490,Female,African American,72,2024-05-25,21:28:00,24,True,Orthopedics,Senior,Evening,Saturday
5464,229-98-0118,Female,African American,62,2024-01-17,07:25:00,33,True,Orthopedics,Older Adult,Day,Wednesday
5465,731-75-7101,Female,African American,64,2024-10-21,11:48:00,30,True,Orthopedics,Older Adult,Day,Monday
5466,103-94-9474,Female,African American,68,2024-03-09,04:30:00,30,True,Orthopedics,Senior,Night,Saturday
5467,617-41-0266,Female,African American,33,2023-09-14,10:42:00,43,True,Orthopedics,Young Adult,Day,Thursday
5468,171-02-6921,Female,African American,3,2023-04-23,18:31:00,50,True,Orthopedics,Minor,Evening,Sunday
5469,421-79-3102,Female,African American,56,2023-10-23,04:06:00,19,True,Orthopedics,Older Adult,Night,Monday
5470,723-91-6052,Female,African American,43,2024-12-09,08:50:00,25,True,Orthopedics,Adult,Day,Monday
5471,327-18-9666,Female,African American,17,2023-12-11,20:18:00,60,True,Orthopedics,Minor,Evening,Monday
5472,465-96-7433,Female,African American,57,2024-07-19,04:21:00,30,True,Orthopedics,Older Adult,Night,Friday
5473,734-01-2423,Female,African American,1,2024-07-13,19:48:00,40,True,Orthopedics,Minor,Evening,Saturday
5474,504-30-7957,Female,African American,77,2024-06-17,19:15:00,23,True,Orthopedics,Senior,Evening,Monday
5475,126-09-0081,Female,African American,67,2023-09-06,19:44:00,10,True,Orthopedics,Senior,Evening,Wednesday
5476,423-67-7757,Female,African American,66,2024-11-01,14:14:00,60,True,Orthopedics,Senior,Day,Friday
5477,796-98-4459,Female,African American,68,2024-12-10,16:16:00,60,True,Orthopedics,Senior,Evening,Tuesday
5478,144-51-9050,Female,African American,39,2023-12-24,17:19:00,51,True,Orthopedics,Adult,Evening,Sunday
5479,225-66-0995,Female,African American,46,2024-09-08,08:03:00,53,True,Orthopedics,Middle-aged,Day,Sunday
5480,674-79-1988,Female,African American,9,2023-06-25,17:17:00,56,True,Orthopedics,Minor,Evening,Sunday
5481,878-59-3101,Female,African American,38,2024-10-22,17:21:00,39,True,Orthopedics,Adult,Evening,Tuesday
5482,216-16-4089,Female,African American,13,2023-09-28,03:50:00,42,True,Orthopedics,Minor,Night,Thursday
5483,482-47-8887,Female,African American,23,2024-05-05,07:56:00,58,True,Orthopedics,Young Adult,Day,Sunday
5484,323-99-0794,Female,African American,6,2024-04-01,14:54:00,42,True,Orthopedics,Minor,Day,Monday
5485,680-97-7540,Female,African American,4,2024-04-19,23:33:00,15,True,Orthopedics,Minor,Night,Friday
5486,528-27-9854,Female,African American,69,2023-11-20,02:36:00,48,True,Orthopedics,Senior,Night,Monday
5487,596-74-9395,Female,African American,72,2024-03-10,05:15:00,27,True,Physiotherapy,Senior,Night,Sunday
5488,684-49-5005,Female,African American,20,2024-06-08,09:02:00,44,True,Physiotherapy,Young Adult,Day,Saturday
5489,771-58-1297,Female,African American,33,2024-01-03,11:39:00,17,True,Physiotherapy,Young Adult,Day,Wednesday
5490,623-43-0277,Female,African American,28,2023-05-24,23:17:00,40,True,Physiotherapy,Young Adult,Night,Wednesday
5491,121-38-6162,Female,African American,67,2023-08-29,14:15:00,30,True,Physiotherapy,Senior,Day,Tuesday
5492,790-47-5011,Female,African American,31,2024-02-29,18:50:00,47,True,Physiotherapy,Young Adult,Evening,Thursday
5493,528-14-7644,Female,African American,79,2024-06-14,04:56:00,43,True,Physiotherapy,Senior,Night,Friday
5494,439-49-1454,Female,African American,70,2023-12-19,18:57:00,56,True,Renal,Senior,Evening,Tuesday
5495,418-93-9376,Female,African American,53,2023-07-07,16:30:00,37,True,Renal,Middle-aged,Evening,Friday
5496,509-37-4729,Female,African American,25,2023-08-04,16:43:00,50,True,Renal,Young Adult,Evening,Friday
5497,277-46-7550,Female,African American,46,2023-05-22,01:08:00,11,True,Renal,Middle-aged,Night,Monday
5498,509-82-3979,Female,Asian,37,2023-08-06,00:40:00,34,True,Cardiology,Adult,Night,Sunday
5499,151-12-1817,Female,Asian,17,2024-03-19,03:00:00,58,True,Cardiology,Minor,Night,Tuesday
5500,389-37-7548,Female,Asian,2,2024-10-16,19:12:00,18,True,Cardiology,Minor,Evening,Wednesday
5501,436-34-8687,Female,Asian,22,2023-05-22,15:25:00,56,True,Cardiology,Young Adult,Evening,Monday
5502,359-65-8965,Female,Asian,66,2023-04-29,02:43:00,18,True,Cardiology,Senior,Night,Saturday
5503,441-37-7166,Female,Asian,58,2023-07-30,03:29:00,48,True,Gastroenterology,Older Adult,Night,Sunday
5504,592-43-3478,Female,Asian,68,2023-11-27,03:18:00,34,True,Gastroenterology,Senior,Night,Monday
5505,381-25-6871,Female,Asian,41,2024-04-07,13:46:00,22,True,Gastroenterology,Adult,Day,Sunday
5506,184-86-0569,Female,Asian,41,2023-10-21,10:11:00,10,True,Gastroenterology,Adult,Day,Saturday
5507,146-21-5418,Female,Asian,22,2023-02-09,09:32:00,18,True,Gastroenterology,Young Adult,Day,Thursday
5508,719-53-4693,Female,Asian,57,2023-10-10,11:02:00,58,True,General Practice,Older Adult,Day,Tuesday
5509,464-32-0501,Female,Asian,15,2024-07-15,21:14:00,41,True,General Practice,Minor,Evening,Monday
5510,418-42-2687,Female,Asian,62,2023-05-12,01:52:00,45,True,General Practice,Older Adult,Night,Friday
5511,863-62-1034,Female,Asian,33,2024-05-21,18:59:00,22,True,General Practice,Young Adult,Evening,Tuesday
5512,219-71-9644,Female,Asian,19,2023-09-04,15:36:00,30,True,General Practice,Minor,Evening,Monday
5513,601-70-5406,Female,Asian,22,2024-09-20,23:32:00,51,True,General Practice,Young Adult,Night,Friday
5514,797-42-0238,Female,Asian,21,2024-04-06,23:32:00,13,True,General Practice,Young Adult,Night,Saturday
5515,845-97-2213,Female,Asian,42,2024-01-20,06:17:00,23,True,General Practice,Adult,Night,Saturday
5516,366-08-8943,Female,Asian,36,2023-11-04,10:55:00,40,True,General Practice,Adult,Day,Saturday
5517,605-89-6750,Female,Asian,55,2024-10-21,04:12:00,55,True,General Practice,Older Adult,Night,Monday
5518,385-81-2614,Female,Asian,37,2023-11-17,08:59:00,58,True,General Practice,Adult,Day,Friday
5519,413-17-8936,Female,Asian,61,2024-05-21,21:13:00,58,True,General Practice,Older Adult,Evening,Tuesday
5520,752-74-9026,Female,Asian,42,2023-10-24,15:50:00,38,True,General Practice,Adult,Evening,Tuesday
5521,817-91-1171,Female,Asian,34,2024-07-03,06:31:00,51,True,General Practice,Young Adult,Night,Wednesday
5522,374-55-2198,Female,Asian,62,2023-09-26,02:24:00,30,True,General Practice,Older Adult,Night,Tuesday
5523,438-63-2567,Female,Asian,15,2024-02-05,20:26:00,20,True,General Practice,Minor,Evening,Monday
5524,142-78-0838,Female,Asian,3,2023-12-04,09:12:00,29,True,General Practice,Minor,Day,Monday
5525,588-34-9582,Female,Asian,61,2023-09-25,05:34:00,44,True,General Practice,Older Adult,Night,Monday
5526,259-94-8763,Female,Asian,51,2024-08-30,06:51:00,48,True,General Practice,Middle-aged,Night,Friday
5527,272-14-3969,Female,Asian,32,2023-11-15,07:05:00,11,True,General Practice,Young Adult,Day,Wednesday
5528,166-24-3928,Female,Asian,70,2024-09-21,05:12:00,13,True,General Practice,Senior,Night,Saturday
5529,152-15-6583,Female,Asian,34,2024-04-25,07:20:00,24,True,General Practice,Young Adult,Day,Thursday
5530,457-08-7699,Female,Asian,32,2023-05-12,01:33:00,39,True,General Practice,Young Adult,Night,Friday
5531,595-49-5401,Female,Asian,72,2024-02-07,15:16:00,12,True,General Practice,Senior,Evening,Wednesday
5532,424-98-4798,Female,Asian,15,2023-11-15,19:44:00,48,True,General Practice,Minor,Evening,Wednesday
5533,502-22-3736,Female,Asian,12,2024-06-08,16:09:00,49,True,General Practice,Minor,Evening,Saturday
5534,519-85-8257,Female,Asian,60,2024-07-02,05:37:00,21,True,General Practice,Older Adult,Night,Tuesday
5535,810-56-7934,Female,Asian,27,2023-03-09,21:33:00,23,True,General Practice,Young Adult,Evening,Thursday
5536,277-46-8394,Female,Asian,58,2024-09-26,09:37:00,10,True,General Practice,Older Adult,Day,Thursday
5537,222-81-0128,Female,Asian,55,2023-10-04,01:20:00,20,True,General Practice,Older Adult,Night,Wednesday
5538,655-78-5772,Female,Asian,59,2024-04-24,14:08:00,54,True,General Practice,Older Adult,Day,Wednesday
5539,658-77-0611,Female,Asian,49,2024-11-08,21:39:00,58,True,General Practice,Middle-aged,Evening,Friday
5540,150-06-3104,Female,Asian,20,2024-05-14,17:00:00,10,True,General Practice,Young Adult,Evening,Tuesday
5541,632-73-1326,Female,Asian,52,2023-05-25,12:17:00,26,True,General Practice,Middle-aged,Day,Thursday
5542,354-85-6127,Female,Asian,21,2024-09-26,07:45:00,50,True,General Practice,Young Adult,Day,Thursday
5543,444-76-3586,Female,Asian,33,2024-06-27,11:43:00,58,True,General Practice,Young Adult,Day,Thursday
5544,547-37-9917,Female,Asian,13,2024-06-15,14:00:00,37,True,General Practice,Minor,Day,Saturday
5545,811-63-4808,Female,Asian,73,2023-12-11,06:24:00,40,True,General Practice,Senior,Night,Monday
5546,835-53-2620,Female,Asian,44,2024-05-13,09:36:00,11,True,General Practice,Adult,Day,Monday
5547,377-52-6375,Female,Asian,78,2024-12-08,01:13:00,38,True,General Practice,Senior,Night,Sunday
5548,534-94-9959,Female,Asian,60,2023-12-24,07:15:00,10,True,General Practice,Older Adult,Day,Sunday
5549,524-48-9686,Female,Asian,79,2024-10-20,12:24:00,44,True,General Practice,Senior,Day,Sunday
5550,867-05-4344,Female,Asian,31,2023-04-16,02:26:00,27,True,General Practice,Young Adult,Night,Sunday
5551,826-35-4257,Female,Asian,25,2023-08-28,07:47:00,35,True,General Practice,Young Adult,Day,Monday
5552,344-07-4253,Female,Asian,39,2024-01-10,07:50:00,44,True,General Practice,Adult,Day,Wednesday
5553,422-17-9207,Female,Asian,54,2024-08-09,01:45:00,44,True,General Practice,Middle-aged,Night,Friday
5554,881-28-1862,Female,Asian,63,2024-07-30,14:42:00,23,True,General Practice,Older Adult,Day,Tuesday
5555,356-20-1445,Female,Asian,56,2023-12-13,04:51:00,10,True,General Practice,Older Adult,Night,Wednesday
5556,758-69-7526,Female,Asian,13,2023-01-10,14:19:00,48,True,General Practice,Minor,Day,Tuesday
5557,152-64-9915,Female,Asian,70,2024-03-16,16:13:00,57,True,General Practice,Senior,Evening,Saturday
5558,562-51-2259,Female,Asian,22,2023-06-27,13:10:00,34,True,General Practice,Young Adult,Day,Tuesday
5559,679-45-5128,Female,Asian,33,2023-08-20,19:50:00,25,True,General Practice,Young Adult,Evening,Sunday
5560,542-01-8930,Female,Asian,23,2024-01-20,23:57:00,42,True,General Practice,Young Adult,Night,Saturday
5561,546-46-2582,Female,Asian,6,2024-06-05,23:46:00,31,True,Neurology,Minor,Night,Wednesday
5562,272-77-4899,Female,Asian,12,2023-07-06,22:59:00,28,True,Neurology,Minor,Evening,Thursday
5563,887-12-8505,Female,Asian,41,2024-10-15,23:29:00,58,True,Neurology,Adult,Night,Tuesday
5564,575-80-7147,Female,Asian,21,2023-11-24,12:52:00,37,True,No referral.,Young Adult,Day,Friday
5565,245-86-3689,Female,Asian,72,2023-12-16,20:05:00,55,True,No referral.,Senior,Evening,Saturday
5566,473-65-5654,Female,Asian,36,2023-04-22,18:25:00,26,True,No referral.,Adult,Evening,Saturday
5567,195-44-8741,Female,Asian,73,2024-05-27,00:11:00,41,True,No referral.,Senior,Night,Monday
5568,537-50-1785,Female,Asian,10,2023-12-11,11:40:00,22,True,No referral.,Minor,Day,Monday
5569,853-59-3857,Female,Asian,29,2024-03-07,12:30:00,34,True,No referral.,Young Adult,Day,Thursday
5570,369-41-9793,Female,Asian,45,2024-05-21,14:33:00,50,True,No referral.,Middle-aged,Day,Tuesday
5571,171-34-1802,Female,Asian,57,2023-07-25,00:34:00,22,True,No referral.,Older Adult,Night,Tuesday
5572,261-26-8671,Female,Asian,72,2024-01-26,20:26:00,10,True,No referral.,Senior,Evening,Friday
5573,802-76-3724,Female,Asian,29,2024-09-01,22:00:00,13,True,No referral.,Young Adult,Evening,Sunday
5574,240-90-4141,Female,Asian,42,2023-06-12,02:09:00,24,True,No referral.,Adult,Night,Monday
5575,484-25-1477,Female,Asian,28,2023-12-13,08:24:00,44,True,No referral.,Young Adult,Day,Wednesday
5576,609-54-3148,Female,Asian,66,2023-11-08,17:35:00,44,True,No referral.,Senior,Evening,Wednesday
5577,424-56-1864,Female,Asian,5,2024-04-18,14:24:00,21,True,No referral.,Minor,Day,Thursday
5578,731-96-5950,Female,Asian,20,2023-07-25,09:22:00,23,True,No referral.,Young Adult,Day,Tuesday
5579,829-50-2356,Female,Asian,46,2023-05-06,04:11:00,30,True,No referral.,Middle-aged,Night,Saturday
5580,157-86-8870,Female,Asian,12,2023-08-16,10:48:00,37,True,No referral.,Minor,Day,Wednesday
5581,223-71-4722,Female,Asian,12,2023-04-21,07:31:00,15,True,No referral.,Minor,Day,Friday
5582,345-82-8537,Female,Asian,9,2023-06-16,21:47:00,19,True,No referral.,Minor,Evening,Friday
5583,601-40-1988,Female,Asian,38,2024-07-21,06:00:00,27,True,No referral.,Adult,Night,Sunday
5584,498-12-3034,Female,Asian,46,2024-06-04,01:30:00,40,True,No referral.,Middle-aged,Night,Tuesday
5585,839-47-7307,Female,Asian,29,2024-09-18,06:00:00,52,True,No referral.,Young Adult,Night,Wednesday
5586,508-31-1080,Female,Asian,9,2024-01-08,11:32:00,59,True,No referral.,Minor,Day,Monday
5587,373-09-7656,Female,Asian,67,2023-04-11,03:08:00,17,True,No referral.,Senior,Night,Tuesday
5588,519-47-6165,Female,Asian,26,2023-07-29,23:53:00,57,True,No referral.,Young Adult,Night,Saturday
5589,530-65-7735,Female,Asian,27,2024-01-29,06:56:00,58,True,No referral.,Young Adult,Night,Monday
5590,312-08-6219,Female,Asian,47,2024-02-15,09:39:00,27,True,No referral.,Middle-aged,Day,Thursday
5591,663-72-5329,Female,Asian,61,2024-03-06,18:24:00,47,True,No referral.,Older Adult,Evening,Wednesday
5592,531-19-9617,Female,Asian,68,2023-05-09,00:55:00,34,True,No referral.,Senior,Night,Tuesday
5593,241-68-6242,Female,Asian,26,2023-04-13,05:35:00,37,True,No referral.,Young Adult,Night,Thursday
5594,648-84-6300,Female,Asian,15,2023-06-18,11:19:00,55,True,No referral.,Minor,Day,Sunday
5595,459-84-5993,Female,Asian,4,2023-11-24,22:47:00,11,True,No referral.,Minor,Evening,Friday
5596,303-71-2802,Female,Asian,75,2024-01-24,11:56:00,15,True,No referral.,Senior,Day,Wednesday
5597,646-28-2601,Female,Asian,52,2024-07-23,08:57:00,20,True,No referral.,Middle-aged,Day,Tuesday
5598,670-58-4395,Female,Asian,10,2024-05-22,00:13:00,33,True,No referral.,Minor,Night,Wednesday
5599,237-96-9260,Female,Asian,27,2024-07-04,18:02:00,52,True,No referral.,Young Adult,Evening,Thursday
5600,592-78-5794,Female,Asian,22,2023-07-19,09:23:00,53,True,No referral.,Young Adult,Day,Wednesday
5601,144-23-9650,Female,Asian,6,2024-02-20,18:19:00,57,True,No referral.,Minor,Evening,Tuesday
5602,498-27-3065,Female,Asian,73,2023-07-15,20:43:00,13,True,No referral.,Senior,Evening,Saturday
5603,489-02-8826,Female,Asian,67,2024-02-21,16:15:00,16,True,No referral.,Senior,Evening,Wednesday
5604,378-32-2885,Female,Asian,45,2023-07-10,07:09:00,30,True,No referral.,Middle-aged,Day,Monday
5605,893-84-1872,Female,Asian,42,2023-02-07,22:21:00,35,True,No referral.,Adult,Evening,Tuesday
5606,755-10-1498,Female,Asian,47,2023-06-22,07:08:00,35,True,No referral.,Middle-aged,Day,Thursday
5607,435-90-3773,Female,Asian,16,2024-02-29,08:14:00,42,True,No referral.,Minor,Day,Thursday
5608,410-99-6767,Female,Asian,20,2024-08-31,01:51:00,52,True,No referral.,Young Adult,Night,Saturday
5609,451-80-6419,Female,Asian,53,2023-12-12,08:59:00,11,True,No referral.,Middle-aged,Day,Tuesday
5610,703-10-6119,Female,Asian,53,2024-04-21,12:03:00,20,True,No referral.,Middle-aged,Day,Sunday
5611,376-36-9792,Female,Asian,63,2023-09-13,11:19:00,31,True,No referral.,Older Adult,Day,Wednesday
5612,641-28-8440,Female,Asian,57,2024-04-21,23:54:00,36,True,No referral.,Older Adult,Night,Sunday
5613,618-61-7698,Female,Asian,44,2024-08-20,10:08:00,42,True,No referral.,Adult,Day,Tuesday
5614,570-04-4215,Female,Asian,49,2023-09-07,06:34:00,49,True,No referral.,Middle-aged,Night,Thursday
5615,101-56-3319,Female,Asian,44,2023-08-10,18:21:00,55,True,No referral.,Adult,Evening,Thursday
5616,175-60-6843,Female,Asian,73,2024-09-03,21:12:00,40,True,No referral.,Senior,Evening,Tuesday
5617,754-08-4143,Female,Asian,71,2024-10-28,20:35:00,49,True,No referral.,Senior,Evening,Monday
5618,811-51-3965,Female,Asian,76,2024-08-08,00:33:00,11,True,No referral.,Senior,Night,Thursday
5619,886-68-2597,Female,Asian,51,2024-01-15,14:38:00,38,True,No referral.,Middle-aged,Day,Monday
5620,802-89-4548,Female,Asian,26,2024-02-01,17:06:00,49,True,No referral.,Young Adult,Evening,Thursday
5621,325-34-7964,Female,Asian,49,2023-07-04,13:44:00,54,True,No referral.,Middle-aged,Day,Tuesday
5622,155-08-4866,Female,Asian,30,2024-11-07,21:37:00,26,True,No referral.,Young Adult,Evening,Thursday
5623,774-11-8347,Female,Asian,2,2023-12-27,18:06:00,43,True,No referral.,Minor,Evening,Wednesday
5624,876-64-9030,Female,Asian,16,2023-06-23,11:35:00,59,True,No referral.,Minor,Day,Friday
5625,202-19-6980,Female,Asian,75,2024-04-04,16:28:00,11,True,No referral.,Senior,Evening,Thursday
5626,505-68-6123,Female,Asian,78,2023-10-26,13:51:00,27,True,No referral.,Senior,Day,Thursday
5627,860-08-2680,Female,Asian,68,2023-09-07,01:11:00,25,True,No referral.,Senior,Night,Thursday
5628,589-37-3605,Female,Asian,79,2023-06-20,13:32:00,30,True,No referral.,Senior,Day,Tuesday
5629,628-78-2242,Female,Asian,18,2024-01-06,11:31:00,17,True,No referral.,Minor,Day,Saturday
5630,414-09-9485,Female,Asian,75,2023-05-13,23:15:00,28,True,No referral.,Senior,Night,Saturday
5631,484-45-3732,Female,Asian,8,2023-04-27,03:45:00,30,True,No referral.,Minor,Night,Thursday
5632,636-25-5929,Female,Asian,1,2023-09-24,06:45:00,35,True,No referral.,Minor,Night,Sunday
5633,740-71-8908,Female,Asian,56,2024-03-19,23:32:00,50,True,No referral.,Older Adult,Night,Tuesday
5634,722-50-5106,Female,Asian,57,2024-04-27,01:14:00,53,True,No referral.,Older Adult,Night,Saturday
5635,483-65-9338,Female,Asian,36,2024-08-05,04:20:00,13,True,No referral.,Adult,Night,Monday
5636,267-18-2904,Female,Asian,51,2024-05-06,07:47:00,26,True,No referral.,Middle-aged,Day,Monday
5637,438-78-5956,Female,Asian,49,2023-09-20,23:12:00,14,True,No referral.,Middle-aged,Night,Wednesday
5638,315-04-4027,Female,Asian,75,2024-09-06,15:15:00,19,True,No referral.,Senior,Evening,Friday
5639,547-56-8712,Female,Asian,4,2023-05-27,20:44:00,29,True,No referral.,Minor,Evening,Saturday
5640,581-50-9829,Female,Asian,49,2024-03-31,09:18:00,40,True,No referral.,Middle-aged,Day,Sunday
5641,807-93-4330,Female,Asian,76,2023-06-19,03:48:00,56,True,No referral.,Senior,Night,Monday
5642,131-64-1456,Female,Asian,44,2024-09-03,20:52:00,34,True,No referral.,Adult,Evening,Tuesday
5643,703-68-0368,Female,Asian,69,2023-08-12,14:32:00,41,True,No referral.,Senior,Day,Saturday
5644,368-23-5365,Female,Asian,17,2024-05-14,02:12:00,59,True,No referral.,Minor,Night,Tuesday
5645,613-25-8167,Female,Asian,78,2024-10-08,00:56:00,24,True,No referral.,Senior,Night,Tuesday
5646,652-90-6916,Female,Asian,56,2023-09-29,08:24:00,30,True,No referral.,Older Adult,Day,Friday
5647,447-10-9548,Female,Asian,28,2024-08-22,20:37:00,42,True,No referral.,Young Adult,Evening,Thursday
5648,786-85-5090,Female,Asian,18,2024-02-10,13:21:00,50,True,No referral.,Minor,Day,Saturday
5649,340-01-2682,Female,Asian,29,2024-08-19,03:19:00,56,True,No referral.,Young Adult,Night,Monday
5650,680-15-3313,Female,Asian,62,2024-04-07,17:28:00,18,True,No referral.,Older Adult,Evening,Sunday
5651,756-52-7604,Female,Asian,32,2023-06-15,21:58:00,25,True,No referral.,Young Adult,Evening,Thursday
5652,322-58-9129,Female,Asian,50,2023-10-18,13:36:00,15,True,No referral.,Middle-aged,Day,Wednesday
5653,347-45-3426,Female,Asian,23,2024-05-30,16:20:00,25,True,No referral.,Young Adult,Evening,Thursday
5654,273-92-4143,Female,Asian,76,2023-07-15,12:25:00,25,True,No referral.,Senior,Day,Saturday
5655,850-66-6683,Female,Asian,29,2024-06-13,20:12:00,30,True,No referral.,Young Adult,Evening,Thursday
5656,863-35-4422,Female,Asian,10,2024-04-19,18:33:00,58,True,No referral.,Minor,Evening,Friday
5657,692-09-6269,Female,Asian,71,2024-03-29,13:09:00,53,True,No referral.,Senior,Day,Friday
5658,594-59-0732,Female,Asian,32,2024-09-27,07:00:00,47,True,No referral.,Young Adult,Day,Friday
5659,758-79-5456,Female,Asian,38,2023-03-08,23:19:00,46,True,No referral.,Adult,Night,Wednesday
5660,539-79-7693,Female,Asian,32,2023-10-14,05:07:00,32,True,No referral.,Young Adult,Night,Saturday
5661,180-22-8491,Female,Asian,42,2023-02-05,19:46:00,37,True,No referral.,Adult,Evening,Sunday
5662,424-09-2525,Female,Asian,33,2024-04-18,22:59:00,39,True,No referral.,Young Adult,Evening,Thursday
5663,508-60-4216,Female,Asian,78,2023-10-06,02:05:00,12,True,No referral.,Senior,Night,Friday
5664,861-97-8016,Female,Asian,41,2024-01-27,09:41:00,14,True,No referral.,Adult,Day,Saturday
5665,696-37-4637,Female,Asian,17,2023-10-23,18:29:00,60,True,No referral.,Minor,Evening,Monday
5666,411-87-1178,Female,Asian,33,2024-10-14,01:27:00,33,True,No referral.,Young Adult,Night,Monday
5667,737-27-3803,Female,Asian,23,2023-10-27,16:48:00,24,True,No referral.,Young Adult,Evening,Friday
5668,324-66-3926,Female,Asian,34,2023-04-18,12:05:00,60,True,No referral.,Young Adult,Day,Tuesday
5669,199-06-1284,Female,Asian,32,2024-06-04,08:16:00,30,True,No referral.,Young Adult,Day,Tuesday
5670,170-66-2703,Female,Asian,11,2024-02-08,12:42:00,22,True,No referral.,Minor,Day,Thursday
5671,713-58-6734,Female,Asian,42,2024-06-03,18:16:00,28,True,No referral.,Adult,Evening,Monday
5672,225-50-9516,Female,Asian,71,2023-11-24,15:56:00,14,True,No referral.,Senior,Evening,Friday
5673,338-57-1208,Female,Asian,5,2024-01-01,23:48:00,47,True,No referral.,Minor,Night,Monday
5674,738-87-2087,Female,Asian,3,2024-06-19,13:47:00,18,True,No referral.,Minor,Day,Wednesday
5675,502-63-7645,Female,Asian,74,2024-03-25,20:18:00,26,True,No referral.,Senior,Evening,Monday
5676,299-88-9041,Female,Asian,29,2024-02-14,12:57:00,43,True,No referral.,Young Adult,Day,Wednesday
5677,445-98-3362,Female,Asian,65,2023-03-11,18:04:00,21,True,No referral.,Senior,Evening,Saturday
5678,752-09-3325,Female,Asian,29,2023-07-22,22:47:00,40,True,No referral.,Young Adult,Evening,Saturday
5679,560-18-9530,Female,Asian,43,2024-07-29,22:47:00,48,True,No referral.,Adult,Evening,Monday
5680,380-93-9949,Female,Asian,2,2023-04-18,00:05:00,39,True,No referral.,Minor,Night,Tuesday
5681,756-50-0652,Female,Asian,50,2024-05-25,21:07:00,48,True,No referral.,Middle-aged,Evening,Saturday
5682,439-06-2525,Female,Asian,64,2024-04-16,03:39:00,10,True,No referral.,Older Adult,Night,Tuesday
5683,581-49-3932,Female,Asian,26,2023-04-05,02:39:00,29,True,No referral.,Young Adult,Night,Wednesday
5684,704-29-6937,Female,Asian,39,2024-04-05,18:36:00,17,True,No referral.,Adult,Evening,Friday
5685,743-80-6642,Female,Asian,47,2024-04-09,19:59:00,32,True,No referral.,Middle-aged,Evening,Tuesday
5686,313-31-2353,Female,Asian,30,2023-03-08,00:27:00,40,True,No referral.,Young Adult,Night,Wednesday
5687,574-42-7411,Female,Asian,21,2023-11-09,15:13:00,31,True,No referral.,Young Adult,Evening,Thursday
5688,618-49-0866,Female,Asian,1,2023-11-27,00:32:00,14,True,No referral.,Minor,Night,Monday
5689,519-82-9080,Female,Asian,23,2023-10-22,15:09:00,53,True,No referral.,Young Adult,Evening,Sunday
5690,645-75-6454,Female,Asian,60,2023-05-26,22:54:00,24,True,No referral.,Older Adult,Evening,Friday
5691,845-28-0750,Female,Asian,18,2023-10-04,03:49:00,50,True,No referral.,Minor,Night,Wednesday
5692,747-67-5371,Female,Asian,2,2024-10-15,12:17:00,54,True,No referral.,Minor,Day,Tuesday
5693,244-72-1639,Female,Asian,27,2023-01-12,23:57:00,59,True,No referral.,Young Adult,Night,Thursday
5694,222-04-8858,Female,Asian,64,2024-02-18,05:38:00,42,True,No referral.,Older Adult,Night,Sunday
5695,321-88-9571,Female,Asian,53,2024-10-06,19:04:00,33,True,No referral.,Middle-aged,Evening,Sunday
5696,605-85-1839,Female,Asian,20,2023-08-18,10:59:00,56,True,No referral.,Young Adult,Day,Friday
5697,621-66-7813,Female,Asian,40,2024-02-25,15:05:00,36,True,No referral.,Adult,Evening,Sunday
5698,732-68-6339,Female,Asian,29,2023-09-30,01:30:00,53,True,No referral.,Young Adult,Night,Saturday
5699,887-69-1907,Female,Asian,35,2024-11-10,12:33:00,27,True,Orthopedics,Adult,Day,Sunday
5700,845-69-9025,Female,Asian,49,2024-04-16,20:07:00,58,True,Orthopedics,Middle-aged,Evening,Tuesday
5701,343-23-0272,Female,Asian,65,2024-04-21,19:45:00,14,True,Orthopedics,Senior,Evening,Sunday
5702,507-75-5145,Female,Asian,22,2024-03-04,08:19:00,52,True,Orthopedics,Young Adult,Day,Monday
5703,703-94-1485,Female,Asian,68,2024-07-16,13:29:00,15,True,Orthopedics,Senior,Day,Tuesday
5704,312-94-8735,Female,Asian,69,2023-02-12,19:36:00,37,True,Orthopedics,Senior,Evening,Sunday
5705,694-75-1010,Female,Asian,4,2024-05-31,13:47:00,15,True,Orthopedics,Minor,Day,Friday
5706,208-42-8204,Female,Asian,52,2024-02-02,00:27:00,58,True,Orthopedics,Middle-aged,Night,Friday
5707,342-20-9295,Female,Asian,16,2024-01-28,03:02:00,59,True,Orthopedics,Minor,Night,Sunday
5708,133-65-2351,Female,Asian,76,2023-03-05,04:59:00,57,True,Orthopedics,Senior,Night,Sunday
5709,452-46-7406,Female,Asian,40,2024-04-26,09:04:00,42,True,Orthopedics,Adult,Day,Friday
5710,553-53-6240,Female,Asian,17,2023-06-27,11:21:00,13,True,Orthopedics,Minor,Day,Tuesday
5711,455-54-8491,Female,Asian,71,2024-10-02,05:02:00,29,True,Orthopedics,Senior,Night,Wednesday
5712,139-06-1169,Female,Asian,24,2024-01-06,18:17:00,48,True,Orthopedics,Young Adult,Evening,Saturday
5713,384-72-1340,Female,Asian,15,2024-10-09,12:18:00,55,True,Orthopedics,Minor,Day,Wednesday
5714,740-27-0503,Female,Asian,30,2024-12-01,09:37:00,49,True,Orthopedics,Young Adult,Day,Sunday
5715,757-65-1358,Female,Asian,12,2023-09-25,21:52:00,11,True,Orthopedics,Minor,Evening,Monday
5716,411-44-1446,Female,Asian,65,2024-01-25,19:12:00,11,True,Orthopedics,Senior,Evening,Thursday
5717,477-84-3629,Female,Asian,28,2023-04-14,14:31:00,55,True,Orthopedics,Young Adult,Day,Friday
5718,267-77-7081,Female,Asian,46,2024-12-10,12:53:00,38,True,Orthopedics,Middle-aged,Day,Tuesday
5719,256-75-5796,Female,Asian,75,2023-10-22,21:29:00,30,True,Orthopedics,Senior,Evening,Sunday
5720,425-64-6539,Female,Asian,10,2023-09-30,09:33:00,32,True,Orthopedics,Minor,Day,Saturday
5721,517-10-4550,Female,Asian,47,2023-06-17,10:43:00,58,True,Orthopedics,Middle-aged,Day,Saturday
5722,151-30-1903,Female,Asian,50,2023-12-31,02:51:00,55,True,Physiotherapy,Middle-aged,Night,Sunday
5723,638-04-9364,Female,Asian,14,2023-05-13,02:11:00,24,True,Physiotherapy,Minor,Night,Saturday
5724,710-54-8702,Female,Asian,75,2023-04-12,23:50:00,58,True,Physiotherapy,Senior,Night,Wednesday
5725,409-18-9979,Female,Asian,52,2024-09-08,10:55:00,18,True,Physiotherapy,Middle-aged,Day,Sunday
5726,107-94-1465,Female,Asian,65,2024-05-10,18:48:00,11,True,Physiotherapy,Senior,Evening,Friday
5727,577-71-3589,Female,Asian,49,2024-07-25,04:07:00,15,True,Physiotherapy,Middle-aged,Night,Thursday
5728,156-93-3447,Female,Asian,5,2023-05-08,05:52:00,23,True,Physiotherapy,Minor,Night,Monday
5729,865-43-3940,Female,Asian,71,2023-07-15,10:03:00,42,True,Physiotherapy,Senior,Day,Saturday
5730,529-80-3128,Female,Asian,13,2024-02-18,20:22:00,27,True,Renal,Minor,Evening,Sunday
5731,753-03-6126,Female,Asian,43,2024-02-24,05:05:00,14,True,Renal,Adult,Night,Saturday
5732,203-07-9453,Female,Asian,36,2024-02-27,20:55:00,42,True,Renal,Adult,Evening,Tuesday
5733,109-71-9959,Female,Asian,13,2024-07-07,05:34:00,59,True,Renal,Minor,Night,Sunday
5734,214-01-2199,Female,Declined to Identify,3,2023-10-19,09:13:00,12,True,Cardiology,Minor,Day,Thursday
5735,598-54-0367,Female,Declined to Identify,74,2023-09-22,02:55:00,50,True,Cardiology,Senior,Night,Friday
5736,208-59-6965,Female,Declined to Identify,15,2024-01-25,03:24:00,24,True,Cardiology,Minor,Night,Thursday
5737,166-10-4126,Female,Declined to Identify,71,2024-12-03,10:41:00,28,True,Cardiology,Senior,Day,Tuesday
5738,388-09-3917,Female,Declined to Identify,69,2024-01-21,22:23:00,37,True,Cardiology,Senior,Evening,Sunday
5739,113-42-6171,Female,Declined to Identify,10,2023-08-21,03:43:00,52,True,Cardiology,Minor,Night,Monday
5740,668-36-4442,Female,Declined to Identify,16,2024-02-09,08:43:00,54,True,Gastroenterology,Minor,Day,Friday
5741,265-77-1242,Female,Declined to Identify,49,2024-08-22,08:12:00,55,True,Gastroenterology,Middle-aged,Day,Thursday
5742,536-86-9352,Female,Declined to Identify,63,2024-06-07,16:26:00,33,True,Gastroenterology,Older Adult,Evening,Friday
5743,875-18-8746,Female,Declined to Identify,63,2023-01-06,10:55:00,41,True,General Practice,Older Adult,Day,Friday
5744,739-88-4514,Female,Declined to Identify,51,2023-07-05,17:58:00,51,True,General Practice,Middle-aged,Evening,Wednesday
5745,689-39-0776,Female,Declined to Identify,62,2023-05-29,15:49:00,17,True,General Practice,Older Adult,Evening,Monday
5746,243-21-3862,Female,Declined to Identify,9,2024-07-07,19:38:00,15,True,General Practice,Minor,Evening,Sunday
5747,663-28-2643,Female,Declined to Identify,61,2024-09-25,20:49:00,33,True,General Practice,Older Adult,Evening,Wednesday
5748,124-82-5230,Female,Declined to Identify,74,2024-01-18,17:38:00,44,True,General Practice,Senior,Evening,Thursday
5749,302-08-4790,Female,Declined to Identify,3,2023-09-07,21:13:00,10,True,General Practice,Minor,Evening,Thursday
5750,420-78-7513,Female,Declined to Identify,78,2023-09-04,12:10:00,27,True,General Practice,Senior,Day,Monday
5751,709-58-4115,Female,Declined to Identify,2,2023-05-11,06:26:00,19,True,General Practice,Minor,Night,Thursday
5752,658-42-0940,Female,Declined to Identify,6,2023-12-20,23:50:00,19,True,General Practice,Minor,Night,Wednesday
5753,412-75-8243,Female,Declined to Identify,78,2023-04-17,21:17:00,30,True,General Practice,Senior,Evening,Monday
5754,522-95-4823,Female,Declined to Identify,18,2023-07-09,14:12:00,33,True,General Practice,Minor,Day,Sunday
5755,291-35-7777,Female,Declined to Identify,75,2024-12-01,17:44:00,41,True,General Practice,Senior,Evening,Sunday
5756,717-55-4547,Female,Declined to Identify,3,2024-05-02,15:53:00,42,True,General Practice,Minor,Evening,Thursday
5757,863-58-2563,Female,Declined to Identify,52,2024-04-01,01:09:00,14,True,General Practice,Middle-aged,Night,Monday
5758,372-25-7518,Female,Declined to Identify,67,2023-02-04,15:52:00,22,True,General Practice,Senior,Evening,Saturday
5759,709-74-1500,Female,Declined to Identify,32,2024-01-24,19:29:00,15,True,General Practice,Young Adult,Evening,Wednesday
5760,342-63-6565,Female,Declined to Identify,3,2023-12-18,05:47:00,16,True,General Practice,Minor,Night,Monday
5761,740-24-2394,Female,Declined to Identify,37,2023-08-29,12:41:00,57,True,General Practice,Adult,Day,Tuesday
5762,574-16-1174,Female,Declined to Identify,66,2024-05-31,07:16:00,31,True,General Practice,Senior,Day,Friday
5763,678-15-3957,Female,Declined to Identify,45,2023-02-05,16:55:00,19,True,General Practice,Middle-aged,Evening,Sunday
5764,483-85-8123,Female,Declined to Identify,5,2024-03-08,20:56:00,34,True,General Practice,Minor,Evening,Friday
5765,398-80-1558,Female,Declined to Identify,76,2024-10-10,18:30:00,10,True,General Practice,Senior,Evening,Thursday
5766,280-55-2076,Female,Declined to Identify,6,2024-07-09,14:46:00,21,True,General Practice,Minor,Day,Tuesday
5767,312-76-7073,Female,Declined to Identify,24,2023-12-16,03:43:00,44,True,General Practice,Young Adult,Night,Saturday
5768,188-21-0592,Female,Declined to Identify,65,2024-08-20,01:57:00,24,True,General Practice,Senior,Night,Tuesday
5769,303-52-1484,Female,Declined to Identify,16,2023-04-25,15:33:00,41,True,General Practice,Minor,Evening,Tuesday
5770,741-39-0715,Female,Declined to Identify,61,2023-08-08,05:07:00,32,True,General Practice,Older Adult,Night,Tuesday
5771,669-67-1385,Female,Declined to Identify,3,2024-08-26,20:54:00,58,True,General Practice,Minor,Evening,Monday
5772,196-82-1441,Female,Declined to Identify,14,2024-09-20,14:31:00,17,True,General Practice,Minor,Day,Friday
5773,418-06-2956,Female,Declined to Identify,6,2023-08-19,16:28:00,60,True,General Practice,Minor,Evening,Saturday
5774,739-19-5155,Female,Declined to Identify,73,2023-10-13,10:23:00,30,True,General Practice,Senior,Day,Friday
5775,677-14-1863,Female,Declined to Identify,17,2024-05-24,09:35:00,57,True,General Practice,Minor,Day,Friday
5776,885-77-1156,Female,Declined to Identify,34,2023-12-06,04:13:00,23,True,General Practice,Young Adult,Night,Wednesday
5777,898-29-8913,Female,Declined to Identify,54,2023-04-19,08:32:00,19,True,General Practice,Middle-aged,Day,Wednesday
5778,589-45-6897,Female,Declined to Identify,56,2024-07-29,03:03:00,49,True,General Practice,Older Adult,Night,Monday
5779,156-95-7483,Female,Declined to Identify,27,2023-06-09,01:37:00,49,True,General Practice,Young Adult,Night,Friday
5780,215-81-1749,Female,Declined to Identify,18,2024-06-15,04:32:00,57,True,General Practice,Minor,Night,Saturday
5781,676-68-0533,Female,Declined to Identify,14,2023-10-11,11:43:00,53,True,General Practice,Minor,Day,Wednesday
5782,182-57-2436,Female,Declined to Identify,34,2024-08-27,07:11:00,11,True,General Practice,Young Adult,Day,Tuesday
5783,218-35-3191,Female,Declined to Identify,60,2024-05-29,14:39:00,57,True,General Practice,Older Adult,Day,Wednesday
5784,319-81-9733,Female,Declined to Identify,58,2023-03-05,09:15:00,33,True,General Practice,Older Adult,Day,Sunday
5785,447-04-3850,Female,Declined to Identify,37,2024-07-28,02:11:00,49,True,General Practice,Adult,Night,Sunday
5786,157-79-9833,Female,Declined to Identify,68,2023-07-15,11:06:00,22,True,General Practice,Senior,Day,Saturday
5787,771-87-6088,Female,Declined to Identify,14,2024-08-24,06:24:00,22,True,Neurology,Minor,Night,Saturday
5788,332-35-8330,Female,Declined to Identify,14,2024-10-05,04:55:00,19,True,Neurology,Minor,Night,Saturday
5789,870-81-2711,Female,Declined to Identify,42,2024-05-09,12:39:00,60,True,Neurology,Adult,Day,Thursday
5790,846-18-6745,Female,Declined to Identify,68,2023-12-16,19:33:00,12,True,Neurology,Senior,Evening,Saturday
5791,409-76-4070,Female,Declined to Identify,39,2024-08-20,05:49:00,46,True,Neurology,Adult,Night,Tuesday
5792,836-04-7358,Female,Declined to Identify,61,2024-06-29,23:34:00,27,True,Neurology,Older Adult,Night,Saturday
5793,278-20-7716,Female,Declined to Identify,20,2023-12-29,22:54:00,23,True,No referral.,Young Adult,Evening,Friday
5794,791-23-7644,Female,Declined to Identify,4,2024-02-29,06:45:00,40,True,No referral.,Minor,Night,Thursday
5795,319-62-2474,Female,Declined to Identify,22,2023-07-20,00:08:00,45,True,No referral.,Young Adult,Night,Thursday
5796,746-63-8309,Female,Declined to Identify,77,2023-12-19,19:47:00,44,True,No referral.,Senior,Evening,Tuesday
5797,122-39-3967,Female,Declined to Identify,45,2023-10-23,19:25:00,56,True,No referral.,Middle-aged,Evening,Monday
5798,676-97-6820,Female,Declined to Identify,63,2024-09-16,08:30:00,11,True,No referral.,Older Adult,Day,Monday
5799,516-70-7067,Female,Declined to Identify,17,2023-11-07,17:23:00,18,True,No referral.,Minor,Evening,Tuesday
5800,188-83-5387,Female,Declined to Identify,5,2024-05-21,05:07:00,24,True,No referral.,Minor,Night,Tuesday
5801,807-87-8517,Female,Declined to Identify,23,2023-08-27,18:00:00,15,True,No referral.,Young Adult,Evening,Sunday
5802,325-65-7104,Female,Declined to Identify,72,2024-01-04,21:53:00,51,True,No referral.,Senior,Evening,Thursday
5803,120-16-5066,Female,Declined to Identify,43,2023-11-06,08:18:00,38,True,No referral.,Adult,Day,Monday
5804,512-45-8835,Female,Declined to Identify,26,2024-05-15,07:54:00,49,True,No referral.,Young Adult,Day,Wednesday
5805,547-62-9847,Female,Declined to Identify,43,2024-10-08,11:33:00,57,True,No referral.,Adult,Day,Tuesday
5806,324-96-4025,Female,Declined to Identify,30,2024-08-22,04:15:00,29,True,No referral.,Young Adult,Night,Thursday
5807,234-22-0190,Female,Declined to Identify,15,2024-08-23,17:40:00,33,True,No referral.,Minor,Evening,Friday
5808,428-45-4055,Female,Declined to Identify,49,2024-08-16,21:18:00,39,True,No referral.,Middle-aged,Evening,Friday
5809,498-50-8434,Female,Declined to Identify,69,2024-08-20,13:23:00,48,True,No referral.,Senior,Day,Tuesday
5810,508-43-6247,Female,Declined to Identify,7,2023-06-22,06:39:00,55,True,No referral.,Minor,Night,Thursday
5811,358-58-0862,Female,Declined to Identify,6,2023-10-10,01:43:00,60,True,No referral.,Minor,Night,Tuesday
5812,688-95-8066,Female,Declined to Identify,26,2023-12-30,21:28:00,14,True,No referral.,Young Adult,Evening,Saturday
5813,309-43-8681,Female,Declined to Identify,66,2024-07-17,04:58:00,23,True,No referral.,Senior,Night,Wednesday
5814,131-43-0412,Female,Declined to Identify,50,2023-06-04,23:08:00,42,True,No referral.,Middle-aged,Night,Sunday
5815,739-59-7499,Female,Declined to Identify,12,2024-08-17,11:49:00,54,True,No referral.,Minor,Day,Saturday
5816,508-63-2073,Female,Declined to Identify,4,2023-04-07,08:19:00,58,True,No referral.,Minor,Day,Friday
5817,872-78-1392,Female,Declined to Identify,7,2024-10-24,04:00:00,10,True,No referral.,Minor,Night,Thursday
5818,527-55-3384,Female,Declined to Identify,53,2023-05-21,17:49:00,21,True,No referral.,Middle-aged,Evening,Sunday
5819,287-12-3149,Female,Declined to Identify,64,2024-08-28,07:18:00,32,True,No referral.,Older Adult,Day,Wednesday
5820,851-59-7488,Female,Declined to Identify,18,2024-04-17,14:12:00,52,True,No referral.,Minor,Day,Wednesday
5821,799-77-3442,Female,Declined to Identify,16,2024-05-28,03:22:00,54,True,No referral.,Minor,Night,Tuesday
5822,241-92-0072,Female,Declined to Identify,36,2024-08-08,00:35:00,12,True,No referral.,Adult,Night,Thursday
5823,186-57-3914,Female,Declined to Identify,33,2023-03-09,09:55:00,24,True,No referral.,Young Adult,Day,Thursday
5824,251-76-8762,Female,Declined to Identify,67,2024-05-10,19:43:00,32,True,No referral.,Senior,Evening,Friday
5825,645-79-2722,Female,Declined to Identify,27,2024-03-02,10:38:00,33,True,No referral.,Young Adult,Day,Saturday
5826,631-58-0524,Female,Declined to Identify,58,2023-01-11,19:20:00,50,True,No referral.,Older Adult,Evening,Wednesday
5827,142-07-6600,Female,Declined to Identify,23,2024-08-10,18:09:00,11,True,No referral.,Young Adult,Evening,Saturday
5828,357-99-4836,Female,Declined to Identify,38,2023-04-11,11:39:00,13,True,No referral.,Adult,Day,Tuesday
5829,663-70-2265,Female,Declined to Identify,20,2023-12-12,05:31:00,32,True,No referral.,Young Adult,Night,Tuesday
5830,112-50-3721,Female,Declined to Identify,16,2024-01-19,16:35:00,60,True,No referral.,Minor,Evening,Friday
5831,282-75-0452,Female,Declined to Identify,53,2024-05-09,19:13:00,33,True,No referral.,Middle-aged,Evening,Thursday
5832,840-53-2866,Female,Declined to Identify,49,2023-09-11,17:28:00,52,True,No referral.,Middle-aged,Evening,Monday
5833,223-82-3503,Female,Declined to Identify,35,2023-09-16,08:50:00,12,True,No referral.,Adult,Day,Saturday
5834,715-98-5017,Female,Declined to Identify,43,2023-11-14,08:58:00,22,True,No referral.,Adult,Day,Tuesday
5835,494-54-0566,Female,Declined to Identify,61,2023-06-24,14:25:00,34,True,No referral.,Older Adult,Day,Saturday
5836,505-40-5045,Female,Declined to Identify,39,2023-09-30,12:53:00,43,True,No referral.,Adult,Day,Saturday
5837,259-47-2459,Female,Declined to Identify,12,2024-12-06,03:01:00,45,True,No referral.,Minor,Night,Friday
5838,738-42-8501,Female,Declined to Identify,51,2024-08-25,15:01:00,15,True,No referral.,Middle-aged,Evening,Sunday
5839,337-44-5677,Female,Declined to Identify,72,2023-05-16,23:37:00,31,True,No referral.,Senior,Night,Tuesday
5840,799-50-9125,Female,Declined to Identify,41,2024-09-27,15:58:00,19,True,No referral.,Adult,Evening,Friday
5841,674-41-4544,Female,Declined to Identify,6,2024-04-28,16:59:00,23,True,No referral.,Minor,Evening,Sunday
5842,761-48-5086,Female,Declined to Identify,12,2024-09-22,18:58:00,33,True,No referral.,Minor,Evening,Sunday
5843,747-74-1599,Female,Declined to Identify,23,2023-09-14,21:24:00,34,True,No referral.,Young Adult,Evening,Thursday
5844,774-99-4361,Female,Declined to Identify,29,2023-08-17,09:45:00,42,True,No referral.,Young Adult,Day,Thursday
5845,302-84-1379,Female,Declined to Identify,15,2023-06-27,13:00:00,50,True,No referral.,Minor,Day,Tuesday
5846,199-30-9296,Female,Declined to Identify,41,2024-06-15,08:36:00,58,True,No referral.,Adult,Day,Saturday
5847,777-10-1248,Female,Declined to Identify,12,2024-01-25,08:58:00,50,True,No referral.,Minor,Day,Thursday
5848,132-37-7813,Female,Declined to Identify,2,2023-11-15,01:33:00,16,True,No referral.,Minor,Night,Wednesday
5849,835-05-2062,Female,Declined to Identify,64,2023-05-18,05:59:00,28,True,No referral.,Older Adult,Night,Thursday
5850,861-37-1476,Female,Declined to Identify,26,2024-09-17,23:43:00,35,True,No referral.,Young Adult,Night,Tuesday
5851,667-75-1707,Female,Declined to Identify,68,2024-08-17,01:14:00,25,True,No referral.,Senior,Night,Saturday
5852,438-41-3249,Female,Declined to Identify,7,2023-03-06,05:45:00,29,True,No referral.,Minor,Night,Monday
5853,787-92-5912,Female,Declined to Identify,3,2023-12-24,08:25:00,17,True,No referral.,Minor,Day,Sunday
5854,249-17-8640,Female,Declined to Identify,69,2023-03-11,14:53:00,35,True,No referral.,Senior,Day,Saturday
5855,647-24-1990,Female,Declined to Identify,39,2024-10-17,14:16:00,41,True,No referral.,Adult,Day,Thursday
5856,218-16-4997,Female,Declined to Identify,67,2024-01-03,02:50:00,48,True,No referral.,Senior,Night,Wednesday
5857,797-45-6464,Female,Declined to Identify,16,2024-06-09,16:06:00,12,True,No referral.,Minor,Evening,Sunday
5858,391-50-0482,Female,Declined to Identify,43,2023-08-08,09:55:00,33,True,No referral.,Adult,Day,Tuesday
5859,226-60-5768,Female,Declined to Identify,20,2024-10-14,01:51:00,36,True,No referral.,Young Adult,Night,Monday
5860,630-37-0673,Female,Declined to Identify,71,2024-08-22,01:43:00,40,True,No referral.,Senior,Night,Thursday
5861,133-74-7626,Female,Declined to Identify,71,2024-06-22,03:22:00,46,True,No referral.,Senior,Night,Saturday
5862,808-11-2211,Female,Declined to Identify,33,2024-08-26,13:55:00,12,True,No referral.,Young Adult,Day,Monday
5863,479-79-4569,Female,Declined to Identify,73,2024-10-24,20:46:00,30,True,No referral.,Senior,Evening,Thursday
5864,394-48-4997,Female,Declined to Identify,67,2024-01-05,18:29:00,41,True,No referral.,Senior,Evening,Friday
5865,575-13-4379,Female,Declined to Identify,18,2023-08-08,00:32:00,34,True,No referral.,Minor,Night,Tuesday
5866,266-36-0879,Female,Declined to Identify,48,2023-02-09,20:03:00,49,True,No referral.,Middle-aged,Evening,Thursday
5867,389-34-9801,Female,Declined to Identify,18,2023-10-29,13:35:00,51,True,No referral.,Minor,Day,Sunday
5868,897-53-7110,Female,Declined to Identify,11,2023-12-07,22:00:00,52,True,No referral.,Minor,Evening,Thursday
5869,158-96-1115,Female,Declined to Identify,20,2024-10-03,07:19:00,54,True,No referral.,Young Adult,Day,Thursday
5870,778-79-4865,Female,Declined to Identify,78,2023-12-22,06:43:00,15,True,No referral.,Senior,Night,Friday
5871,830-11-9359,Female,Declined to Identify,71,2024-12-08,20:32:00,20,True,No referral.,Senior,Evening,Sunday
5872,700-40-2440,Female,Declined to Identify,22,2023-07-09,23:11:00,37,True,No referral.,Young Adult,Night,Sunday
5873,166-42-6606,Female,Declined to Identify,49,2024-10-22,04:47:00,53,True,No referral.,Middle-aged,Night,Tuesday
5874,471-32-5168,Female,Declined to Identify,46,2023-05-13,10:33:00,27,True,No referral.,Middle-aged,Day,Saturday
5875,609-31-7544,Female,Declined to Identify,74,2024-09-21,22:15:00,34,True,No referral.,Senior,Evening,Saturday
5876,695-42-0006,Female,Declined to Identify,29,2024-09-03,05:53:00,34,True,No referral.,Young Adult,Night,Tuesday
5877,474-66-5740,Female,Declined to Identify,42,2024-03-02,16:11:00,45,True,No referral.,Adult,Evening,Saturday
5878,203-52-8599,Female,Declined to Identify,37,2024-10-17,15:45:00,52,True,No referral.,Adult,Evening,Thursday
5879,302-12-2442,Female,Declined to Identify,14,2023-04-16,04:38:00,12,True,No referral.,Minor,Night,Sunday
5880,253-17-6458,Female,Declined to Identify,73,2023-08-16,10:14:00,34,True,No referral.,Senior,Day,Wednesday
5881,133-48-6468,Female,Declined to Identify,32,2023-05-25,19:16:00,30,True,No referral.,Young Adult,Evening,Thursday
5882,182-88-7190,Female,Declined to Identify,47,2024-01-17,17:08:00,52,True,No referral.,Middle-aged,Evening,Wednesday
5883,365-46-9248,Female,Declined to Identify,77,2023-11-19,11:56:00,56,True,No referral.,Senior,Day,Sunday
5884,669-58-8180,Female,Declined to Identify,56,2023-04-20,16:36:00,15,True,No referral.,Older Adult,Evening,Thursday
5885,611-46-9532,Female,Declined to Identify,37,2024-09-15,17:18:00,35,True,No referral.,Adult,Evening,Sunday
5886,891-94-6941,Female,Declined to Identify,25,2023-07-13,04:44:00,20,True,No referral.,Young Adult,Night,Thursday
5887,357-17-7158,Female,Declined to Identify,79,2023-05-16,20:32:00,45,True,No referral.,Senior,Evening,Tuesday
5888,713-14-9027,Female,Declined to Identify,1,2024-12-06,12:38:00,41,True,No referral.,Minor,Day,Friday
5889,397-07-5239,Female,Declined to Identify,11,2023-12-11,13:01:00,57,True,No referral.,Minor,Day,Monday
5890,353-90-2932,Female,Declined to Identify,19,2023-01-06,04:32:00,10,True,No referral.,Minor,Night,Friday
5891,766-41-7394,Female,Declined to Identify,32,2023-11-29,21:32:00,34,True,No referral.,Young Adult,Evening,Wednesday
5892,101-13-4808,Female,Declined to Identify,30,2023-04-25,01:36:00,30,True,No referral.,Young Adult,Night,Tuesday
5893,821-49-1763,Female,Declined to Identify,68,2023-11-08,09:51:00,34,True,No referral.,Senior,Day,Wednesday
5894,633-10-2308,Female,Declined to Identify,19,2023-04-21,10:20:00,15,True,No referral.,Minor,Day,Friday
5895,883-57-5626,Female,Declined to Identify,41,2024-06-17,16:05:00,22,True,No referral.,Adult,Evening,Monday
5896,270-22-3564,Female,Declined to Identify,21,2023-05-06,05:07:00,26,True,No referral.,Young Adult,Night,Saturday
5897,561-60-1178,Female,Declined to Identify,72,2023-11-12,14:23:00,12,True,No referral.,Senior,Day,Sunday
5898,527-55-8690,Female,Declined to Identify,27,2024-03-13,10:11:00,48,True,No referral.,Young Adult,Day,Wednesday
5899,320-82-5563,Female,Declined to Identify,5,2024-01-01,08:57:00,14,True,No referral.,Minor,Day,Monday
5900,446-49-0800,Female,Declined to Identify,65,2023-12-08,13:25:00,56,True,No referral.,Senior,Day,Friday
5901,551-28-9613,Female,Declined to Identify,10,2024-01-18,13:07:00,18,True,No referral.,Minor,Day,Thursday
5902,370-96-9793,Female,Declined to Identify,59,2023-09-29,14:54:00,25,True,No referral.,Older Adult,Day,Friday
5903,756-61-8835,Female,Declined to Identify,72,2023-12-24,23:11:00,44,True,No referral.,Senior,Night,Sunday
5904,885-91-3054,Female,Declined to Identify,23,2024-03-02,10:51:00,42,True,No referral.,Young Adult,Day,Saturday
5905,814-54-8172,Female,Declined to Identify,31,2023-04-16,00:20:00,20,True,No referral.,Young Adult,Night,Sunday
5906,145-63-3518,Female,Declined to Identify,78,2023-07-13,02:26:00,38,True,No referral.,Senior,Night,Thursday
5907,292-38-8567,Female,Declined to Identify,59,2024-12-07,06:29:00,32,True,No referral.,Older Adult,Night,Saturday
5908,614-78-5353,Female,Declined to Identify,46,2023-05-20,08:48:00,31,True,No referral.,Middle-aged,Day,Saturday
5909,800-88-0642,Female,Declined to Identify,56,2024-05-31,04:27:00,12,True,No referral.,Older Adult,Night,Friday
5910,433-91-7582,Female,Declined to Identify,57,2024-10-20,14:29:00,15,True,No referral.,Older Adult,Day,Sunday
5911,516-29-6967,Female,Declined to Identify,68,2023-11-27,10:29:00,49,True,No referral.,Senior,Day,Monday
5912,789-52-9572,Female,Declined to Identify,32,2024-12-09,12:47:00,42,True,No referral.,Young Adult,Day,Monday
5913,440-67-5765,Female,Declined to Identify,64,2023-10-31,09:06:00,10,True,Orthopedics,Older Adult,Day,Tuesday
5914,849-21-8932,Female,Declined to Identify,32,2023-11-14,13:13:00,17,True,Orthopedics,Young Adult,Day,Tuesday
5915,845-19-4922,Female,Declined to Identify,46,2023-04-23,18:00:00,47,True,Orthopedics,Middle-aged,Evening,Sunday
5916,727-18-5807,Female,Declined to Identify,53,2023-12-29,03:34:00,15,True,Orthopedics,Middle-aged,Night,Friday
5917,824-52-5925,Female,Declined to Identify,20,2024-07-05,05:30:00,24,True,Orthopedics,Young Adult,Night,Friday
5918,393-79-0056,Female,Declined to Identify,75,2024-09-17,16:26:00,21,True,Orthopedics,Senior,Evening,Tuesday
5919,427-16-0688,Female,Declined to Identify,61,2024-06-04,09:59:00,29,True,Orthopedics,Older Adult,Day,Tuesday
5920,758-91-1303,Female,Declined to Identify,77,2023-06-13,01:22:00,54,True,Orthopedics,Senior,Night,Tuesday
5921,705-51-2537,Female,Declined to Identify,20,2024-04-01,16:54:00,43,True,Orthopedics,Young Adult,Evening,Monday
5922,671-57-3564,Female,Declined to Identify,40,2023-07-23,04:14:00,39,True,Orthopedics,Adult,Night,Sunday
5923,120-38-6188,Female,Declined to Identify,37,2023-05-16,00:01:00,23,True,Orthopedics,Adult,Night,Tuesday
5924,235-32-0067,Female,Declined to Identify,69,2024-08-03,09:06:00,26,True,Orthopedics,Senior,Day,Saturday
5925,502-96-5841,Female,Declined to Identify,8,2023-11-27,06:48:00,31,True,Orthopedics,Minor,Night,Monday
5926,501-24-3434,Female,Declined to Identify,60,2023-09-15,19:24:00,28,True,Orthopedics,Older Adult,Evening,Friday
5927,386-77-8317,Female,Declined to Identify,55,2024-05-18,09:32:00,57,True,Orthopedics,Older Adult,Day,Saturday
5928,370-63-5659,Female,Declined to Identify,63,2023-09-19,22:33:00,25,True,Orthopedics,Older Adult,Evening,Tuesday
5929,389-26-8766,Female,Declined to Identify,25,2023-11-23,18:31:00,34,True,Orthopedics,Young Adult,Evening,Thursday
5930,419-51-8905,Female,Declined to Identify,10,2023-11-13,00:15:00,49,True,Physiotherapy,Minor,Night,Monday
5931,505-82-8258,Female,Declined to Identify,27,2023-10-18,08:51:00,48,True,Physiotherapy,Young Adult,Day,Wednesday
5932,351-90-2714,Female,Declined to Identify,24,2023-06-21,07:08:00,24,True,Physiotherapy,Young Adult,Day,Wednesday
5933,425-47-5893,Female,Declined to Identify,7,2023-10-19,15:22:00,52,True,Physiotherapy,Minor,Evening,Thursday
5934,854-03-3896,Female,Declined to Identify,30,2023-08-18,05:17:00,40,True,Physiotherapy,Young Adult,Night,Friday
5935,208-33-2877,Female,Declined to Identify,1,2024-05-19,13:41:00,36,True,Physiotherapy,Minor,Day,Sunday
5936,822-51-9844,Female,Declined to Identify,11,2024-06-09,02:02:00,11,True,Physiotherapy,Minor,Night,Sunday
5937,809-70-6273,Female,Declined to Identify,73,2024-08-10,04:44:00,13,True,Physiotherapy,Senior,Night,Saturday
5938,271-63-4659,Female,Declined to Identify,13,2023-12-09,16:47:00,40,True,Renal,Minor,Evening,Saturday
5939,622-03-5279,Female,Native American/Alaska Native,24,2023-01-09,06:31:00,10,True,Cardiology,Young Adult,Night,Monday
5940,274-50-2717,Female,Native American/Alaska Native,17,2023-09-12,15:36:00,16,True,Cardiology,Minor,Evening,Tuesday
5941,779-02-5999,Female,Native American/Alaska Native,68,2023-11-17,12:08:00,38,True,Cardiology,Senior,Day,Friday
5942,185-10-7325,Female,Native American/Alaska Native,59,2024-11-07,21:22:00,21,True,Cardiology,Older Adult,Evening,Thursday
5943,714-75-9917,Female,Native American/Alaska Native,23,2024-08-26,18:12:00,34,True,Gastroenterology,Young Adult,Evening,Monday
5944,869-79-1999,Female,Native American/Alaska Native,54,2023-04-17,16:43:00,49,True,Gastroenterology,Middle-aged,Evening,Monday
5945,652-16-1081,Female,Native American/Alaska Native,59,2023-07-07,13:02:00,38,True,Gastroenterology,Older Adult,Day,Friday
5946,735-07-3139,Female,Native American/Alaska Native,29,2024-08-19,01:54:00,20,True,General Practice,Young Adult,Night,Monday
5947,480-81-1461,Female,Native American/Alaska Native,30,2024-07-03,21:41:00,22,True,General Practice,Young Adult,Evening,Wednesday
5948,437-24-0212,Female,Native American/Alaska Native,56,2024-02-05,14:20:00,15,True,General Practice,Older Adult,Day,Monday
5949,339-15-9922,Female,Native American/Alaska Native,36,2023-08-06,11:06:00,42,True,General Practice,Adult,Day,Sunday
5950,334-71-3297,Female,Native American/Alaska Native,44,2023-05-09,20:05:00,27,True,General Practice,Adult,Evening,Tuesday
5951,374-34-0979,Female,Native American/Alaska Native,5,2023-01-07,10:03:00,57,True,General Practice,Minor,Day,Saturday
5952,222-40-5966,Female,Native American/Alaska Native,54,2023-04-10,20:48:00,60,True,General Practice,Middle-aged,Evening,Monday
5953,567-42-0057,Female,Native American/Alaska Native,24,2023-10-22,03:10:00,41,True,General Practice,Young Adult,Night,Sunday
5954,173-93-6685,Female,Native American/Alaska Native,39,2024-07-05,02:18:00,36,True,General Practice,Adult,Night,Friday
5955,544-61-3704,Female,Native American/Alaska Native,28,2024-10-08,22:50:00,55,True,General Practice,Young Adult,Evening,Tuesday
5956,441-49-3611,Female,Native American/Alaska Native,49,2024-04-16,12:36:00,14,True,General Practice,Middle-aged,Day,Tuesday
5957,357-79-8153,Female,Native American/Alaska Native,2,2024-05-03,23:52:00,29,True,General Practice,Minor,Night,Friday
5958,671-01-8634,Female,Native American/Alaska Native,49,2024-01-15,05:30:00,11,True,General Practice,Middle-aged,Night,Monday
5959,640-23-3968,Female,Native American/Alaska Native,38,2024-03-24,18:05:00,60,True,General Practice,Adult,Evening,Sunday
5960,692-57-0575,Female,Native American/Alaska Native,60,2023-11-07,18:44:00,13,True,General Practice,Older Adult,Evening,Tuesday
5961,778-04-2774,Female,Native American/Alaska Native,50,2023-02-05,18:54:00,38,True,General Practice,Middle-aged,Evening,Sunday
5962,272-51-8307,Female,Native American/Alaska Native,30,2024-12-05,03:41:00,45,True,Neurology,Young Adult,Night,Thursday
5963,403-08-7603,Female,Native American/Alaska Native,40,2024-05-30,07:53:00,39,True,Neurology,Adult,Day,Thursday
5964,507-25-2094,Female,Native American/Alaska Native,63,2023-12-15,11:02:00,45,True,Neurology,Older Adult,Day,Friday
5965,688-14-6386,Female,Native American/Alaska Native,53,2024-03-03,04:23:00,29,True,Neurology,Middle-aged,Night,Sunday
5966,214-14-5146,Female,Native American/Alaska Native,2,2023-03-10,15:45:00,21,True,No referral.,Minor,Evening,Friday
5967,779-67-4873,Female,Native American/Alaska Native,60,2023-11-24,00:14:00,36,True,No referral.,Older Adult,Night,Friday
5968,707-43-3573,Female,Native American/Alaska Native,63,2024-06-21,13:58:00,12,True,No referral.,Older Adult,Day,Friday
5969,261-67-8550,Female,Native American/Alaska Native,54,2023-08-06,15:31:00,39,True,No referral.,Middle-aged,Evening,Sunday
5970,652-52-1081,Female,Native American/Alaska Native,13,2024-05-08,15:39:00,55,True,No referral.,Minor,Evening,Wednesday
5971,140-42-5675,Female,Native American/Alaska Native,75,2023-05-19,23:41:00,56,True,No referral.,Senior,Night,Friday
5972,365-20-5803,Female,Native American/Alaska Native,6,2023-07-26,19:09:00,41,True,No referral.,Minor,Evening,Wednesday
5973,106-91-2707,Female,Native American/Alaska Native,47,2024-03-18,13:46:00,45,True,No referral.,Middle-aged,Day,Monday
5974,134-19-0064,Female,Native American/Alaska Native,66,2023-02-12,08:44:00,54,True,No referral.,Senior,Day,Sunday
5975,743-65-7031,Female,Native American/Alaska Native,48,2023-12-17,20:01:00,19,True,No referral.,Middle-aged,Evening,Sunday
5976,114-19-2731,Female,Native American/Alaska Native,8,2023-08-27,15:20:00,52,True,No referral.,Minor,Evening,Sunday
5977,789-98-0501,Female,Native American/Alaska Native,73,2024-02-26,10:01:00,51,True,No referral.,Senior,Day,Monday
5978,410-83-6667,Female,Native American/Alaska Native,22,2023-02-05,16:36:00,39,True,No referral.,Young Adult,Evening,Sunday
5979,644-25-4233,Female,Native American/Alaska Native,75,2024-10-23,13:06:00,47,True,No referral.,Senior,Day,Wednesday
5980,876-95-4867,Female,Native American/Alaska Native,8,2024-06-27,12:00:00,21,True,No referral.,Minor,Day,Thursday
5981,842-46-5824,Female,Native American/Alaska Native,15,2024-01-23,11:26:00,52,True,No referral.,Minor,Day,Tuesday
5982,105-01-3380,Female,Native American/Alaska Native,19,2023-12-16,17:31:00,36,True,No referral.,Minor,Evening,Saturday
5983,647-14-8894,Female,Native American/Alaska Native,28,2023-06-04,04:09:00,21,True,No referral.,Young Adult,Night,Sunday
5984,388-61-6417,Female,Native American/Alaska Native,11,2024-04-28,21:38:00,32,True,No referral.,Minor,Evening,Sunday
5985,351-50-7892,Female,Native American/Alaska Native,2,2023-09-21,19:46:00,47,True,No referral.,Minor,Evening,Thursday
5986,798-24-0921,Female,Native American/Alaska Native,37,2023-05-23,02:18:00,21,True,No referral.,Adult,Night,Tuesday
5987,643-52-5908,Female,Native American/Alaska Native,69,2024-10-05,15:22:00,29,True,No referral.,Senior,Evening,Saturday
5988,432-47-7792,Female,Native American/Alaska Native,35,2024-09-30,07:58:00,57,True,No referral.,Adult,Day,Monday
5989,678-20-5521,Female,Native American/Alaska Native,2,2023-04-10,17:08:00,35,True,No referral.,Minor,Evening,Monday
5990,674-35-6836,Female,Native American/Alaska Native,31,2024-09-03,06:51:00,44,True,No referral.,Young Adult,Night,Tuesday
5991,535-57-0086,Female,Native American/Alaska Native,72,2023-12-27,12:20:00,52,True,No referral.,Senior,Day,Wednesday
5992,829-43-6222,Female,Native American/Alaska Native,41,2023-11-26,08:20:00,51,True,No referral.,Adult,Day,Sunday
5993,600-85-2869,Female,Native American/Alaska Native,10,2024-07-30,23:28:00,20,True,No referral.,Minor,Night,Tuesday
5994,717-27-3125,Female,Native American/Alaska Native,65,2024-03-29,12:55:00,25,True,No referral.,Senior,Day,Friday
5995,355-62-4781,Female,Native American/Alaska Native,71,2024-02-15,14:34:00,42,True,No referral.,Senior,Day,Thursday
5996,315-72-4283,Female,Native American/Alaska Native,15,2024-04-04,04:19:00,44,True,No referral.,Minor,Night,Thursday
5997,366-24-6440,Female,Native American/Alaska Native,44,2024-02-03,15:47:00,14,True,No referral.,Adult,Evening,Saturday
5998,412-07-8001,Female,Native American/Alaska Native,40,2024-12-02,00:29:00,16,True,No referral.,Adult,Night,Monday
5999,596-94-3459,Female,Native American/Alaska Native,50,2024-09-07,11:54:00,27,True,No referral.,Middle-aged,Day,Saturday
6000,682-16-7744,Female,Native American/Alaska Native,23,2023-07-29,07:05:00,38,True,No referral.,Young Adult,Day,Saturday
6001,257-54-0881,Female,Native American/Alaska Native,40,2023-05-05,19:12:00,32,True,No referral.,Adult,Evening,Friday
6002,805-76-9726,Female,Native American/Alaska Native,13,2023-09-28,04:20:00,29,True,No referral.,Minor,Night,Thursday
6003,575-53-0156,Female,Native American/Alaska Native,33,2024-05-24,04:16:00,60,True,No referral.,Young Adult,Night,Friday
6004,739-67-4991,Female,Native American/Alaska Native,50,2024-08-13,17:29:00,42,True,No referral.,Middle-aged,Evening,Tuesday
6005,645-48-6279,Female,Native American/Alaska Native,24,2024-01-10,02:20:00,53,True,No referral.,Young Adult,Night,Wednesday
6006,267-83-1118,Female,Native American/Alaska Native,60,2024-09-18,02:44:00,20,True,No referral.,Older Adult,Night,Wednesday
6007,896-96-6112,Female,Native American/Alaska Native,53,2024-03-24,08:12:00,14,True,No referral.,Middle-aged,Day,Sunday
6008,828-16-0841,Female,Native American/Alaska Native,36,2023-10-13,06:35:00,33,True,No referral.,Adult,Night,Friday
6009,317-63-5565,Female,Native American/Alaska Native,67,2024-10-08,18:59:00,44,True,No referral.,Senior,Evening,Tuesday
6010,851-43-5041,Female,Native American/Alaska Native,62,2024-02-10,18:09:00,47,True,No referral.,Older Adult,Evening,Saturday
6011,696-30-0533,Female,Native American/Alaska Native,22,2023-04-25,23:33:00,51,True,No referral.,Young Adult,Night,Tuesday
6012,684-50-5707,Female,Native American/Alaska Native,60,2024-11-06,20:06:00,46,True,No referral.,Older Adult,Evening,Wednesday
6013,710-15-9516,Female,Native American/Alaska Native,79,2024-06-24,15:48:00,23,True,No referral.,Senior,Evening,Monday
6014,503-41-1563,Female,Native American/Alaska Native,34,2024-01-14,04:06:00,20,True,No referral.,Young Adult,Night,Sunday
6015,779-47-3338,Female,Native American/Alaska Native,39,2024-08-04,02:52:00,54,True,No referral.,Adult,Night,Sunday
6016,718-85-1686,Female,Native American/Alaska Native,61,2023-09-10,23:47:00,31,True,No referral.,Older Adult,Night,Sunday
6017,234-89-6647,Female,Native American/Alaska Native,47,2024-02-21,15:42:00,29,True,No referral.,Middle-aged,Evening,Wednesday
6018,541-24-1870,Female,Native American/Alaska Native,32,2024-05-19,08:27:00,60,True,No referral.,Young Adult,Day,Sunday
6019,173-94-4958,Female,Native American/Alaska Native,51,2023-03-11,06:18:00,27,True,No referral.,Middle-aged,Night,Saturday
6020,628-49-9090,Female,Native American/Alaska Native,29,2024-11-05,19:28:00,30,True,No referral.,Young Adult,Evening,Tuesday
6021,172-05-6912,Female,Native American/Alaska Native,65,2023-07-06,13:38:00,43,True,No referral.,Senior,Day,Thursday
6022,842-24-1245,Female,Native American/Alaska Native,33,2024-09-07,01:18:00,59,True,No referral.,Young Adult,Night,Saturday
6023,644-58-3446,Female,Native American/Alaska Native,3,2023-09-15,07:18:00,36,True,No referral.,Minor,Day,Friday
6024,171-05-8116,Female,Native American/Alaska Native,12,2023-05-16,13:14:00,39,True,No referral.,Minor,Day,Tuesday
6025,346-70-4846,Female,Native American/Alaska Native,68,2023-08-24,13:39:00,33,True,No referral.,Senior,Day,Thursday
6026,563-07-4845,Female,Native American/Alaska Native,17,2024-06-21,05:18:00,11,True,No referral.,Minor,Night,Friday
6027,551-01-4099,Female,Native American/Alaska Native,5,2023-11-09,06:23:00,51,True,No referral.,Minor,Night,Thursday
6028,791-19-6812,Female,Native American/Alaska Native,77,2023-05-08,13:54:00,39,True,Orthopedics,Senior,Day,Monday
6029,585-31-9711,Female,Native American/Alaska Native,3,2024-05-20,23:42:00,37,True,Orthopedics,Minor,Night,Monday
6030,236-90-6692,Female,Native American/Alaska Native,62,2023-09-13,20:52:00,29,True,Orthopedics,Older Adult,Evening,Wednesday
6031,778-77-6945,Female,Native American/Alaska Native,30,2023-10-07,13:52:00,56,True,Orthopedics,Young Adult,Day,Saturday
6032,718-51-6818,Female,Native American/Alaska Native,54,2024-02-19,03:55:00,15,True,Orthopedics,Middle-aged,Night,Monday
6033,685-14-2682,Female,Native American/Alaska Native,37,2024-01-04,16:44:00,20,True,Orthopedics,Adult,Evening,Thursday
6034,331-79-8648,Female,Native American/Alaska Native,36,2024-10-30,00:29:00,47,True,Orthopedics,Adult,Night,Wednesday
6035,176-79-9558,Female,Native American/Alaska Native,43,2024-01-22,09:16:00,24,True,Orthopedics,Adult,Day,Monday
6036,236-71-7697,Female,Native American/Alaska Native,36,2024-01-15,09:16:00,34,True,Orthopedics,Adult,Day,Monday
6037,557-52-3003,Female,Native American/Alaska Native,9,2024-06-23,15:36:00,38,True,Orthopedics,Minor,Evening,Sunday
6038,240-88-0226,Female,Native American/Alaska Native,34,2024-04-22,17:34:00,12,True,Orthopedics,Young Adult,Evening,Monday
6039,765-08-2861,Female,Native American/Alaska Native,34,2023-11-30,01:48:00,15,True,Physiotherapy,Young Adult,Night,Thursday
6040,575-96-8201,Female,Native American/Alaska Native,10,2023-06-20,23:37:00,43,True,Physiotherapy,Minor,Night,Tuesday
6041,438-37-8380,Female,Native American/Alaska Native,15,2024-10-13,18:07:00,31,True,Physiotherapy,Minor,Evening,Sunday
6042,772-41-7899,Female,Native American/Alaska Native,74,2023-08-22,06:50:00,30,True,Renal,Senior,Night,Tuesday
6043,175-49-8550,Female,Pacific Islander,63,2024-01-01,21:00:00,36,True,Cardiology,Older Adult,Evening,Monday
6044,796-12-8821,Female,Pacific Islander,4,2023-11-21,12:08:00,25,True,Cardiology,Minor,Day,Tuesday
6045,382-86-3011,Female,Pacific Islander,56,2024-06-18,21:25:00,55,True,Cardiology,Older Adult,Evening,Tuesday
6046,543-41-5786,Female,Pacific Islander,36,2024-11-04,07:05:00,50,True,Cardiology,Adult,Day,Monday
6047,566-28-9444,Female,Pacific Islander,31,2023-07-18,21:58:00,40,True,Gastroenterology,Young Adult,Evening,Tuesday
6048,636-98-7660,Female,Pacific Islander,8,2023-08-05,14:50:00,19,True,Gastroenterology,Minor,Day,Saturday
6049,412-01-5770,Female,Pacific Islander,48,2023-05-06,00:51:00,41,True,Gastroenterology,Middle-aged,Night,Saturday
6050,453-74-7317,Female,Pacific Islander,35,2023-04-15,21:33:00,52,True,Gastroenterology,Adult,Evening,Saturday
6051,347-80-9765,Female,Pacific Islander,77,2023-12-16,02:40:00,33,True,Gastroenterology,Senior,Night,Saturday
6052,660-37-9784,Female,Pacific Islander,64,2023-12-12,19:13:00,12,True,General Practice,Older Adult,Evening,Tuesday
6053,206-36-2849,Female,Pacific Islander,37,2024-08-29,14:31:00,25,True,General Practice,Adult,Day,Thursday
6054,771-83-1882,Female,Pacific Islander,79,2024-04-15,03:55:00,49,True,General Practice,Senior,Night,Monday
6055,876-08-4748,Female,Pacific Islander,72,2024-06-27,16:47:00,39,True,General Practice,Senior,Evening,Thursday
6056,119-60-4337,Female,Pacific Islander,30,2024-05-03,21:27:00,57,True,General Practice,Young Adult,Evening,Friday
6057,320-34-9500,Female,Pacific Islander,57,2023-01-10,16:23:00,30,True,General Practice,Older Adult,Evening,Tuesday
6058,386-71-7116,Female,Pacific Islander,15,2023-05-08,11:32:00,57,True,General Practice,Minor,Day,Monday
6059,484-88-1995,Female,Pacific Islander,28,2024-10-19,13:14:00,53,True,General Practice,Young Adult,Day,Saturday
6060,169-95-8829,Female,Pacific Islander,49,2023-09-13,03:51:00,25,True,General Practice,Middle-aged,Night,Wednesday
6061,831-70-8489,Female,Pacific Islander,43,2023-06-15,04:11:00,26,True,General Practice,Adult,Night,Thursday
6062,512-55-4105,Female,Pacific Islander,20,2023-12-22,21:36:00,53,True,General Practice,Young Adult,Evening,Friday
6063,125-09-6516,Female,Pacific Islander,39,2023-10-27,09:26:00,52,True,General Practice,Adult,Day,Friday
6064,624-42-2108,Female,Pacific Islander,44,2023-05-24,15:57:00,55,True,General Practice,Adult,Evening,Wednesday
6065,886-49-6550,Female,Pacific Islander,76,2024-08-24,06:41:00,51,True,General Practice,Senior,Night,Saturday
6066,885-79-8466,Female,Pacific Islander,9,2024-03-28,05:49:00,56,True,General Practice,Minor,Night,Thursday
6067,503-84-6900,Female,Pacific Islander,79,2023-07-20,10:31:00,51,True,General Practice,Senior,Day,Thursday
6068,202-78-6117,Female,Pacific Islander,40,2024-02-09,22:01:00,23,True,General Practice,Adult,Evening,Friday
6069,887-55-2985,Female,Pacific Islander,56,2024-04-28,03:14:00,36,True,General Practice,Older Adult,Night,Sunday
6070,376-90-4227,Female,Pacific Islander,71,2024-04-04,21:18:00,12,True,General Practice,Senior,Evening,Thursday
6071,217-16-4283,Female,Pacific Islander,39,2023-06-16,15:57:00,46,True,General Practice,Adult,Evening,Friday
6072,853-31-7161,Female,Pacific Islander,43,2023-06-11,19:02:00,12,True,General Practice,Adult,Evening,Sunday
6073,475-84-2128,Female,Pacific Islander,58,2024-06-02,07:13:00,24,True,General Practice,Older Adult,Day,Sunday
6074,652-09-6792,Female,Pacific Islander,48,2024-04-10,21:29:00,59,True,General Practice,Middle-aged,Evening,Wednesday
6075,196-92-5233,Female,Pacific Islander,71,2024-10-18,05:51:00,42,True,Neurology,Senior,Night,Friday
6076,100-79-0109,Female,Pacific Islander,19,2024-02-27,04:51:00,36,True,Neurology,Minor,Night,Tuesday
6077,725-40-8184,Female,Pacific Islander,71,2023-02-04,21:32:00,31,True,Neurology,Senior,Evening,Saturday
6078,123-30-8939,Female,Pacific Islander,61,2024-07-30,15:43:00,25,True,Neurology,Older Adult,Evening,Tuesday
6079,496-35-0982,Female,Pacific Islander,42,2024-01-04,11:39:00,44,True,No referral.,Adult,Day,Thursday
6080,575-80-2143,Female,Pacific Islander,11,2023-03-05,12:50:00,10,True,No referral.,Minor,Day,Sunday
6081,113-39-4847,Female,Pacific Islander,74,2023-12-19,20:24:00,21,True,No referral.,Senior,Evening,Tuesday
6082,348-95-6447,Female,Pacific Islander,71,2024-07-07,01:49:00,28,True,No referral.,Senior,Night,Sunday
6083,409-53-7660,Female,Pacific Islander,21,2024-10-24,07:57:00,17,True,No referral.,Young Adult,Day,Thursday
6084,492-30-2957,Female,Pacific Islander,74,2024-10-21,15:42:00,24,True,No referral.,Senior,Evening,Monday
6085,201-80-9036,Female,Pacific Islander,43,2023-10-31,20:27:00,44,True,No referral.,Adult,Evening,Tuesday
6086,349-94-3914,Female,Pacific Islander,53,2024-07-21,03:31:00,24,True,No referral.,Middle-aged,Night,Sunday
6087,234-79-5254,Female,Pacific Islander,40,2023-08-25,18:00:00,37,True,No referral.,Adult,Evening,Friday
6088,540-45-8628,Female,Pacific Islander,50,2023-09-26,07:30:00,47,True,No referral.,Middle-aged,Day,Tuesday
6089,286-41-1662,Female,Pacific Islander,78,2024-06-29,23:58:00,24,True,No referral.,Senior,Night,Saturday
6090,494-59-8595,Female,Pacific Islander,29,2024-07-13,08:34:00,52,True,No referral.,Young Adult,Day,Saturday
6091,200-32-6622,Female,Pacific Islander,17,2023-07-27,01:09:00,12,True,No referral.,Minor,Night,Thursday
6092,606-92-9021,Female,Pacific Islander,26,2023-04-19,20:37:00,30,True,No referral.,Young Adult,Evening,Wednesday
6093,526-34-7706,Female,Pacific Islander,54,2024-11-07,11:09:00,30,True,No referral.,Middle-aged,Day,Thursday
6094,822-19-3298,Female,Pacific Islander,25,2023-07-18,10:35:00,15,True,No referral.,Young Adult,Day,Tuesday
6095,595-28-1466,Female,Pacific Islander,43,2023-06-28,06:58:00,19,True,No referral.,Adult,Night,Wednesday
6096,146-92-9842,Female,Pacific Islander,21,2023-01-08,14:09:00,28,True,No referral.,Young Adult,Day,Sunday
6097,116-88-1470,Female,Pacific Islander,26,2023-06-28,15:55:00,45,True,No referral.,Young Adult,Evening,Wednesday
6098,735-26-5245,Female,Pacific Islander,6,2024-06-13,18:31:00,28,True,No referral.,Minor,Evening,Thursday
6099,286-72-6973,Female,Pacific Islander,26,2024-03-10,23:14:00,30,True,No referral.,Young Adult,Night,Sunday
6100,371-27-7072,Female,Pacific Islander,24,2023-10-04,03:28:00,48,True,No referral.,Young Adult,Night,Wednesday
6101,841-52-4923,Female,Pacific Islander,31,2024-06-20,23:33:00,48,True,No referral.,Young Adult,Night,Thursday
6102,356-46-2421,Female,Pacific Islander,25,2024-05-04,13:41:00,30,True,No referral.,Young Adult,Day,Saturday
6103,665-17-4438,Female,Pacific Islander,68,2023-09-10,23:48:00,51,True,No referral.,Senior,Night,Sunday
6104,794-71-6876,Female,Pacific Islander,68,2024-08-25,08:45:00,56,True,No referral.,Senior,Day,Sunday
6105,508-97-0026,Female,Pacific Islander,12,2023-06-08,01:38:00,13,True,No referral.,Minor,Night,Thursday
6106,634-26-5317,Female,Pacific Islander,2,2023-03-08,10:51:00,42,True,No referral.,Minor,Day,Wednesday
6107,103-82-8447,Female,Pacific Islander,8,2024-10-23,01:08:00,52,True,No referral.,Minor,Night,Wednesday
6108,291-85-3197,Female,Pacific Islander,62,2023-12-07,04:39:00,10,True,No referral.,Older Adult,Night,Thursday
6109,793-79-7063,Female,Pacific Islander,66,2023-10-09,04:04:00,21,True,No referral.,Senior,Night,Monday
6110,756-97-8919,Female,Pacific Islander,6,2024-02-04,20:22:00,23,True,No referral.,Minor,Evening,Sunday
6111,425-09-9414,Female,Pacific Islander,13,2024-02-27,23:17:00,16,True,No referral.,Minor,Night,Tuesday
6112,287-25-4664,Female,Pacific Islander,37,2024-01-18,20:15:00,39,True,No referral.,Adult,Evening,Thursday
6113,881-82-8123,Female,Pacific Islander,21,2024-10-18,16:30:00,12,True,No referral.,Young Adult,Evening,Friday
6114,568-19-3778,Female,Pacific Islander,59,2023-09-06,11:02:00,27,True,No referral.,Older Adult,Day,Wednesday
6115,123-69-0013,Female,Pacific Islander,17,2023-11-25,13:19:00,32,True,No referral.,Minor,Day,Saturday
6116,329-62-8828,Female,Pacific Islander,20,2024-05-29,11:06:00,37,True,No referral.,Young Adult,Day,Wednesday
6117,408-05-7112,Female,Pacific Islander,73,2023-08-04,12:34:00,40,True,No referral.,Senior,Day,Friday
6118,842-23-8616,Female,Pacific Islander,47,2023-08-30,19:52:00,56,True,No referral.,Middle-aged,Evening,Wednesday
6119,476-51-4466,Female,Pacific Islander,69,2024-01-17,16:52:00,31,True,No referral.,Senior,Evening,Wednesday
6120,762-64-4163,Female,Pacific Islander,73,2023-11-04,00:51:00,16,True,No referral.,Senior,Night,Saturday
6121,308-06-0949,Female,Pacific Islander,21,2023-12-28,11:20:00,49,True,No referral.,Young Adult,Day,Thursday
6122,330-63-9568,Female,Pacific Islander,24,2024-02-02,23:58:00,37,True,No referral.,Young Adult,Night,Friday
6123,846-43-9311,Female,Pacific Islander,16,2024-09-15,12:42:00,16,True,No referral.,Minor,Day,Sunday
6124,349-54-7421,Female,Pacific Islander,54,2024-05-19,16:36:00,34,True,No referral.,Middle-aged,Evening,Sunday
6125,804-61-6179,Female,Pacific Islander,50,2024-02-26,19:37:00,60,True,No referral.,Middle-aged,Evening,Monday
6126,787-25-2151,Female,Pacific Islander,41,2024-05-20,02:46:00,19,True,No referral.,Adult,Night,Monday
6127,316-12-4150,Female,Pacific Islander,9,2024-06-28,12:23:00,10,True,No referral.,Minor,Day,Friday
6128,777-62-1853,Female,Pacific Islander,28,2023-06-26,16:52:00,12,True,No referral.,Young Adult,Evening,Monday
6129,160-37-1828,Female,Pacific Islander,58,2023-12-17,17:01:00,18,True,No referral.,Older Adult,Evening,Sunday
6130,871-25-8116,Female,Pacific Islander,54,2024-07-09,04:06:00,60,True,No referral.,Middle-aged,Night,Tuesday
6131,638-34-1905,Female,Pacific Islander,36,2023-09-30,19:29:00,24,True,No referral.,Adult,Evening,Saturday
6132,536-06-9507,Female,Pacific Islander,4,2024-04-17,14:22:00,48,True,No referral.,Minor,Day,Wednesday
6133,718-96-7799,Female,Pacific Islander,63,2024-03-27,05:14:00,28,True,No referral.,Older Adult,Night,Wednesday
6134,873-15-6021,Female,Pacific Islander,51,2023-11-05,22:47:00,20,True,No referral.,Middle-aged,Evening,Sunday
6135,836-68-7524,Female,Pacific Islander,4,2023-05-22,06:07:00,60,True,No referral.,Minor,Night,Monday
6136,790-85-7398,Female,Pacific Islander,41,2024-08-21,09:25:00,32,True,No referral.,Adult,Day,Wednesday
6137,250-29-5036,Female,Pacific Islander,61,2023-06-10,05:56:00,56,True,No referral.,Older Adult,Night,Saturday
6138,703-85-9077,Female,Pacific Islander,25,2024-06-22,19:36:00,21,True,No referral.,Young Adult,Evening,Saturday
6139,454-65-2158,Female,Pacific Islander,9,2023-12-14,23:27:00,55,True,No referral.,Minor,Night,Thursday
6140,547-78-9010,Female,Pacific Islander,34,2023-06-13,19:45:00,24,True,No referral.,Young Adult,Evening,Tuesday
6141,693-73-0619,Female,Pacific Islander,65,2024-09-01,23:52:00,13,True,No referral.,Senior,Night,Sunday
6142,250-68-0102,Female,Pacific Islander,25,2024-09-08,09:28:00,34,True,No referral.,Young Adult,Day,Sunday
6143,202-47-7663,Female,Pacific Islander,30,2024-06-05,04:47:00,33,True,No referral.,Young Adult,Night,Wednesday
6144,134-14-0013,Female,Pacific Islander,31,2023-11-28,23:46:00,14,True,No referral.,Young Adult,Night,Tuesday
6145,628-74-0109,Female,Pacific Islander,26,2023-07-20,20:28:00,39,True,No referral.,Young Adult,Evening,Thursday
6146,388-99-0499,Female,Pacific Islander,40,2024-05-22,13:55:00,36,True,No referral.,Adult,Day,Wednesday
6147,100-21-9648,Female,Pacific Islander,39,2024-01-17,18:53:00,22,True,No referral.,Adult,Evening,Wednesday
6148,188-79-4026,Female,Pacific Islander,78,2023-10-16,05:23:00,39,True,No referral.,Senior,Night,Monday
6149,738-93-2682,Female,Pacific Islander,49,2024-06-08,17:04:00,28,True,No referral.,Middle-aged,Evening,Saturday
6150,636-95-9318,Female,Pacific Islander,65,2023-04-27,22:05:00,25,True,No referral.,Senior,Evening,Thursday
6151,894-86-2329,Female,Pacific Islander,53,2023-01-08,22:50:00,32,True,No referral.,Middle-aged,Evening,Sunday
6152,540-19-1275,Female,Pacific Islander,3,2024-01-20,22:53:00,54,True,Orthopedics,Minor,Evening,Saturday
6153,675-74-3483,Female,Pacific Islander,23,2023-12-17,23:44:00,19,True,Orthopedics,Young Adult,Night,Sunday
6154,852-57-5614,Female,Pacific Islander,78,2024-02-24,15:35:00,37,True,Orthopedics,Senior,Evening,Saturday
6155,524-47-8147,Female,Pacific Islander,33,2023-06-13,20:57:00,23,True,Orthopedics,Young Adult,Evening,Tuesday
6156,793-29-8977,Female,Pacific Islander,49,2024-07-28,07:27:00,39,True,Orthopedics,Middle-aged,Day,Sunday
6157,164-06-4233,Female,Pacific Islander,59,2023-10-15,21:26:00,43,True,Orthopedics,Older Adult,Evening,Sunday
6158,609-45-7579,Female,Pacific Islander,53,2023-06-24,14:23:00,40,True,Orthopedics,Middle-aged,Day,Saturday
6159,602-33-5974,Female,Pacific Islander,59,2023-10-27,19:32:00,60,True,Orthopedics,Older Adult,Evening,Friday
6160,447-48-2336,Female,Pacific Islander,56,2023-05-10,04:36:00,20,True,Orthopedics,Older Adult,Night,Wednesday
6161,701-53-5762,Female,Pacific Islander,22,2023-07-04,21:38:00,19,True,Orthopedics,Young Adult,Evening,Tuesday
6162,607-74-7649,Female,Pacific Islander,49,2023-11-30,21:14:00,24,True,Orthopedics,Middle-aged,Evening,Thursday
6163,426-96-0135,Female,Pacific Islander,14,2023-05-05,22:52:00,60,True,Orthopedics,Minor,Evening,Friday
6164,408-56-0055,Female,Pacific Islander,55,2024-09-17,16:19:00,14,True,Orthopedics,Older Adult,Evening,Tuesday
6165,316-10-9824,Female,Pacific Islander,55,2023-12-09,08:35:00,13,True,Orthopedics,Older Adult,Day,Saturday
6166,439-72-3934,Female,Pacific Islander,20,2024-01-03,02:31:00,22,True,Orthopedics,Young Adult,Night,Wednesday
6167,394-51-8661,Female,Pacific Islander,20,2023-12-19,02:11:00,38,True,Orthopedics,Young Adult,Night,Tuesday
6168,696-86-5614,Female,Pacific Islander,44,2024-10-07,12:32:00,15,True,Orthopedics,Adult,Day,Monday
6169,807-90-1810,Female,Pacific Islander,69,2024-01-26,13:02:00,33,True,Physiotherapy,Senior,Day,Friday
6170,624-25-1217,Female,Pacific Islander,68,2024-09-21,19:30:00,58,True,Physiotherapy,Senior,Evening,Saturday
6171,574-71-0301,Female,Pacific Islander,23,2024-04-21,04:12:00,23,True,Physiotherapy,Young Adult,Night,Sunday
6172,155-41-5849,Female,Pacific Islander,42,2023-12-30,12:01:00,43,True,Physiotherapy,Adult,Day,Saturday
6173,871-08-2820,Female,Pacific Islander,16,2024-01-19,02:50:00,44,True,Physiotherapy,Minor,Night,Friday
6174,595-96-0100,Female,Pacific Islander,39,2023-09-14,14:12:00,41,True,Physiotherapy,Adult,Day,Thursday
6175,858-83-5629,Female,Two or More Races,42,2023-11-24,08:02:00,26,True,Cardiology,Adult,Day,Friday
6176,726-05-1906,Female,Two or More Races,47,2023-08-27,06:07:00,46,True,Cardiology,Middle-aged,Night,Sunday
6177,435-96-0077,Female,Two or More Races,71,2023-11-27,03:45:00,60,True,Cardiology,Senior,Night,Monday
6178,570-81-5633,Female,Two or More Races,74,2023-07-23,16:41:00,48,True,Cardiology,Senior,Evening,Sunday
6179,407-58-6440,Female,Two or More Races,1,2024-06-24,12:48:00,55,True,Cardiology,Minor,Day,Monday
6180,576-57-4936,Female,Two or More Races,23,2023-01-06,09:24:00,23,True,Cardiology,Young Adult,Day,Friday
6181,845-94-0950,Female,Two or More Races,63,2023-03-05,19:49:00,25,True,Cardiology,Older Adult,Evening,Sunday
6182,391-91-5708,Female,Two or More Races,79,2024-06-27,22:55:00,43,True,Cardiology,Senior,Evening,Thursday
6183,849-31-8796,Female,Two or More Races,24,2023-12-30,13:09:00,36,True,Cardiology,Young Adult,Day,Saturday
6184,267-84-6280,Female,Two or More Races,57,2023-11-04,08:19:00,47,True,Cardiology,Older Adult,Day,Saturday
6185,564-82-4273,Female,Two or More Races,26,2023-05-10,06:59:00,29,True,Gastroenterology,Young Adult,Night,Wednesday
6186,848-76-6406,Female,Two or More Races,54,2024-07-10,09:12:00,37,True,Gastroenterology,Middle-aged,Day,Wednesday
6187,209-04-5455,Female,Two or More Races,18,2023-01-05,17:09:00,35,True,Gastroenterology,Minor,Evening,Thursday
6188,597-65-0647,Female,Two or More Races,47,2024-08-28,13:51:00,59,True,Gastroenterology,Middle-aged,Day,Wednesday
6189,804-99-0470,Female,Two or More Races,46,2024-04-04,02:20:00,22,True,Gastroenterology,Middle-aged,Night,Thursday
6190,496-71-2879,Female,Two or More Races,1,2023-11-04,21:06:00,21,True,Gastroenterology,Minor,Evening,Saturday
6191,854-85-3729,Female,Two or More Races,78,2023-04-09,18:42:00,17,True,General Practice,Senior,Evening,Sunday
6192,893-64-0686,Female,Two or More Races,71,2024-03-03,20:25:00,46,True,General Practice,Senior,Evening,Sunday
6193,372-13-6382,Female,Two or More Races,69,2023-06-27,21:43:00,48,True,General Practice,Senior,Evening,Tuesday
6194,301-70-6477,Female,Two or More Races,9,2023-05-31,07:03:00,59,True,General Practice,Minor,Day,Wednesday
6195,435-18-2227,Female,Two or More Races,28,2023-09-16,11:21:00,16,True,General Practice,Young Adult,Day,Saturday
6196,782-38-8963,Female,Two or More Races,76,2024-01-22,04:48:00,40,True,General Practice,Senior,Night,Monday
6197,135-38-8450,Female,Two or More Races,71,2023-06-24,20:53:00,54,True,General Practice,Senior,Evening,Saturday
6198,809-24-5383,Female,Two or More Races,26,2024-02-13,05:03:00,55,True,General Practice,Young Adult,Night,Tuesday
6199,378-53-6554,Female,Two or More Races,60,2024-09-07,22:44:00,14,True,General Practice,Older Adult,Evening,Saturday
6200,154-08-0049,Female,Two or More Races,17,2023-02-08,06:34:00,37,True,General Practice,Minor,Night,Wednesday
6201,621-38-3484,Female,Two or More Races,70,2023-11-05,07:36:00,12,True,General Practice,Senior,Day,Sunday
6202,744-49-8061,Female,Two or More Races,41,2023-07-20,11:54:00,47,True,General Practice,Adult,Day,Thursday
6203,176-29-2963,Female,Two or More Races,8,2023-09-05,02:49:00,57,True,General Practice,Minor,Night,Tuesday
6204,778-42-7837,Female,Two or More Races,78,2023-07-26,22:19:00,57,True,General Practice,Senior,Evening,Wednesday
6205,636-97-9988,Female,Two or More Races,46,2023-04-19,02:02:00,32,True,General Practice,Middle-aged,Night,Wednesday
6206,373-44-2396,Female,Two or More Races,70,2023-12-23,19:35:00,14,True,General Practice,Senior,Evening,Saturday
6207,332-89-8975,Female,Two or More Races,56,2023-04-14,02:00:00,15,True,General Practice,Older Adult,Night,Friday
6208,542-95-0022,Female,Two or More Races,1,2023-03-08,22:52:00,18,True,General Practice,Minor,Evening,Wednesday
6209,407-62-2609,Female,Two or More Races,55,2023-12-23,00:33:00,35,True,General Practice,Older Adult,Night,Saturday
6210,485-30-3941,Female,Two or More Races,78,2023-09-30,05:24:00,44,True,General Practice,Senior,Night,Saturday
6211,177-26-6957,Female,Two or More Races,45,2023-05-30,20:56:00,34,True,General Practice,Middle-aged,Evening,Tuesday
6212,489-59-2907,Female,Two or More Races,51,2024-10-06,21:09:00,38,True,General Practice,Middle-aged,Evening,Sunday
6213,365-99-7907,Female,Two or More Races,40,2024-06-05,03:56:00,58,True,General Practice,Adult,Night,Wednesday
6214,633-13-0506,Female,Two or More Races,12,2023-11-16,14:05:00,31,True,General Practice,Minor,Day,Thursday
6215,106-45-9457,Female,Two or More Races,71,2023-01-04,22:49:00,14,True,General Practice,Senior,Evening,Wednesday
6216,297-71-6951,Female,Two or More Races,37,2024-05-26,13:24:00,22,True,General Practice,Adult,Day,Sunday
6217,853-14-1523,Female,Two or More Races,54,2024-02-03,23:35:00,11,True,General Practice,Middle-aged,Night,Saturday
6218,898-58-4727,Female,Two or More Races,43,2023-08-04,14:04:00,24,True,General Practice,Adult,Day,Friday
6219,659-31-7909,Female,Two or More Races,75,2024-05-17,09:34:00,31,True,General Practice,Senior,Day,Friday
6220,131-67-6983,Female,Two or More Races,73,2024-09-26,04:02:00,46,True,General Practice,Senior,Night,Thursday
6221,300-01-5940,Female,Two or More Races,65,2023-12-15,13:13:00,11,True,General Practice,Senior,Day,Friday
6222,771-04-6699,Female,Two or More Races,44,2024-07-02,11:28:00,48,True,General Practice,Adult,Day,Tuesday
6223,396-15-3301,Female,Two or More Races,67,2023-04-26,15:39:00,21,True,General Practice,Senior,Evening,Wednesday
6224,432-67-1519,Female,Two or More Races,55,2024-03-06,02:05:00,36,True,General Practice,Older Adult,Night,Wednesday
6225,164-75-9897,Female,Two or More Races,21,2023-05-30,19:35:00,53,True,General Practice,Young Adult,Evening,Tuesday
6226,775-84-1134,Female,Two or More Races,9,2024-06-03,04:58:00,18,True,General Practice,Minor,Night,Monday
6227,461-43-6018,Female,Two or More Races,76,2024-04-25,08:36:00,49,True,General Practice,Senior,Day,Thursday
6228,872-25-5467,Female,Two or More Races,5,2024-01-25,00:38:00,24,True,General Practice,Minor,Night,Thursday
6229,424-36-0709,Female,Two or More Races,4,2024-08-28,18:06:00,36,True,General Practice,Minor,Evening,Wednesday
6230,361-20-0157,Female,Two or More Races,2,2023-07-29,03:22:00,38,True,General Practice,Minor,Night,Saturday
6231,707-26-6477,Female,Two or More Races,14,2023-11-18,01:28:00,47,True,General Practice,Minor,Night,Saturday
6232,428-11-4631,Female,Two or More Races,43,2024-06-20,08:48:00,14,True,General Practice,Adult,Day,Thursday
6233,773-38-3470,Female,Two or More Races,75,2024-08-15,00:15:00,26,True,General Practice,Senior,Night,Thursday
6234,536-13-9230,Female,Two or More Races,73,2024-10-23,18:08:00,51,True,General Practice,Senior,Evening,Wednesday
6235,852-03-6666,Female,Two or More Races,63,2024-06-25,14:44:00,10,True,General Practice,Older Adult,Day,Tuesday
6236,614-10-6705,Female,Two or More Races,61,2024-01-29,05:55:00,33,True,General Practice,Older Adult,Night,Monday
6237,866-68-8167,Female,Two or More Races,8,2023-09-25,03:06:00,31,True,General Practice,Minor,Night,Monday
6238,101-66-4553,Female,Two or More Races,14,2024-03-30,14:12:00,57,True,General Practice,Minor,Day,Saturday
6239,696-26-2070,Female,Two or More Races,5,2024-07-18,03:37:00,45,True,General Practice,Minor,Night,Thursday
6240,347-60-6369,Female,Two or More Races,71,2023-08-31,00:40:00,52,True,General Practice,Senior,Night,Thursday
6241,331-49-1782,Female,Two or More Races,13,2024-08-19,17:13:00,14,True,General Practice,Minor,Evening,Monday
6242,763-09-4106,Female,Two or More Races,77,2023-12-27,00:26:00,21,True,General Practice,Senior,Night,Wednesday
6243,848-86-1919,Female,Two or More Races,61,2023-03-04,21:57:00,42,True,General Practice,Older Adult,Evening,Saturday
6244,194-07-9452,Female,Two or More Races,23,2023-07-15,21:54:00,56,True,General Practice,Young Adult,Evening,Saturday
6245,144-66-1948,Female,Two or More Races,44,2023-07-26,11:04:00,17,True,General Practice,Adult,Day,Wednesday
6246,106-63-9645,Female,Two or More Races,67,2023-10-22,10:35:00,28,True,General Practice,Senior,Day,Sunday
6247,809-57-0960,Female,Two or More Races,49,2024-11-04,15:37:00,39,True,General Practice,Middle-aged,Evening,Monday
6248,714-30-8768,Female,Two or More Races,4,2023-05-12,15:38:00,51,True,General Practice,Minor,Evening,Friday
6249,161-21-7511,Female,Two or More Races,33,2024-07-04,02:48:00,19,True,General Practice,Young Adult,Night,Thursday
6250,247-22-9153,Female,Two or More Races,79,2024-08-08,17:53:00,35,True,General Practice,Senior,Evening,Thursday
6251,222-92-7536,Female,Two or More Races,15,2023-07-06,14:26:00,16,True,General Practice,Minor,Day,Thursday
6252,733-11-5395,Female,Two or More Races,9,2024-10-03,00:21:00,33,True,General Practice,Minor,Night,Thursday
6253,718-37-9286,Female,Two or More Races,46,2023-09-16,09:01:00,50,True,General Practice,Middle-aged,Day,Saturday
6254,398-42-8539,Female,Two or More Races,59,2023-10-29,02:46:00,38,True,General Practice,Older Adult,Night,Sunday
6255,680-88-1118,Female,Two or More Races,30,2024-04-18,08:44:00,50,True,General Practice,Young Adult,Day,Thursday
6256,249-15-8609,Female,Two or More Races,1,2024-09-10,07:28:00,20,True,General Practice,Minor,Day,Tuesday
6257,782-93-8426,Female,Two or More Races,53,2024-01-31,08:16:00,41,True,General Practice,Middle-aged,Day,Wednesday
6258,421-31-7038,Female,Two or More Races,31,2023-09-27,18:30:00,40,True,General Practice,Young Adult,Evening,Wednesday
6259,776-52-1013,Female,Two or More Races,44,2023-07-13,00:17:00,13,True,General Practice,Adult,Night,Thursday
6260,743-85-2344,Female,Two or More Races,8,2024-07-03,00:01:00,16,True,General Practice,Minor,Night,Wednesday
6261,639-06-6643,Female,Two or More Races,68,2023-08-25,18:31:00,12,True,General Practice,Senior,Evening,Friday
6262,620-57-1837,Female,Two or More Races,60,2023-06-14,02:36:00,56,True,General Practice,Older Adult,Night,Wednesday
6263,115-27-3838,Female,Two or More Races,75,2024-09-23,23:21:00,41,True,General Practice,Senior,Night,Monday
6264,368-88-6976,Female,Two or More Races,66,2023-12-07,00:22:00,59,True,General Practice,Senior,Night,Thursday
6265,106-19-1978,Female,Two or More Races,34,2024-06-06,11:59:00,21,True,General Practice,Young Adult,Day,Thursday
6266,110-62-5261,Female,Two or More Races,37,2023-07-05,08:49:00,38,True,General Practice,Adult,Day,Wednesday
6267,350-64-3851,Female,Two or More Races,56,2023-05-16,04:52:00,60,True,General Practice,Older Adult,Night,Tuesday
6268,776-23-1137,Female,Two or More Races,37,2023-12-13,17:24:00,14,True,General Practice,Adult,Evening,Wednesday
6269,333-86-8631,Female,Two or More Races,6,2024-10-17,23:47:00,16,True,General Practice,Minor,Night,Thursday
6270,808-40-7844,Female,Two or More Races,2,2024-05-07,19:54:00,26,True,General Practice,Minor,Evening,Tuesday
6271,655-60-3958,Female,Two or More Races,64,2024-10-15,16:49:00,14,True,Neurology,Older Adult,Evening,Tuesday
6272,678-06-2315,Female,Two or More Races,58,2024-05-24,21:28:00,22,True,Neurology,Older Adult,Evening,Friday
6273,137-31-2631,Female,Two or More Races,16,2024-05-16,11:02:00,12,True,Neurology,Minor,Day,Thursday
6274,340-90-0395,Female,Two or More Races,61,2024-08-07,15:27:00,11,True,No referral.,Older Adult,Evening,Wednesday
6275,154-20-6000,Female,Two or More Races,19,2023-10-29,18:32:00,40,True,No referral.,Minor,Evening,Sunday
6276,140-54-0216,Female,Two or More Races,59,2024-03-15,13:35:00,58,True,No referral.,Older Adult,Day,Friday
6277,109-37-2285,Female,Two or More Races,59,2023-06-18,01:10:00,23,True,No referral.,Older Adult,Night,Sunday
6278,567-38-2530,Female,Two or More Races,29,2024-08-09,15:27:00,27,True,No referral.,Young Adult,Evening,Friday
6279,321-32-7223,Female,Two or More Races,11,2024-09-14,11:34:00,33,True,No referral.,Minor,Day,Saturday
6280,792-87-9816,Female,Two or More Races,74,2024-07-15,04:44:00,59,True,No referral.,Senior,Night,Monday
6281,267-31-5874,Female,Two or More Races,12,2024-03-23,03:48:00,11,True,No referral.,Minor,Night,Saturday
6282,395-82-4902,Female,Two or More Races,57,2024-09-29,19:39:00,15,True,No referral.,Older Adult,Evening,Sunday
6283,825-04-1608,Female,Two or More Races,38,2023-09-28,14:12:00,18,True,No referral.,Adult,Day,Thursday
6284,257-26-2912,Female,Two or More Races,47,2023-05-29,12:13:00,19,True,No referral.,Middle-aged,Day,Monday
6285,350-61-5615,Female,Two or More Races,23,2024-09-03,20:50:00,28,True,No referral.,Young Adult,Evening,Tuesday
6286,730-86-9301,Female,Two or More Races,77,2024-07-13,21:14:00,33,True,No referral.,Senior,Evening,Saturday
6287,374-25-2767,Female,Two or More Races,49,2024-09-05,19:11:00,16,True,No referral.,Middle-aged,Evening,Thursday
6288,802-43-5672,Female,Two or More Races,21,2024-10-17,16:24:00,18,True,No referral.,Young Adult,Evening,Thursday
6289,333-77-2455,Female,Two or More Races,58,2024-05-22,07:40:00,28,True,No referral.,Older Adult,Day,Wednesday
6290,562-21-7626,Female,Two or More Races,21,2023-11-07,06:42:00,45,True,No referral.,Young Adult,Night,Tuesday
6291,294-40-5812,Female,Two or More Races,79,2023-12-21,17:05:00,55,True,No referral.,Senior,Evening,Thursday
6292,442-03-8987,Female,Two or More Races,66,2024-05-29,21:45:00,14,True,No referral.,Senior,Evening,Wednesday
6293,381-34-5796,Female,Two or More Races,66,2023-04-19,16:12:00,18,True,No referral.,Senior,Evening,Wednesday
6294,552-64-1478,Female,Two or More Races,66,2024-09-22,13:40:00,26,True,No referral.,Senior,Day,Sunday
6295,834-47-2893,Female,Two or More Races,77,2024-02-03,06:55:00,56,True,No referral.,Senior,Night,Saturday
6296,586-80-5588,Female,Two or More Races,45,2024-03-09,23:59:00,11,True,No referral.,Middle-aged,Night,Saturday
6297,717-43-6092,Female,Two or More Races,70,2023-04-20,09:51:00,15,True,No referral.,Senior,Day,Thursday
6298,710-35-3311,Female,Two or More Races,29,2024-08-19,10:33:00,18,True,No referral.,Young Adult,Day,Monday
6299,873-70-9664,Female,Two or More Races,45,2023-08-13,01:31:00,30,True,No referral.,Middle-aged,Night,Sunday
6300,115-98-4542,Female,Two or More Races,7,2024-09-20,23:49:00,31,True,No referral.,Minor,Night,Friday
6301,663-78-1073,Female,Two or More Races,72,2023-07-31,19:11:00,33,True,No referral.,Senior,Evening,Monday
6302,172-36-2378,Female,Two or More Races,58,2024-01-09,03:12:00,38,True,No referral.,Older Adult,Night,Tuesday
6303,548-34-7659,Female,Two or More Races,34,2023-08-20,10:49:00,42,True,No referral.,Young Adult,Day,Sunday
6304,186-91-5001,Female,Two or More Races,18,2024-01-25,03:57:00,44,True,No referral.,Minor,Night,Thursday
6305,406-82-7977,Female,Two or More Races,55,2023-02-12,01:52:00,48,True,No referral.,Older Adult,Night,Sunday
6306,394-17-4256,Female,Two or More Races,17,2023-01-07,05:58:00,52,True,No referral.,Minor,Night,Saturday
6307,653-90-8789,Female,Two or More Races,28,2024-03-24,14:51:00,59,True,No referral.,Young Adult,Day,Sunday
6308,478-97-4429,Female,Two or More Races,61,2024-08-15,23:15:00,59,True,No referral.,Older Adult,Night,Thursday
6309,507-61-2190,Female,Two or More Races,67,2023-11-25,12:12:00,16,True,No referral.,Senior,Day,Saturday
6310,796-63-0118,Female,Two or More Races,78,2024-07-23,22:40:00,23,True,No referral.,Senior,Evening,Tuesday
6311,538-85-4594,Female,Two or More Races,48,2024-11-09,00:28:00,28,True,No referral.,Middle-aged,Night,Saturday
6312,740-13-0146,Female,Two or More Races,62,2023-12-24,07:14:00,53,True,No referral.,Older Adult,Day,Sunday
6313,238-48-0520,Female,Two or More Races,48,2024-07-23,05:26:00,55,True,No referral.,Middle-aged,Night,Tuesday
6314,769-35-5567,Female,Two or More Races,10,2024-08-05,02:32:00,28,True,No referral.,Minor,Night,Monday
6315,698-93-1765,Female,Two or More Races,31,2024-10-15,01:38:00,34,True,No referral.,Young Adult,Night,Tuesday
6316,543-37-4558,Female,Two or More Races,17,2024-10-29,18:47:00,36,True,No referral.,Minor,Evening,Tuesday
6317,335-51-8706,Female,Two or More Races,28,2023-02-07,08:40:00,44,True,No referral.,Young Adult,Day,Tuesday
6318,759-67-8916,Female,Two or More Races,69,2023-03-05,09:05:00,44,True,No referral.,Senior,Day,Sunday
6319,793-05-8164,Female,Two or More Races,27,2024-02-05,17:03:00,57,True,No referral.,Young Adult,Evening,Monday
6320,780-85-4078,Female,Two or More Races,18,2024-12-10,21:14:00,10,True,No referral.,Minor,Evening,Tuesday
6321,897-32-9183,Female,Two or More Races,26,2024-03-02,17:02:00,16,True,No referral.,Young Adult,Evening,Saturday
6322,733-47-2290,Female,Two or More Races,21,2024-03-17,12:41:00,18,True,No referral.,Young Adult,Day,Sunday
6323,289-58-7260,Female,Two or More Races,31,2023-05-31,01:26:00,23,True,No referral.,Young Adult,Night,Wednesday
6324,447-09-9471,Female,Two or More Races,70,2023-05-15,15:26:00,26,True,No referral.,Senior,Evening,Monday
6325,861-34-7638,Female,Two or More Races,1,2023-07-22,14:30:00,27,True,No referral.,Minor,Day,Saturday
6326,203-87-2918,Female,Two or More Races,2,2023-03-04,06:51:00,52,True,No referral.,Minor,Night,Saturday
6327,381-28-4275,Female,Two or More Races,52,2024-03-13,13:05:00,60,True,No referral.,Middle-aged,Day,Wednesday
6328,545-79-9266,Female,Two or More Races,39,2024-10-22,11:39:00,19,True,No referral.,Adult,Day,Tuesday
6329,801-02-6881,Female,Two or More Races,61,2024-03-24,13:40:00,27,True,No referral.,Older Adult,Day,Sunday
6330,418-23-0440,Female,Two or More Races,52,2023-04-16,15:35:00,29,True,No referral.,Middle-aged,Evening,Sunday
6331,683-91-0420,Female,Two or More Races,1,2023-10-08,01:56:00,36,True,No referral.,Minor,Night,Sunday
6332,801-74-4085,Female,Two or More Races,79,2023-01-10,10:40:00,40,True,No referral.,Senior,Day,Tuesday
6333,287-54-9000,Female,Two or More Races,61,2023-02-06,01:53:00,48,True,No referral.,Older Adult,Night,Monday
6334,772-46-8040,Female,Two or More Races,74,2024-08-03,05:00:00,52,True,No referral.,Senior,Night,Saturday
6335,628-85-1987,Female,Two or More Races,18,2023-04-28,10:42:00,18,True,No referral.,Minor,Day,Friday
6336,495-27-5086,Female,Two or More Races,36,2024-06-28,12:49:00,34,True,No referral.,Adult,Day,Friday
6337,745-25-9361,Female,Two or More Races,70,2023-10-29,07:43:00,36,True,No referral.,Senior,Day,Sunday
6338,868-34-1436,Female,Two or More Races,56,2024-10-04,15:05:00,40,True,No referral.,Older Adult,Evening,Friday
6339,807-67-1911,Female,Two or More Races,36,2023-10-18,05:07:00,51,True,No referral.,Adult,Night,Wednesday
6340,662-15-5096,Female,Two or More Races,12,2024-05-07,19:26:00,55,True,No referral.,Minor,Evening,Tuesday
6341,651-17-9916,Female,Two or More Races,72,2023-07-23,19:29:00,58,True,No referral.,Senior,Evening,Sunday
6342,816-20-1771,Female,Two or More Races,78,2023-07-28,00:58:00,11,True,No referral.,Senior,Night,Friday
6343,753-83-3567,Female,Two or More Races,37,2023-11-10,22:12:00,19,True,No referral.,Adult,Evening,Friday
6344,101-08-8798,Female,Two or More Races,72,2024-07-31,14:18:00,48,True,No referral.,Senior,Day,Wednesday
6345,785-28-8022,Female,Two or More Races,7,2023-10-26,06:26:00,50,True,No referral.,Minor,Night,Thursday
6346,319-53-7655,Female,Two or More Races,9,2023-09-17,13:31:00,52,True,No referral.,Minor,Day,Sunday
6347,250-68-9303,Female,Two or More Races,59,2024-09-25,19:10:00,21,True,No referral.,Older Adult,Evening,Wednesday
6348,387-69-7529,Female,Two or More Races,27,2024-04-01,03:37:00,24,True,No referral.,Young Adult,Night,Monday
6349,121-69-0476,Female,Two or More Races,59,2023-09-27,10:49:00,32,True,No referral.,Older Adult,Day,Wednesday
6350,685-55-6240,Female,Two or More Races,30,2023-09-27,01:25:00,34,True,No referral.,Young Adult,Night,Wednesday
6351,883-69-9750,Female,Two or More Races,44,2023-12-15,19:51:00,42,True,No referral.,Adult,Evening,Friday
6352,504-48-7349,Female,Two or More Races,43,2023-03-07,03:07:00,47,True,No referral.,Adult,Night,Tuesday
6353,395-27-0613,Female,Two or More Races,29,2023-03-10,03:55:00,12,True,No referral.,Young Adult,Night,Friday
6354,727-20-6876,Female,Two or More Races,75,2024-05-07,19:56:00,12,True,No referral.,Senior,Evening,Tuesday
6355,389-64-9474,Female,Two or More Races,53,2024-06-09,16:55:00,18,True,No referral.,Middle-aged,Evening,Sunday
6356,869-71-2604,Female,Two or More Races,49,2023-01-12,21:50:00,19,True,No referral.,Middle-aged,Evening,Thursday
6357,346-54-6833,Female,Two or More Races,29,2024-09-07,04:03:00,22,True,No referral.,Young Adult,Night,Saturday
6358,734-77-3973,Female,Two or More Races,38,2024-10-16,10:15:00,24,True,No referral.,Adult,Day,Wednesday
6359,303-71-6742,Female,Two or More Races,21,2023-04-26,11:08:00,34,True,No referral.,Young Adult,Day,Wednesday
6360,600-20-8677,Female,Two or More Races,21,2024-10-05,11:25:00,57,True,No referral.,Young Adult,Day,Saturday
6361,816-66-4213,Female,Two or More Races,14,2024-05-25,06:28:00,23,True,No referral.,Minor,Night,Saturday
6362,442-88-1387,Female,Two or More Races,75,2024-07-13,02:41:00,35,True,No referral.,Senior,Night,Saturday
6363,803-60-2987,Female,Two or More Races,18,2024-02-29,05:03:00,41,True,No referral.,Minor,Night,Thursday
6364,638-34-1566,Female,Two or More Races,70,2024-09-18,20:33:00,53,True,No referral.,Senior,Evening,Wednesday
6365,716-99-2825,Female,Two or More Races,22,2024-09-25,00:35:00,60,True,No referral.,Young Adult,Night,Wednesday
6366,690-16-9413,Female,Two or More Races,27,2023-11-08,01:32:00,10,True,No referral.,Young Adult,Night,Wednesday
6367,469-64-8137,Female,Two or More Races,55,2024-04-16,07:40:00,17,True,No referral.,Older Adult,Day,Tuesday
6368,740-89-0160,Female,Two or More Races,28,2024-02-16,20:07:00,19,True,No referral.,Young Adult,Evening,Friday
6369,799-98-8144,Female,Two or More Races,43,2024-02-13,09:37:00,19,True,No referral.,Adult,Day,Tuesday
6370,464-28-0970,Female,Two or More Races,59,2024-07-06,15:22:00,19,True,No referral.,Older Adult,Evening,Saturday
6371,859-69-2931,Female,Two or More Races,44,2024-06-24,17:30:00,21,True,No referral.,Adult,Evening,Monday
6372,318-41-0573,Female,Two or More Races,56,2023-05-23,04:50:00,23,True,No referral.,Older Adult,Night,Tuesday
6373,866-70-7461,Female,Two or More Races,14,2024-09-06,18:03:00,30,True,No referral.,Minor,Evening,Friday
6374,425-11-0683,Female,Two or More Races,15,2023-04-12,10:25:00,30,True,No referral.,Minor,Day,Wednesday
6375,121-28-9581,Female,Two or More Races,36,2023-02-07,01:09:00,49,True,No referral.,Adult,Night,Tuesday
6376,193-33-1101,Female,Two or More Races,70,2023-11-20,22:38:00,12,True,No referral.,Senior,Evening,Monday
6377,103-16-8002,Female,Two or More Races,27,2024-10-14,21:51:00,14,True,No referral.,Young Adult,Evening,Monday
6378,546-75-6534,Female,Two or More Races,37,2024-02-28,20:51:00,39,True,No referral.,Adult,Evening,Wednesday
6379,364-20-0981,Female,Two or More Races,40,2024-01-13,09:28:00,40,True,No referral.,Adult,Day,Saturday
6380,451-23-7222,Female,Two or More Races,12,2023-05-20,05:14:00,26,True,No referral.,Minor,Night,Saturday
6381,715-98-3805,Female,Two or More Races,41,2024-01-10,16:37:00,47,True,No referral.,Adult,Evening,Wednesday
6382,385-78-1939,Female,Two or More Races,33,2023-05-21,22:17:00,60,True,No referral.,Young Adult,Evening,Sunday
6383,821-50-7505,Female,Two or More Races,38,2023-04-13,22:21:00,23,True,No referral.,Adult,Evening,Thursday
6384,135-94-6945,Female,Two or More Races,77,2024-09-17,19:13:00,25,True,No referral.,Senior,Evening,Tuesday
6385,571-83-1829,Female,Two or More Races,7,2024-09-24,02:35:00,31,True,No referral.,Minor,Night,Tuesday
6386,716-22-9303,Female,Two or More Races,67,2024-10-25,11:21:00,31,True,No referral.,Senior,Day,Friday
6387,218-59-5559,Female,Two or More Races,52,2024-03-03,05:17:00,34,True,No referral.,Middle-aged,Night,Sunday
6388,252-19-4344,Female,Two or More Races,63,2023-06-18,17:13:00,36,True,No referral.,Older Adult,Evening,Sunday
6389,187-53-7163,Female,Two or More Races,52,2024-01-14,05:54:00,39,True,No referral.,Middle-aged,Night,Sunday
6390,203-52-4607,Female,Two or More Races,17,2024-04-09,16:56:00,43,True,No referral.,Minor,Evening,Tuesday
6391,325-48-1576,Female,Two or More Races,78,2024-04-24,16:54:00,44,True,No referral.,Senior,Evening,Wednesday
6392,313-42-4447,Female,Two or More Races,60,2023-05-16,13:29:00,20,True,No referral.,Older Adult,Day,Tuesday
6393,792-91-8484,Female,Two or More Races,16,2023-04-18,02:55:00,55,True,No referral.,Minor,Night,Tuesday
6394,309-83-7417,Female,Two or More Races,73,2024-05-20,08:38:00,58,True,No referral.,Senior,Day,Monday
6395,440-71-9187,Female,Two or More Races,68,2023-06-10,03:34:00,14,True,No referral.,Senior,Night,Saturday
6396,451-65-8048,Female,Two or More Races,15,2023-12-06,12:54:00,22,True,No referral.,Minor,Day,Wednesday
6397,286-53-3539,Female,Two or More Races,30,2023-11-04,11:09:00,46,True,No referral.,Young Adult,Day,Saturday
6398,391-08-8014,Female,Two or More Races,17,2024-05-04,11:56:00,15,True,No referral.,Minor,Day,Saturday
6399,825-89-1350,Female,Two or More Races,22,2024-04-26,22:19:00,30,True,No referral.,Young Adult,Evening,Friday
6400,642-16-2520,Female,Two or More Races,70,2024-06-02,13:35:00,32,True,No referral.,Senior,Day,Sunday
6401,132-57-0457,Female,Two or More Races,10,2024-04-10,10:29:00,43,True,No referral.,Minor,Day,Wednesday
6402,173-78-8246,Female,Two or More Races,26,2024-10-30,13:17:00,44,True,No referral.,Young Adult,Day,Wednesday
6403,882-24-2205,Female,Two or More Races,13,2023-07-08,03:43:00,60,True,No referral.,Minor,Night,Saturday
6404,388-24-8571,Female,Two or More Races,52,2024-09-04,22:35:00,15,True,No referral.,Middle-aged,Evening,Wednesday
6405,577-19-0993,Female,Two or More Races,59,2024-06-26,11:07:00,17,True,No referral.,Older Adult,Day,Wednesday
6406,452-90-0527,Female,Two or More Races,2,2024-07-29,01:57:00,19,True,No referral.,Minor,Night,Monday
6407,702-91-9472,Female,Two or More Races,38,2023-06-12,15:13:00,19,True,No referral.,Adult,Evening,Monday
6408,647-70-1937,Female,Two or More Races,36,2023-11-04,03:29:00,26,True,No referral.,Adult,Night,Saturday
6409,724-91-6775,Female,Two or More Races,72,2023-12-31,07:02:00,27,True,No referral.,Senior,Day,Sunday
6410,831-50-5877,Female,Two or More Races,71,2023-07-27,23:35:00,32,True,No referral.,Senior,Night,Thursday
6411,362-16-2935,Female,Two or More Races,66,2023-09-22,08:31:00,59,True,No referral.,Senior,Day,Friday
6412,530-29-2305,Female,Two or More Races,60,2023-07-04,19:56:00,29,True,No referral.,Older Adult,Evening,Tuesday
6413,443-22-9454,Female,Two or More Races,60,2023-10-30,10:41:00,37,True,No referral.,Older Adult,Day,Monday
6414,306-81-0653,Female,Two or More Races,24,2024-04-26,11:24:00,54,True,No referral.,Young Adult,Day,Friday
6415,419-73-6058,Female,Two or More Races,2,2023-04-11,17:55:00,16,True,No referral.,Minor,Evening,Tuesday
6416,500-68-3605,Female,Two or More Races,66,2023-03-07,09:28:00,30,True,No referral.,Senior,Day,Tuesday
6417,229-85-9032,Female,Two or More Races,9,2023-07-31,10:23:00,39,True,No referral.,Minor,Day,Monday
6418,541-39-5821,Female,Two or More Races,75,2024-09-15,10:59:00,45,True,No referral.,Senior,Day,Sunday
6419,658-28-8234,Female,Two or More Races,28,2024-08-07,13:39:00,32,True,No referral.,Young Adult,Day,Wednesday
6420,134-32-5074,Female,Two or More Races,69,2024-10-21,20:37:00,29,True,No referral.,Senior,Evening,Monday
6421,695-89-5188,Female,Two or More Races,54,2024-04-03,00:42:00,17,True,No referral.,Middle-aged,Night,Wednesday
6422,717-76-9415,Female,Two or More Races,22,2023-08-24,15:43:00,48,True,No referral.,Young Adult,Evening,Thursday
6423,524-70-3535,Female,Two or More Races,77,2023-05-29,00:21:00,52,True,No referral.,Senior,Night,Monday
6424,496-54-0698,Female,Two or More Races,75,2023-02-12,04:58:00,26,True,No referral.,Senior,Night,Sunday
6425,775-47-1974,Female,Two or More Races,38,2023-10-08,17:00:00,59,True,No referral.,Adult,Evening,Sunday
6426,406-40-1145,Female,Two or More Races,69,2024-03-19,14:23:00,10,True,No referral.,Senior,Day,Tuesday
6427,617-03-1693,Female,Two or More Races,6,2024-01-16,11:48:00,58,True,No referral.,Minor,Day,Tuesday
6428,691-30-7465,Female,Two or More Races,2,2024-06-10,19:50:00,40,True,No referral.,Minor,Evening,Monday
6429,782-72-6848,Female,Two or More Races,57,2024-07-05,07:19:00,40,True,No referral.,Older Adult,Day,Friday
6430,534-24-2222,Female,Two or More Races,61,2024-02-14,11:55:00,53,True,No referral.,Older Adult,Day,Wednesday
6431,733-34-8942,Female,Two or More Races,23,2024-01-17,01:50:00,34,True,No referral.,Young Adult,Night,Wednesday
6432,370-55-2291,Female,Two or More Races,40,2024-11-06,11:22:00,51,True,No referral.,Adult,Day,Wednesday
6433,475-24-2587,Female,Two or More Races,8,2023-08-15,08:44:00,27,True,No referral.,Minor,Day,Tuesday
6434,238-26-0586,Female,Two or More Races,55,2023-02-06,11:54:00,30,True,No referral.,Older Adult,Day,Monday
6435,546-34-5816,Female,Two or More Races,48,2023-04-29,03:42:00,45,True,No referral.,Middle-aged,Night,Saturday
6436,883-97-1220,Female,Two or More Races,16,2024-05-29,10:35:00,24,True,No referral.,Minor,Day,Wednesday
6437,118-84-0022,Female,Two or More Races,10,2024-05-22,01:33:00,29,True,No referral.,Minor,Night,Wednesday
6438,653-94-5107,Female,Two or More Races,48,2024-02-14,23:16:00,21,True,No referral.,Middle-aged,Night,Wednesday
6439,715-52-4357,Female,Two or More Races,35,2023-03-05,22:42:00,59,True,No referral.,Adult,Evening,Sunday
6440,293-44-4536,Female,Two or More Races,35,2023-06-25,07:12:00,14,True,No referral.,Adult,Day,Sunday
6441,801-24-6193,Female,Two or More Races,76,2023-10-26,01:39:00,19,True,No referral.,Senior,Night,Thursday
6442,171-65-7050,Female,Two or More Races,3,2024-06-29,13:48:00,22,True,No referral.,Minor,Day,Saturday
6443,708-68-6708,Female,Two or More Races,54,2023-09-26,08:08:00,45,True,No referral.,Middle-aged,Day,Tuesday
6444,571-29-8781,Female,Two or More Races,46,2024-04-24,16:22:00,53,True,No referral.,Middle-aged,Evening,Wednesday
6445,526-19-8373,Female,Two or More Races,39,2023-08-28,23:25:00,41,True,No referral.,Adult,Night,Monday
6446,685-44-8957,Female,Two or More Races,26,2024-09-15,14:28:00,17,True,No referral.,Young Adult,Day,Sunday
6447,143-35-2643,Female,Two or More Races,46,2023-12-21,13:45:00,39,True,No referral.,Middle-aged,Day,Thursday
6448,304-59-5501,Female,Two or More Races,25,2023-05-23,15:26:00,15,True,No referral.,Young Adult,Evening,Tuesday
6449,256-70-6672,Female,Two or More Races,21,2024-06-27,07:17:00,50,True,No referral.,Young Adult,Day,Thursday
6450,436-57-3978,Female,Two or More Races,69,2024-06-14,15:35:00,39,True,No referral.,Senior,Evening,Friday
6451,756-49-1111,Female,Two or More Races,3,2024-09-21,04:35:00,22,True,No referral.,Minor,Night,Saturday
6452,586-75-2106,Female,Two or More Races,62,2023-10-25,23:31:00,20,True,No referral.,Older Adult,Night,Wednesday
6453,777-61-6593,Female,Two or More Races,75,2024-06-17,16:02:00,54,True,No referral.,Senior,Evening,Monday
6454,687-59-9155,Female,Two or More Races,74,2023-08-31,22:57:00,55,True,No referral.,Senior,Evening,Thursday
6455,704-78-5146,Female,Two or More Races,55,2024-05-18,04:44:00,38,True,No referral.,Older Adult,Night,Saturday
6456,743-09-6069,Female,Two or More Races,49,2024-01-17,20:04:00,24,True,No referral.,Middle-aged,Evening,Wednesday
6457,137-38-5385,Female,Two or More Races,58,2023-09-24,00:28:00,36,True,No referral.,Older Adult,Night,Sunday
6458,870-50-4955,Female,Two or More Races,1,2023-04-24,05:44:00,23,True,No referral.,Minor,Night,Monday
6459,223-54-0736,Female,Two or More Races,51,2024-09-09,12:34:00,35,True,No referral.,Middle-aged,Day,Monday
6460,519-99-8494,Female,Two or More Races,56,2024-11-03,16:39:00,60,True,No referral.,Older Adult,Evening,Sunday
6461,623-36-9441,Female,Two or More Races,60,2023-06-07,00:48:00,56,True,No referral.,Older Adult,Night,Wednesday
6462,693-91-2400,Female,Two or More Races,7,2023-06-12,10:07:00,29,True,No referral.,Minor,Day,Monday
6463,846-91-5022,Female,Two or More Races,62,2023-01-09,14:50:00,47,True,No referral.,Older Adult,Day,Monday
6464,454-91-6429,Female,Two or More Races,28,2024-10-30,13:25:00,26,True,No referral.,Young Adult,Day,Wednesday
6465,693-17-8496,Female,Two or More Races,34,2023-04-24,06:00:00,52,True,No referral.,Young Adult,Night,Monday
6466,264-44-0744,Female,Two or More Races,55,2024-07-13,08:51:00,19,True,No referral.,Older Adult,Day,Saturday
6467,544-07-1814,Female,Two or More Races,24,2024-06-04,08:05:00,26,True,No referral.,Young Adult,Day,Tuesday
6468,425-90-5230,Female,Two or More Races,51,2023-04-18,09:22:00,34,True,No referral.,Middle-aged,Day,Tuesday
6469,592-35-6777,Female,Two or More Races,2,2024-08-01,17:11:00,54,True,No referral.,Minor,Evening,Thursday
6470,584-23-6375,Female,Two or More Races,25,2023-08-09,02:23:00,24,True,No referral.,Young Adult,Night,Wednesday
6471,493-68-6784,Female,Two or More Races,3,2024-12-07,01:17:00,34,True,No referral.,Minor,Night,Saturday
6472,894-90-9359,Female,Two or More Races,66,2024-09-16,19:33:00,34,True,No referral.,Senior,Evening,Monday
6473,828-86-5241,Female,Two or More Races,72,2024-05-08,13:50:00,52,True,No referral.,Senior,Day,Wednesday
6474,837-41-0932,Female,Two or More Races,10,2024-05-22,01:45:00,31,True,No referral.,Minor,Night,Wednesday
6475,254-12-3223,Female,Two or More Races,10,2023-09-21,15:41:00,16,True,No referral.,Minor,Evening,Thursday
6476,693-79-1702,Female,Two or More Races,9,2023-11-17,18:51:00,12,True,No referral.,Minor,Evening,Friday
6477,681-56-5046,Female,Two or More Races,65,2024-08-13,23:13:00,45,True,No referral.,Senior,Night,Tuesday
6478,809-51-1881,Female,Two or More Races,37,2024-04-05,21:30:00,37,True,Orthopedics,Adult,Evening,Friday
6479,373-25-1214,Female,Two or More Races,3,2024-04-25,10:22:00,43,True,Orthopedics,Minor,Day,Thursday
6480,148-91-1392,Female,Two or More Races,67,2024-09-25,21:19:00,33,True,Orthopedics,Senior,Evening,Wednesday
6481,521-26-2024,Female,Two or More Races,30,2023-07-13,16:24:00,34,True,Orthopedics,Young Adult,Evening,Thursday
6482,375-83-4532,Female,Two or More Races,42,2024-04-26,07:46:00,56,True,Orthopedics,Adult,Day,Friday
6483,436-49-3831,Female,Two or More Races,45,2023-06-05,18:24:00,41,True,Orthopedics,Middle-aged,Evening,Monday
6484,245-93-0711,Female,Two or More Races,67,2024-02-03,09:50:00,47,True,Orthopedics,Senior,Day,Saturday
6485,676-76-2593,Female,Two or More Races,77,2024-01-31,05:49:00,14,True,Orthopedics,Senior,Night,Wednesday
6486,702-54-0548,Female,Two or More Races,53,2023-11-22,23:01:00,41,True,Orthopedics,Middle-aged,Night,Wednesday
6487,558-62-7213,Female,Two or More Races,41,2024-01-14,18:09:00,23,True,Orthopedics,Adult,Evening,Sunday
6488,669-45-6595,Female,Two or More Races,6,2023-07-23,06:59:00,29,True,Orthopedics,Minor,Night,Sunday
6489,625-51-6051,Female,Two or More Races,56,2024-04-03,23:35:00,34,True,Orthopedics,Older Adult,Night,Wednesday
6490,247-90-4774,Female,Two or More Races,14,2023-02-12,03:11:00,26,True,Orthopedics,Minor,Night,Sunday
6491,319-60-7646,Female,Two or More Races,76,2023-01-05,05:20:00,26,True,Orthopedics,Senior,Night,Thursday
6492,630-75-8261,Female,Two or More Races,64,2023-12-04,18:07:00,53,True,Orthopedics,Older Adult,Evening,Monday
6493,602-80-4744,Female,Two or More Races,55,2024-03-20,14:08:00,11,True,Orthopedics,Older Adult,Day,Wednesday
6494,818-67-0399,Female,Two or More Races,45,2024-03-03,20:32:00,60,True,Orthopedics,Middle-aged,Evening,Sunday
6495,880-03-7024,Female,Two or More Races,3,2023-08-20,04:00:00,44,True,Orthopedics,Minor,Night,Sunday
6496,697-97-4762,Female,Two or More Races,46,2024-03-25,09:00:00,19,True,Orthopedics,Middle-aged,Day,Monday
6497,313-26-4123,Female,Two or More Races,51,2023-11-25,15:33:00,13,True,Orthopedics,Middle-aged,Evening,Saturday
6498,208-88-1942,Female,Two or More Races,16,2023-09-26,15:11:00,11,True,Orthopedics,Minor,Evening,Tuesday
6499,693-10-4073,Female,Two or More Races,33,2024-08-02,12:05:00,48,True,Orthopedics,Young Adult,Day,Friday
6500,728-28-6087,Female,Two or More Races,51,2023-08-25,00:31:00,18,True,Orthopedics,Middle-aged,Night,Friday
6501,628-46-3223,Female,Two or More Races,13,2024-10-30,02:12:00,45,True,Orthopedics,Minor,Night,Wednesday
6502,499-25-8965,Female,Two or More Races,43,2023-08-07,07:48:00,46,True,Orthopedics,Adult,Day,Monday
6503,873-50-3555,Female,Two or More Races,53,2023-10-24,03:22:00,46,True,Orthopedics,Middle-aged,Night,Tuesday
6504,404-10-3469,Female,Two or More Races,16,2023-07-30,12:15:00,34,True,Orthopedics,Minor,Day,Sunday
6505,301-12-6179,Female,Two or More Races,33,2023-07-19,00:35:00,51,True,Orthopedics,Young Adult,Night,Wednesday
6506,451-83-7227,Female,Two or More Races,19,2023-11-06,17:54:00,42,True,Orthopedics,Minor,Evening,Monday
6507,758-30-1888,Female,Two or More Races,4,2024-09-03,13:23:00,29,True,Orthopedics,Minor,Day,Tuesday
6508,425-25-7574,Female,Two or More Races,68,2024-09-13,06:29:00,53,True,Physiotherapy,Senior,Night,Friday
6509,388-03-3882,Female,Two or More Races,60,2024-02-21,02:53:00,21,True,Physiotherapy,Older Adult,Night,Wednesday
6510,771-05-1094,Female,Two or More Races,31,2023-08-20,05:32:00,44,True,Physiotherapy,Young Adult,Night,Sunday
6511,457-56-1772,Female,Two or More Races,36,2023-09-19,02:49:00,22,True,Physiotherapy,Adult,Night,Tuesday
6512,547-30-8126,Female,Two or More Races,34,2023-11-21,04:24:00,20,True,Physiotherapy,Young Adult,Night,Tuesday
6513,643-90-9335,Female,Two or More Races,61,2023-08-05,08:27:00,58,True,Physiotherapy,Older Adult,Day,Saturday
6514,365-88-0539,Female,Two or More Races,76,2023-04-25,09:25:00,49,True,Physiotherapy,Senior,Day,Tuesday
6515,792-03-5512,Female,Two or More Races,39,2024-08-27,06:41:00,57,True,Renal,Adult,Night,Tuesday
6516,118-32-9062,Female,White,33,2023-12-06,20:23:00,16,True,Cardiology,Young Adult,Evening,Wednesday
6517,644-58-7967,Female,White,27,2023-11-05,12:58:00,11,True,Cardiology,Young Adult,Day,Sunday
6518,713-08-2627,Female,White,65,2024-07-30,13:15:00,47,True,Cardiology,Senior,Day,Tuesday
6519,750-24-0580,Female,White,61,2023-08-30,22:06:00,16,True,Cardiology,Older Adult,Evening,Wednesday
6520,300-66-0409,Female,White,29,2024-03-27,21:20:00,31,True,Cardiology,Young Adult,Evening,Wednesday
6521,258-76-2632,Female,White,52,2024-08-08,21:55:00,35,True,Cardiology,Middle-aged,Evening,Thursday
6522,348-60-4130,Female,White,3,2024-01-15,17:18:00,11,True,Cardiology,Minor,Evening,Monday
6523,863-66-8507,Female,White,14,2023-09-30,13:29:00,12,True,Cardiology,Minor,Day,Saturday
6524,640-50-6642,Female,White,46,2024-07-18,21:35:00,11,True,Gastroenterology,Middle-aged,Evening,Thursday
6525,233-20-7150,Female,White,53,2023-12-04,12:53:00,13,True,Gastroenterology,Middle-aged,Day,Monday
6526,126-02-5429,Female,White,6,2023-12-05,22:55:00,51,True,Gastroenterology,Minor,Evening,Tuesday
6527,199-55-7481,Female,White,52,2023-10-25,14:15:00,44,True,Gastroenterology,Middle-aged,Day,Wednesday
6528,744-63-8705,Female,White,13,2023-05-21,22:54:00,14,True,Gastroenterology,Minor,Evening,Sunday
6529,427-73-9830,Female,White,15,2024-07-19,04:31:00,12,True,Gastroenterology,Minor,Night,Friday
6530,376-80-7068,Female,White,24,2024-04-23,07:50:00,48,True,Gastroenterology,Young Adult,Day,Tuesday
6531,388-07-6238,Female,White,7,2023-09-04,03:11:00,18,True,Gastroenterology,Minor,Night,Monday
6532,173-24-2624,Female,White,76,2024-08-31,09:57:00,30,True,Gastroenterology,Senior,Day,Saturday
6533,251-26-5273,Female,White,61,2024-02-08,16:34:00,18,True,Gastroenterology,Older Adult,Evening,Thursday
6534,149-70-8508,Female,White,8,2024-07-19,14:24:00,19,True,General Practice,Minor,Day,Friday
6535,153-84-0990,Female,White,39,2024-09-15,08:39:00,25,True,General Practice,Adult,Day,Sunday
6536,133-08-8944,Female,White,4,2023-11-20,15:34:00,27,True,General Practice,Minor,Evening,Monday
6537,745-12-9434,Female,White,59,2023-04-22,09:18:00,51,True,General Practice,Older Adult,Day,Saturday
6538,786-22-4260,Female,White,74,2023-06-06,10:05:00,52,True,General Practice,Senior,Day,Tuesday
6539,615-62-0241,Female,White,44,2024-04-15,15:23:00,17,True,General Practice,Adult,Evening,Monday
6540,186-16-0532,Female,White,79,2024-04-24,05:41:00,19,True,General Practice,Senior,Night,Wednesday
6541,887-52-6263,Female,White,56,2023-07-27,09:36:00,33,True,General Practice,Older Adult,Day,Thursday
6542,274-70-0428,Female,White,79,2023-07-07,06:36:00,38,True,General Practice,Senior,Night,Friday
6543,483-54-7622,Female,White,43,2024-05-21,00:39:00,47,True,General Practice,Adult,Night,Tuesday
6544,372-10-3387,Female,White,22,2024-09-28,00:24:00,14,True,General Practice,Young Adult,Night,Saturday
6545,509-21-3427,Female,White,23,2023-04-13,16:09:00,24,True,General Practice,Young Adult,Evening,Thursday
6546,838-42-4633,Female,White,63,2024-05-24,16:27:00,24,True,General Practice,Older Adult,Evening,Friday
6547,654-46-6643,Female,White,27,2023-06-21,21:35:00,26,True,General Practice,Young Adult,Evening,Wednesday
6548,136-69-9007,Female,White,55,2024-10-20,21:27:00,29,True,General Practice,Older Adult,Evening,Sunday
6549,244-58-4316,Female,White,51,2023-09-24,23:24:00,38,True,General Practice,Middle-aged,Night,Sunday
6550,495-06-8156,Female,White,55,2023-05-26,19:02:00,38,True,General Practice,Older Adult,Evening,Friday
6551,122-98-5232,Female,White,11,2024-05-06,23:07:00,39,True,General Practice,Minor,Night,Monday
6552,134-73-6304,Female,White,48,2024-10-27,07:11:00,44,True,General Practice,Middle-aged,Day,Sunday
6553,668-76-3611,Female,White,29,2023-12-23,08:12:00,29,True,General Practice,Young Adult,Day,Saturday
6554,627-61-1866,Female,White,46,2024-01-23,02:19:00,39,True,General Practice,Middle-aged,Night,Tuesday
6555,437-21-6645,Female,White,64,2024-08-06,14:49:00,59,True,General Practice,Older Adult,Day,Tuesday
6556,132-94-9742,Female,White,48,2024-02-27,04:59:00,10,True,General Practice,Middle-aged,Night,Tuesday
6557,638-55-9588,Female,White,24,2023-04-16,20:51:00,29,True,General Practice,Young Adult,Evening,Sunday
6558,819-13-0061,Female,White,32,2023-08-26,04:34:00,36,True,General Practice,Young Adult,Night,Saturday
6559,578-88-8378,Female,White,14,2024-03-13,00:41:00,12,True,General Practice,Minor,Night,Wednesday
6560,212-94-9148,Female,White,79,2024-04-14,20:01:00,51,True,General Practice,Senior,Evening,Sunday
6561,679-67-8043,Female,White,40,2023-02-05,02:20:00,23,True,General Practice,Adult,Night,Sunday
6562,823-01-8165,Female,White,79,2023-06-10,13:49:00,39,True,General Practice,Senior,Day,Saturday
6563,561-82-6237,Female,White,49,2024-12-10,13:52:00,20,True,General Practice,Middle-aged,Day,Tuesday
6564,868-41-4249,Female,White,65,2024-10-07,02:30:00,25,True,General Practice,Senior,Night,Monday
6565,134-06-7868,Female,White,78,2023-06-17,09:19:00,33,True,General Practice,Senior,Day,Saturday
6566,201-17-2250,Female,White,23,2024-05-27,08:18:00,54,True,General Practice,Young Adult,Day,Monday
6567,505-48-5916,Female,White,58,2023-11-25,18:02:00,19,True,General Practice,Older Adult,Evening,Saturday
6568,103-66-1502,Female,White,20,2023-03-06,13:14:00,20,True,General Practice,Young Adult,Day,Monday
6569,748-21-4373,Female,White,12,2023-09-23,13:12:00,54,True,General Practice,Minor,Day,Saturday
6570,358-36-5740,Female,White,42,2023-09-23,02:13:00,54,True,General Practice,Adult,Night,Saturday
6571,828-96-6456,Female,White,61,2024-01-16,02:06:00,25,True,General Practice,Older Adult,Night,Tuesday
6572,373-24-7267,Female,White,37,2024-08-13,19:24:00,37,True,General Practice,Adult,Evening,Tuesday
6573,546-27-1400,Female,White,39,2024-03-15,13:02:00,11,True,General Practice,Adult,Day,Friday
6574,167-44-8625,Female,White,7,2024-08-26,14:53:00,20,True,General Practice,Minor,Day,Monday
6575,304-54-7969,Female,White,44,2024-10-21,21:16:00,24,True,General Practice,Adult,Evening,Monday
6576,198-25-7167,Female,White,40,2023-07-27,15:44:00,50,True,General Practice,Adult,Evening,Thursday
6577,768-88-6122,Female,White,71,2024-09-29,19:36:00,26,True,General Practice,Senior,Evening,Sunday
6578,323-89-5089,Female,White,34,2024-02-07,05:00:00,30,True,General Practice,Young Adult,Night,Wednesday
6579,190-65-0512,Female,White,6,2024-06-18,00:35:00,38,True,General Practice,Minor,Night,Tuesday
6580,761-43-2767,Female,White,56,2023-07-17,05:36:00,45,True,General Practice,Older Adult,Night,Monday
6581,775-34-9359,Female,White,59,2024-06-20,00:36:00,52,True,General Practice,Older Adult,Night,Thursday
6582,478-48-2968,Female,White,74,2023-08-05,03:17:00,52,True,General Practice,Senior,Night,Saturday
6583,441-98-1360,Female,White,19,2023-06-22,06:33:00,59,True,General Practice,Minor,Night,Thursday
6584,699-47-0420,Female,White,14,2023-11-27,12:44:00,26,True,General Practice,Minor,Day,Monday
6585,276-99-1686,Female,White,64,2024-09-02,12:21:00,55,True,General Practice,Older Adult,Day,Monday
6586,738-51-6121,Female,White,75,2023-09-22,09:15:00,30,True,General Practice,Senior,Day,Friday
6587,896-83-7729,Female,White,30,2023-09-16,00:32:00,43,True,General Practice,Young Adult,Night,Saturday
6588,381-07-9458,Female,White,58,2023-09-30,09:31:00,50,True,General Practice,Older Adult,Day,Saturday
6589,691-45-0118,Female,White,3,2024-02-22,18:32:00,51,True,General Practice,Minor,Evening,Thursday
6590,474-83-6505,Female,White,8,2024-01-25,17:31:00,53,True,General Practice,Minor,Evening,Thursday
6591,473-48-7700,Female,White,38,2023-06-06,20:13:00,34,True,General Practice,Adult,Evening,Tuesday
6592,657-88-1602,Female,White,22,2024-04-21,07:08:00,45,True,General Practice,Young Adult,Day,Sunday
6593,762-01-0784,Female,White,25,2024-11-03,13:07:00,60,True,General Practice,Young Adult,Day,Sunday
6594,736-03-3064,Female,White,73,2024-10-02,19:32:00,14,True,General Practice,Senior,Evening,Wednesday
6595,288-11-6250,Female,White,47,2023-07-24,21:31:00,35,True,General Practice,Middle-aged,Evening,Monday
6596,365-31-3656,Female,White,15,2024-03-04,02:39:00,53,True,General Practice,Minor,Night,Monday
6597,476-22-8060,Female,White,60,2024-03-01,15:39:00,44,True,General Practice,Older Adult,Evening,Friday
6598,282-37-3283,Female,White,28,2024-05-09,17:19:00,55,True,General Practice,Young Adult,Evening,Thursday
6599,801-29-3426,Female,White,64,2023-08-25,03:25:00,13,True,General Practice,Older Adult,Night,Friday
6600,242-33-1856,Female,White,40,2024-06-04,02:17:00,50,True,General Practice,Adult,Night,Tuesday
6601,534-99-2783,Female,White,64,2023-12-26,14:30:00,11,True,General Practice,Older Adult,Day,Tuesday
6602,830-63-3368,Female,White,35,2023-04-29,06:04:00,14,True,General Practice,Adult,Night,Saturday
6603,539-11-9013,Female,White,12,2024-03-25,07:48:00,51,True,General Practice,Minor,Day,Monday
6604,787-67-0173,Female,White,5,2024-08-03,19:36:00,53,True,General Practice,Minor,Evening,Saturday
6605,395-81-1270,Female,White,69,2024-08-24,16:12:00,13,True,General Practice,Senior,Evening,Saturday
6606,121-21-9177,Female,White,42,2023-01-12,06:10:00,36,True,General Practice,Adult,Night,Thursday
6607,340-23-0743,Female,White,73,2023-06-21,23:32:00,38,True,General Practice,Senior,Night,Wednesday
6608,426-68-4159,Female,White,30,2023-12-19,10:13:00,23,True,General Practice,Young Adult,Day,Tuesday
6609,162-14-8161,Female,White,77,2023-07-24,09:45:00,29,True,General Practice,Senior,Day,Monday
6610,502-76-1405,Female,White,18,2024-08-25,23:55:00,32,True,General Practice,Minor,Night,Sunday
6611,646-97-7229,Female,White,39,2023-09-23,11:41:00,37,True,General Practice,Adult,Day,Saturday
6612,860-76-5490,Female,White,60,2023-10-07,23:24:00,59,True,General Practice,Older Adult,Night,Saturday
6613,635-66-3678,Female,White,49,2023-12-14,12:43:00,12,True,General Practice,Middle-aged,Day,Thursday
6614,656-64-8037,Female,White,30,2023-08-29,19:58:00,50,True,General Practice,Young Adult,Evening,Tuesday
6615,352-81-8511,Female,White,73,2023-05-15,09:41:00,10,True,General Practice,Senior,Day,Monday
6616,763-14-3682,Female,White,60,2023-09-20,00:08:00,38,True,General Practice,Older Adult,Night,Wednesday
6617,636-85-3446,Female,White,33,2024-02-15,15:05:00,55,True,General Practice,Young Adult,Evening,Thursday
6618,499-28-7082,Female,White,67,2024-07-07,16:39:00,56,True,General Practice,Senior,Evening,Sunday
6619,734-10-2558,Female,White,15,2023-05-18,13:11:00,58,True,General Practice,Minor,Day,Thursday
6620,826-30-2880,Female,White,59,2024-05-25,02:29:00,49,True,General Practice,Older Adult,Night,Saturday
6621,505-56-2928,Female,White,47,2024-05-26,20:03:00,50,True,General Practice,Middle-aged,Evening,Sunday
6622,274-84-9636,Female,White,15,2023-04-25,05:35:00,38,True,General Practice,Minor,Night,Tuesday
6623,652-35-9074,Female,White,18,2024-02-14,08:30:00,10,True,General Practice,Minor,Day,Wednesday
6624,453-73-0932,Female,White,42,2023-03-04,01:26:00,13,True,General Practice,Adult,Night,Saturday
6625,451-55-6363,Female,White,50,2023-05-12,19:15:00,53,True,General Practice,Middle-aged,Evening,Friday
6626,787-79-0546,Female,White,63,2023-11-07,02:35:00,36,True,General Practice,Older Adult,Night,Tuesday
6627,758-58-7402,Female,White,38,2023-12-28,00:45:00,55,True,General Practice,Adult,Night,Thursday
6628,476-34-0359,Female,White,6,2024-04-13,23:10:00,44,True,General Practice,Minor,Night,Saturday
6629,455-38-9962,Female,White,1,2023-08-05,19:43:00,30,True,General Practice,Minor,Evening,Saturday
6630,777-39-8417,Female,White,68,2024-04-06,04:24:00,24,True,General Practice,Senior,Night,Saturday
6631,617-79-1591,Female,White,22,2024-02-02,11:56:00,45,True,General Practice,Young Adult,Day,Friday
6632,333-72-9284,Female,White,65,2024-05-31,03:12:00,44,True,General Practice,Senior,Night,Friday
6633,826-42-2244,Female,White,77,2024-01-10,02:13:00,32,True,General Practice,Senior,Night,Wednesday
6634,537-41-2556,Female,White,40,2024-05-10,11:12:00,40,True,General Practice,Adult,Day,Friday
6635,592-21-1803,Female,White,46,2023-10-21,01:01:00,24,True,General Practice,Middle-aged,Night,Saturday
6636,659-12-8843,Female,White,48,2023-10-05,16:39:00,12,True,General Practice,Middle-aged,Evening,Thursday
6637,618-26-5226,Female,White,67,2024-10-18,06:11:00,19,True,General Practice,Senior,Night,Friday
6638,624-13-6007,Female,White,20,2023-06-30,08:58:00,25,True,General Practice,Young Adult,Day,Friday
6639,741-75-9648,Female,White,41,2024-09-29,04:34:00,13,True,General Practice,Adult,Night,Sunday
6640,543-16-9545,Female,White,62,2024-04-09,12:51:00,39,True,General Practice,Older Adult,Day,Tuesday
6641,595-85-8863,Female,White,9,2023-09-10,23:38:00,38,True,General Practice,Minor,Night,Sunday
6642,805-86-6081,Female,White,73,2024-02-07,06:59:00,25,True,General Practice,Senior,Night,Wednesday
6643,387-55-4585,Female,White,7,2023-07-22,02:13:00,40,True,General Practice,Minor,Night,Saturday
6644,157-11-4628,Female,White,16,2024-02-19,18:48:00,54,True,General Practice,Minor,Evening,Monday
6645,155-62-3819,Female,White,39,2024-10-08,06:31:00,53,True,General Practice,Adult,Night,Tuesday
6646,342-84-9323,Female,White,29,2023-04-13,18:04:00,17,True,General Practice,Young Adult,Evening,Thursday
6647,856-36-0014,Female,White,78,2023-12-22,21:14:00,56,True,General Practice,Senior,Evening,Friday
6648,571-43-2792,Female,White,46,2024-10-14,08:21:00,11,True,General Practice,Middle-aged,Day,Monday
6649,832-41-6464,Female,White,17,2023-04-29,21:16:00,55,True,General Practice,Minor,Evening,Saturday
6650,302-53-5575,Female,White,22,2023-08-13,23:54:00,58,True,General Practice,Young Adult,Night,Sunday
6651,691-67-6590,Female,White,45,2024-10-26,13:46:00,34,True,Neurology,Middle-aged,Day,Saturday
6652,615-67-6851,Female,White,8,2023-07-22,05:25:00,50,True,Neurology,Minor,Night,Saturday
6653,325-46-8339,Female,White,73,2023-03-09,20:50:00,16,True,Neurology,Senior,Evening,Thursday
6654,429-31-3229,Female,White,72,2024-03-06,18:24:00,16,True,Neurology,Senior,Evening,Wednesday
6655,444-32-3737,Female,White,22,2024-03-05,00:57:00,14,True,Neurology,Young Adult,Night,Tuesday
6656,541-86-9484,Female,White,62,2023-12-20,05:28:00,16,True,Neurology,Older Adult,Night,Wednesday
6657,237-49-2123,Female,White,2,2024-05-23,16:41:00,42,True,Neurology,Minor,Evening,Thursday
6658,355-52-8969,Female,White,4,2024-04-23,16:30:00,21,True,Neurology,Minor,Evening,Tuesday
6659,824-30-1382,Female,White,14,2024-03-09,10:31:00,49,True,Neurology,Minor,Day,Saturday
6660,845-06-7247,Female,White,49,2023-07-22,02:59:00,11,True,Neurology,Middle-aged,Night,Saturday
6661,729-61-6333,Female,White,4,2023-10-14,00:21:00,12,True,No referral.,Minor,Night,Saturday
6662,857-60-5297,Female,White,45,2023-10-26,00:22:00,36,True,No referral.,Middle-aged,Night,Thursday
6663,496-94-0143,Female,White,25,2024-10-24,22:50:00,40,True,No referral.,Young Adult,Evening,Thursday
6664,325-33-0840,Female,White,47,2023-11-27,20:39:00,40,True,No referral.,Middle-aged,Evening,Monday
6665,779-92-6749,Female,White,49,2024-07-09,08:05:00,53,True,No referral.,Middle-aged,Day,Tuesday
6666,620-56-8307,Female,White,33,2024-01-15,06:55:00,15,True,No referral.,Young Adult,Night,Monday
6667,783-69-0929,Female,White,3,2024-03-20,20:57:00,17,True,No referral.,Minor,Evening,Wednesday
6668,352-98-4411,Female,White,75,2024-07-26,00:10:00,17,True,No referral.,Senior,Night,Friday
6669,264-08-7077,Female,White,40,2023-03-07,14:47:00,27,True,No referral.,Adult,Day,Tuesday
6670,349-12-0424,Female,White,67,2023-12-31,02:35:00,28,True,No referral.,Senior,Night,Sunday
6671,142-06-4332,Female,White,69,2023-10-06,09:07:00,31,True,No referral.,Senior,Day,Friday
6672,865-30-9524,Female,White,4,2023-09-30,13:50:00,33,True,No referral.,Minor,Day,Saturday
6673,514-02-3855,Female,White,27,2023-03-09,16:09:00,38,True,No referral.,Young Adult,Evening,Thursday
6674,793-17-1271,Female,White,51,2023-04-07,03:01:00,47,True,No referral.,Middle-aged,Night,Friday
6675,313-53-5376,Female,White,49,2023-12-12,11:05:00,50,True,No referral.,Middle-aged,Day,Tuesday
6676,456-57-3018,Female,White,26,2023-01-06,02:37:00,56,True,No referral.,Young Adult,Night,Friday
6677,659-80-5601,Female,White,64,2024-01-09,17:20:00,14,True,No referral.,Older Adult,Evening,Tuesday
6678,831-91-9322,Female,White,37,2023-07-16,09:34:00,23,True,No referral.,Adult,Day,Sunday
6679,854-64-4863,Female,White,38,2024-05-20,04:47:00,28,True,No referral.,Adult,Night,Monday
6680,142-36-2760,Female,White,24,2024-12-09,04:39:00,44,True,No referral.,Young Adult,Night,Monday
6681,280-97-7971,Female,White,78,2024-05-18,03:59:00,55,True,No referral.,Senior,Night,Saturday
6682,576-87-1951,Female,White,12,2023-11-27,15:16:00,13,True,No referral.,Minor,Evening,Monday
6683,587-88-2144,Female,White,48,2023-09-19,16:07:00,14,True,No referral.,Middle-aged,Evening,Tuesday
6684,276-46-5417,Female,White,42,2024-07-18,00:24:00,18,True,No referral.,Adult,Night,Thursday
6685,431-25-0870,Female,White,40,2023-04-10,12:31:00,29,True,No referral.,Adult,Day,Monday
6686,275-83-5679,Female,White,34,2023-12-23,04:04:00,31,True,No referral.,Young Adult,Night,Saturday
6687,744-84-5269,Female,White,49,2024-01-17,20:33:00,38,True,No referral.,Middle-aged,Evening,Wednesday
6688,135-54-5797,Female,White,56,2024-08-07,06:44:00,42,True,No referral.,Older Adult,Night,Wednesday
6689,556-89-9725,Female,White,9,2023-08-28,20:07:00,54,True,No referral.,Minor,Evening,Monday
6690,785-76-6854,Female,White,36,2024-02-07,14:19:00,55,True,No referral.,Adult,Day,Wednesday
6691,101-50-7359,Female,White,50,2023-10-13,13:44:00,56,True,No referral.,Middle-aged,Day,Friday
6692,736-08-1957,Female,White,29,2024-04-25,01:05:00,58,True,No referral.,Young Adult,Night,Thursday
6693,445-10-8118,Female,White,8,2024-11-01,02:13:00,10,True,No referral.,Minor,Night,Friday
6694,193-27-1560,Female,White,12,2024-09-09,02:19:00,17,True,No referral.,Minor,Night,Monday
6695,437-61-1608,Female,White,13,2024-09-21,07:46:00,24,True,No referral.,Minor,Day,Saturday
6696,554-19-7837,Female,White,62,2024-03-21,22:47:00,25,True,No referral.,Older Adult,Evening,Thursday
6697,380-79-5717,Female,White,36,2024-09-30,16:39:00,34,True,No referral.,Adult,Evening,Monday
6698,462-88-6903,Female,White,5,2023-07-30,16:43:00,37,True,No referral.,Minor,Evening,Sunday
6699,472-58-9172,Female,White,67,2024-02-07,22:17:00,42,True,No referral.,Senior,Evening,Wednesday
6700,787-42-2733,Female,White,54,2023-11-20,12:31:00,43,True,No referral.,Middle-aged,Day,Monday
6701,535-70-1320,Female,White,16,2024-08-02,16:45:00,46,True,No referral.,Minor,Evening,Friday
6702,759-48-3807,Female,White,11,2024-01-19,08:26:00,56,True,No referral.,Minor,Day,Friday
6703,278-44-6183,Female,White,7,2024-07-15,23:35:00,18,True,No referral.,Minor,Night,Monday
6704,138-56-7359,Female,White,41,2023-07-29,19:38:00,18,True,No referral.,Adult,Evening,Saturday
6705,430-28-7980,Female,White,56,2023-08-23,21:09:00,25,True,No referral.,Older Adult,Evening,Wednesday
6706,243-86-0385,Female,White,25,2024-04-17,23:56:00,29,True,No referral.,Young Adult,Night,Wednesday
6707,206-77-0609,Female,White,26,2024-08-19,21:52:00,29,True,No referral.,Young Adult,Evening,Monday
6708,376-17-6252,Female,White,51,2024-02-25,15:51:00,33,True,No referral.,Middle-aged,Evening,Sunday
6709,206-34-0053,Female,White,72,2024-05-27,01:44:00,34,True,No referral.,Senior,Night,Monday
6710,748-65-6970,Female,White,79,2023-06-11,11:51:00,43,True,No referral.,Senior,Day,Sunday
6711,502-99-1222,Female,White,42,2023-07-16,00:49:00,48,True,No referral.,Adult,Night,Sunday
6712,888-76-6126,Female,White,22,2024-02-03,00:17:00,19,True,No referral.,Young Adult,Night,Saturday
6713,258-49-2581,Female,White,53,2024-10-13,20:40:00,19,True,No referral.,Middle-aged,Evening,Sunday
6714,526-56-4625,Female,White,12,2023-10-04,13:30:00,20,True,No referral.,Minor,Day,Wednesday
6715,533-95-7610,Female,White,49,2024-03-23,01:01:00,35,True,No referral.,Middle-aged,Night,Saturday
6716,278-43-2966,Female,White,60,2023-07-20,04:22:00,35,True,No referral.,Older Adult,Night,Thursday
6717,744-11-8969,Female,White,60,2024-06-24,19:24:00,37,True,No referral.,Older Adult,Evening,Monday
6718,508-15-8156,Female,White,48,2024-04-20,01:47:00,42,True,No referral.,Middle-aged,Night,Saturday
6719,561-13-1085,Female,White,26,2024-06-03,19:07:00,47,True,No referral.,Young Adult,Evening,Monday
6720,887-48-1552,Female,White,9,2024-05-30,12:53:00,48,True,No referral.,Minor,Day,Thursday
6721,107-33-5987,Female,White,10,2023-06-29,06:50:00,11,True,No referral.,Minor,Night,Thursday
6722,670-53-6190,Female,White,64,2024-07-07,01:08:00,14,True,No referral.,Older Adult,Night,Sunday
6723,732-99-8011,Female,White,43,2024-01-03,01:29:00,16,True,No referral.,Adult,Night,Wednesday
6724,192-16-2936,Female,White,61,2023-11-14,00:46:00,16,True,No referral.,Older Adult,Night,Tuesday
6725,870-19-2489,Female,White,58,2024-10-14,20:42:00,17,True,No referral.,Older Adult,Evening,Monday
6726,377-59-2511,Female,White,4,2023-05-04,06:33:00,22,True,No referral.,Minor,Night,Thursday
6727,691-23-3765,Female,White,64,2024-08-01,16:48:00,41,True,No referral.,Older Adult,Evening,Thursday
6728,255-37-1255,Female,White,6,2023-10-20,19:32:00,14,True,No referral.,Minor,Evening,Friday
6729,459-06-7854,Female,White,65,2024-03-07,23:56:00,23,True,No referral.,Senior,Night,Thursday
6730,800-04-2533,Female,White,59,2024-04-06,01:33:00,50,True,No referral.,Older Adult,Night,Saturday
6731,532-22-8608,Female,White,65,2023-09-05,03:09:00,57,True,No referral.,Senior,Night,Tuesday
6732,402-43-6398,Female,White,60,2024-09-01,21:54:00,60,True,No referral.,Older Adult,Evening,Sunday
6733,870-79-0022,Female,White,4,2024-10-26,01:25:00,15,True,No referral.,Minor,Night,Saturday
6734,306-67-0343,Female,White,7,2024-03-14,09:48:00,16,True,No referral.,Minor,Day,Thursday
6735,431-80-8333,Female,White,16,2023-07-15,03:46:00,26,True,No referral.,Minor,Night,Saturday
6736,753-18-7865,Female,White,69,2024-04-27,17:24:00,28,True,No referral.,Senior,Evening,Saturday
6737,684-07-0904,Female,White,10,2024-10-10,22:53:00,32,True,No referral.,Minor,Evening,Thursday
6738,630-12-4865,Female,White,27,2023-05-06,02:00:00,37,True,No referral.,Young Adult,Night,Saturday
6739,189-95-1488,Female,White,61,2024-09-24,09:39:00,58,True,No referral.,Older Adult,Day,Tuesday
6740,106-25-8604,Female,White,35,2024-06-13,06:21:00,59,True,No referral.,Adult,Night,Thursday
6741,855-75-9962,Female,White,70,2023-06-28,04:10:00,60,True,No referral.,Senior,Night,Wednesday
6742,314-46-6334,Female,White,15,2024-06-24,05:30:00,10,True,No referral.,Minor,Night,Monday
6743,743-43-7438,Female,White,4,2023-10-21,22:28:00,19,True,No referral.,Minor,Evening,Saturday
6744,418-04-4772,Female,White,20,2024-08-09,01:00:00,23,True,No referral.,Young Adult,Night,Friday
6745,240-29-9184,Female,White,78,2024-08-17,00:15:00,42,True,No referral.,Senior,Night,Saturday
6746,360-64-1390,Female,White,73,2023-07-06,22:36:00,54,True,No referral.,Senior,Evening,Thursday
6747,328-59-1425,Female,White,6,2024-10-29,06:06:00,55,True,No referral.,Minor,Night,Tuesday
6748,443-02-9460,Female,White,30,2023-08-27,00:55:00,55,True,No referral.,Young Adult,Night,Sunday
6749,729-50-8226,Female,White,53,2023-08-29,06:47:00,57,True,No referral.,Middle-aged,Night,Tuesday
6750,147-55-5405,Female,White,79,2024-02-03,04:20:00,11,True,No referral.,Senior,Night,Saturday
6751,201-24-2940,Female,White,41,2023-04-05,03:48:00,16,True,No referral.,Adult,Night,Wednesday
6752,563-01-9014,Female,White,42,2023-06-26,13:01:00,27,True,No referral.,Adult,Day,Monday
6753,107-84-2136,Female,White,69,2024-01-25,09:12:00,34,True,No referral.,Senior,Day,Thursday
6754,479-60-6415,Female,White,65,2023-05-20,20:18:00,39,True,No referral.,Senior,Evening,Saturday
6755,339-11-4345,Female,White,50,2023-12-05,07:40:00,51,True,No referral.,Middle-aged,Day,Tuesday
6756,628-45-6492,Female,White,6,2023-01-04,06:07:00,52,True,No referral.,Minor,Night,Wednesday
6757,478-52-8782,Female,White,28,2024-10-25,20:52:00,52,True,No referral.,Young Adult,Evening,Friday
6758,538-43-0758,Female,White,27,2024-01-31,05:48:00,58,True,No referral.,Young Adult,Night,Wednesday
6759,422-32-8778,Female,White,58,2024-12-01,08:40:00,10,True,No referral.,Older Adult,Day,Sunday
6760,529-08-9822,Female,White,67,2023-10-05,05:26:00,10,True,No referral.,Senior,Night,Thursday
6761,436-82-9156,Female,White,14,2024-01-27,00:29:00,14,True,No referral.,Minor,Night,Saturday
6762,524-92-3725,Female,White,40,2023-07-31,04:49:00,28,True,No referral.,Adult,Night,Monday
6763,671-69-1368,Female,White,25,2023-07-26,06:02:00,29,True,No referral.,Young Adult,Night,Wednesday
6764,532-65-0085,Female,White,27,2024-08-17,08:58:00,35,True,No referral.,Young Adult,Day,Saturday
6765,834-26-3667,Female,White,24,2023-07-10,21:45:00,37,True,No referral.,Young Adult,Evening,Monday
6766,545-60-6889,Female,White,65,2024-07-02,08:27:00,39,True,No referral.,Senior,Day,Tuesday
6767,831-28-9145,Female,White,54,2024-06-15,14:58:00,45,True,No referral.,Middle-aged,Day,Saturday
6768,554-19-9010,Female,White,21,2023-12-31,13:38:00,57,True,No referral.,Young Adult,Day,Sunday
6769,271-34-8414,Female,White,12,2024-01-21,13:35:00,12,True,No referral.,Minor,Day,Sunday
6770,712-41-7615,Female,White,52,2024-09-08,21:07:00,20,True,No referral.,Middle-aged,Evening,Sunday
6771,381-26-3402,Female,White,73,2024-12-09,08:49:00,32,True,No referral.,Senior,Day,Monday
6772,390-46-6283,Female,White,9,2024-07-04,05:34:00,35,True,No referral.,Minor,Night,Thursday
6773,463-65-5530,Female,White,3,2024-08-06,21:05:00,37,True,No referral.,Minor,Evening,Tuesday
6774,131-23-8601,Female,White,18,2024-12-02,13:07:00,38,True,No referral.,Minor,Day,Monday
6775,843-25-8078,Female,White,33,2024-03-23,21:28:00,42,True,No referral.,Young Adult,Evening,Saturday
6776,144-25-3409,Female,White,76,2023-08-04,20:29:00,45,True,No referral.,Senior,Evening,Friday
6777,775-20-3436,Female,White,17,2023-09-06,07:39:00,46,True,No referral.,Minor,Day,Wednesday
6778,313-83-5518,Female,White,66,2024-03-09,16:23:00,52,True,No referral.,Senior,Evening,Saturday
6779,197-33-1015,Female,White,61,2024-06-26,05:32:00,56,True,No referral.,Older Adult,Night,Wednesday
6780,285-87-9578,Female,White,24,2024-05-13,11:08:00,58,True,No referral.,Young Adult,Day,Monday
6781,241-68-0418,Female,White,59,2023-10-31,11:49:00,59,True,No referral.,Older Adult,Day,Tuesday
6782,851-10-2629,Female,White,75,2024-07-28,06:17:00,10,True,No referral.,Senior,Night,Sunday
6783,623-88-0026,Female,White,54,2024-10-05,06:55:00,17,True,No referral.,Middle-aged,Night,Saturday
6784,838-72-7699,Female,White,49,2023-04-08,22:18:00,21,True,No referral.,Middle-aged,Evening,Saturday
6785,788-24-5958,Female,White,78,2023-10-21,19:50:00,22,True,No referral.,Senior,Evening,Saturday
6786,887-98-0055,Female,White,21,2023-04-12,12:46:00,27,True,No referral.,Young Adult,Day,Wednesday
6787,374-87-4141,Female,White,56,2023-05-14,15:44:00,34,True,No referral.,Older Adult,Evening,Sunday
6788,623-40-0190,Female,White,72,2023-10-26,12:40:00,35,True,No referral.,Senior,Day,Thursday
6789,144-03-3903,Female,White,15,2024-03-31,02:03:00,37,True,No referral.,Minor,Night,Sunday
6790,291-11-3500,Female,White,18,2024-05-07,01:54:00,41,True,No referral.,Minor,Night,Tuesday
6791,209-17-1202,Female,White,25,2023-04-19,14:01:00,53,True,No referral.,Young Adult,Day,Wednesday
6792,773-97-1480,Female,White,46,2024-03-06,10:34:00,56,True,No referral.,Middle-aged,Day,Wednesday
6793,321-43-2333,Female,White,31,2024-06-13,11:03:00,11,True,No referral.,Young Adult,Day,Thursday
6794,452-69-2471,Female,White,7,2024-08-10,21:28:00,13,True,No referral.,Minor,Evening,Saturday
6795,886-98-2666,Female,White,50,2024-06-20,07:44:00,13,True,No referral.,Middle-aged,Day,Thursday
6796,243-26-2463,Female,White,72,2024-02-22,16:38:00,14,True,No referral.,Senior,Evening,Thursday
6797,229-63-8890,Female,White,30,2023-05-22,13:54:00,20,True,No referral.,Young Adult,Day,Monday
6798,444-57-9644,Female,White,74,2024-12-07,12:31:00,30,True,No referral.,Senior,Day,Saturday
6799,123-40-8299,Female,White,61,2023-11-16,19:35:00,35,True,No referral.,Older Adult,Evening,Thursday
6800,890-65-9881,Female,White,65,2024-02-22,08:27:00,36,True,No referral.,Senior,Day,Thursday
6801,365-07-5242,Female,White,58,2024-08-13,06:33:00,51,True,No referral.,Older Adult,Night,Tuesday
6802,114-90-7587,Female,White,69,2024-01-22,16:33:00,52,True,No referral.,Senior,Evening,Monday
6803,515-14-1230,Female,White,75,2023-12-10,11:31:00,58,True,No referral.,Senior,Day,Sunday
6804,742-47-1941,Female,White,3,2023-11-05,21:44:00,30,True,No referral.,Minor,Evening,Sunday
6805,773-49-0669,Female,White,1,2023-10-07,02:23:00,32,True,No referral.,Minor,Night,Saturday
6806,146-42-3123,Female,White,67,2023-10-29,19:39:00,35,True,No referral.,Senior,Evening,Sunday
6807,614-41-8501,Female,White,57,2023-11-13,00:35:00,38,True,No referral.,Older Adult,Night,Monday
6808,342-18-9585,Female,White,52,2023-11-04,22:53:00,43,True,No referral.,Middle-aged,Evening,Saturday
6809,166-48-3805,Female,White,53,2024-07-04,10:06:00,48,True,No referral.,Middle-aged,Day,Thursday
6810,313-04-2804,Female,White,67,2023-05-06,12:03:00,51,True,No referral.,Senior,Day,Saturday
6811,358-50-2747,Female,White,11,2023-05-08,20:41:00,52,True,No referral.,Minor,Evening,Monday
6812,598-29-3507,Female,White,10,2023-12-07,00:10:00,54,True,No referral.,Minor,Night,Thursday
6813,135-46-0133,Female,White,59,2024-12-07,23:51:00,58,True,No referral.,Older Adult,Night,Saturday
6814,568-02-8859,Female,White,18,2023-02-11,12:32:00,19,True,No referral.,Minor,Day,Saturday
6815,849-72-8939,Female,White,65,2024-02-03,15:31:00,24,True,No referral.,Senior,Evening,Saturday
6816,778-19-3191,Female,White,24,2024-04-03,11:01:00,25,True,No referral.,Young Adult,Day,Wednesday
6817,810-32-8712,Female,White,63,2024-01-09,22:04:00,35,True,No referral.,Older Adult,Evening,Tuesday
6818,709-54-8843,Female,White,34,2024-03-20,11:30:00,37,True,No referral.,Young Adult,Day,Wednesday
6819,212-14-9787,Female,White,1,2024-11-03,18:02:00,41,True,No referral.,Minor,Evening,Sunday
6820,791-17-1830,Female,White,79,2023-05-31,17:02:00,42,True,No referral.,Senior,Evening,Wednesday
6821,106-39-9634,Female,White,10,2023-04-18,10:49:00,48,True,No referral.,Minor,Day,Tuesday
6822,701-74-8201,Female,White,33,2024-01-03,11:37:00,50,True,No referral.,Young Adult,Day,Wednesday
6823,889-02-1595,Female,White,12,2024-11-01,18:01:00,53,True,No referral.,Minor,Evening,Friday
6824,730-77-8624,Female,White,30,2023-11-15,08:18:00,53,True,No referral.,Young Adult,Day,Wednesday
6825,611-45-6001,Female,White,58,2024-10-16,17:35:00,54,True,No referral.,Older Adult,Evening,Wednesday
6826,101-85-4810,Female,White,74,2023-07-08,05:55:00,55,True,No referral.,Senior,Night,Saturday
6827,428-22-3036,Female,White,30,2024-02-09,22:42:00,57,True,No referral.,Young Adult,Evening,Friday
6828,895-36-1172,Female,White,26,2023-05-05,05:25:00,11,True,No referral.,Young Adult,Night,Friday
6829,499-12-2949,Female,White,26,2023-06-28,19:21:00,17,True,No referral.,Young Adult,Evening,Wednesday
6830,501-21-0272,Female,White,43,2024-11-06,00:05:00,18,True,No referral.,Adult,Night,Wednesday
6831,773-46-9525,Female,White,5,2024-10-04,09:14:00,30,True,No referral.,Minor,Day,Friday
6832,496-61-3989,Female,White,23,2024-12-04,02:39:00,33,True,No referral.,Young Adult,Night,Wednesday
6833,487-77-7085,Female,White,35,2024-03-27,15:47:00,36,True,No referral.,Adult,Evening,Wednesday
6834,787-63-7727,Female,White,64,2024-08-29,12:22:00,40,True,No referral.,Older Adult,Day,Thursday
6835,403-03-4234,Female,White,73,2023-11-28,07:18:00,42,True,No referral.,Senior,Day,Tuesday
6836,241-49-0565,Female,White,11,2023-04-20,07:52:00,53,True,No referral.,Minor,Day,Thursday
6837,753-02-8581,Female,White,74,2024-10-18,02:00:00,53,True,No referral.,Senior,Night,Friday
6838,638-04-8066,Female,White,63,2023-12-30,08:16:00,11,True,No referral.,Older Adult,Day,Saturday
6839,650-24-3956,Female,White,58,2024-02-21,17:55:00,24,True,No referral.,Older Adult,Evening,Wednesday
6840,295-70-8330,Female,White,58,2023-06-16,21:10:00,25,True,No referral.,Older Adult,Evening,Friday
6841,121-61-4569,Female,White,67,2023-11-11,14:18:00,28,True,No referral.,Senior,Day,Saturday
6842,386-58-0850,Female,White,47,2024-10-04,01:54:00,29,True,No referral.,Middle-aged,Night,Friday
6843,705-46-8327,Female,White,36,2023-04-24,14:40:00,30,True,No referral.,Adult,Day,Monday
6844,209-37-3439,Female,White,10,2023-12-22,00:39:00,33,True,No referral.,Minor,Night,Friday
6845,835-98-7545,Female,White,71,2024-11-09,20:25:00,45,True,No referral.,Senior,Evening,Saturday
6846,421-24-6442,Female,White,36,2024-08-02,23:59:00,49,True,No referral.,Adult,Night,Friday
6847,780-08-1040,Female,White,62,2023-09-17,21:04:00,49,True,No referral.,Older Adult,Evening,Sunday
6848,638-14-6670,Female,White,50,2024-05-17,18:12:00,54,True,No referral.,Middle-aged,Evening,Friday
6849,478-35-5888,Female,White,23,2023-08-12,19:38:00,56,True,No referral.,Young Adult,Evening,Saturday
6850,308-18-0978,Female,White,54,2024-05-18,12:20:00,13,True,No referral.,Middle-aged,Day,Saturday
6851,817-05-6112,Female,White,48,2023-12-19,20:24:00,19,True,No referral.,Middle-aged,Evening,Tuesday
6852,240-60-6769,Female,White,65,2024-03-01,11:50:00,19,True,No referral.,Senior,Day,Friday
6853,443-01-9231,Female,White,17,2023-05-28,05:26:00,20,True,No referral.,Minor,Night,Sunday
6854,357-66-8043,Female,White,3,2023-11-28,07:43:00,24,True,No referral.,Minor,Day,Tuesday
6855,613-08-2623,Female,White,49,2023-10-25,12:20:00,30,True,No referral.,Middle-aged,Day,Wednesday
6856,817-42-5463,Female,White,71,2024-08-04,20:39:00,36,True,No referral.,Senior,Evening,Sunday
6857,203-82-4463,Female,White,54,2024-03-03,07:49:00,37,True,No referral.,Middle-aged,Day,Sunday
6858,188-51-7186,Female,White,40,2023-12-27,03:14:00,38,True,No referral.,Adult,Night,Wednesday
6859,713-02-0756,Female,White,65,2023-03-09,04:50:00,46,True,No referral.,Senior,Night,Thursday
6860,473-20-6494,Female,White,10,2024-10-10,23:39:00,56,True,No referral.,Minor,Night,Thursday
6861,798-37-9426,Female,White,78,2023-09-15,04:33:00,59,True,No referral.,Senior,Night,Friday
6862,161-72-0475,Female,White,40,2024-04-29,20:25:00,20,True,No referral.,Adult,Evening,Monday
6863,112-71-8998,Female,White,70,2024-12-05,23:35:00,22,True,No referral.,Senior,Night,Thursday
6864,630-15-2305,Female,White,54,2024-11-04,15:33:00,27,True,No referral.,Middle-aged,Evening,Monday
6865,756-70-9085,Female,White,49,2024-06-05,20:46:00,36,True,No referral.,Middle-aged,Evening,Wednesday
6866,133-01-1137,Female,White,51,2024-04-24,05:03:00,36,True,No referral.,Middle-aged,Night,Wednesday
6867,218-83-3717,Female,White,23,2023-03-06,16:49:00,39,True,No referral.,Young Adult,Evening,Monday
6868,200-67-7295,Female,White,76,2023-03-05,08:24:00,41,True,No referral.,Senior,Day,Sunday
6869,110-18-6737,Female,White,28,2023-07-28,04:22:00,44,True,No referral.,Young Adult,Night,Friday
6870,789-12-9925,Female,White,4,2024-03-06,23:18:00,46,True,No referral.,Minor,Night,Wednesday
6871,784-71-5298,Female,White,79,2024-05-02,11:03:00,46,True,No referral.,Senior,Day,Thursday
6872,753-27-7246,Female,White,37,2023-11-14,04:08:00,47,True,No referral.,Adult,Night,Tuesday
6873,740-90-4506,Female,White,2,2023-05-29,06:28:00,48,True,No referral.,Minor,Night,Monday
6874,563-50-3688,Female,White,26,2023-02-04,03:22:00,12,True,No referral.,Young Adult,Night,Saturday
6875,893-72-7983,Female,White,13,2024-04-25,20:19:00,18,True,No referral.,Minor,Evening,Thursday
6876,392-07-7335,Female,White,76,2024-07-30,00:29:00,23,True,No referral.,Senior,Night,Tuesday
6877,101-35-3930,Female,White,30,2024-01-24,07:29:00,25,True,No referral.,Young Adult,Day,Wednesday
6878,634-28-2073,Female,White,39,2023-07-30,19:14:00,25,True,No referral.,Adult,Evening,Sunday
6879,376-97-1223,Female,White,64,2023-10-19,23:52:00,26,True,No referral.,Older Adult,Night,Thursday
6880,560-24-6602,Female,White,76,2023-05-25,18:53:00,28,True,No referral.,Senior,Evening,Thursday
6881,618-90-5436,Female,White,72,2023-07-24,04:10:00,31,True,No referral.,Senior,Night,Monday
6882,804-69-5163,Female,White,43,2023-01-08,20:50:00,43,True,No referral.,Adult,Evening,Sunday
6883,166-87-3279,Female,White,78,2023-09-10,23:08:00,44,True,No referral.,Senior,Night,Sunday
6884,234-78-0305,Female,White,63,2023-09-05,22:06:00,54,True,No referral.,Older Adult,Evening,Tuesday
6885,222-26-0023,Female,White,79,2024-09-22,00:01:00,10,True,No referral.,Senior,Night,Sunday
6886,739-57-2163,Female,White,3,2023-07-09,23:48:00,16,True,No referral.,Minor,Night,Sunday
6887,774-22-0705,Female,White,70,2024-08-04,19:42:00,23,True,No referral.,Senior,Evening,Sunday
6888,240-68-0827,Female,White,17,2023-10-08,17:33:00,25,True,No referral.,Minor,Evening,Sunday
6889,729-56-7978,Female,White,27,2023-06-28,23:24:00,25,True,No referral.,Young Adult,Night,Wednesday
6890,275-25-6839,Female,White,29,2023-11-14,08:40:00,27,True,No referral.,Young Adult,Day,Tuesday
6891,480-63-9268,Female,White,61,2023-08-19,07:39:00,33,True,No referral.,Older Adult,Day,Saturday
6892,767-26-2712,Female,White,3,2024-01-10,05:02:00,37,True,No referral.,Minor,Night,Wednesday
6893,140-46-8836,Female,White,8,2024-04-24,15:49:00,37,True,No referral.,Minor,Evening,Wednesday
6894,253-96-6379,Female,White,70,2024-10-08,17:40:00,38,True,No referral.,Senior,Evening,Tuesday
6895,811-57-3786,Female,White,9,2024-07-14,11:07:00,44,True,No referral.,Minor,Day,Sunday
6896,387-46-0963,Female,White,51,2024-09-29,14:05:00,16,True,No referral.,Middle-aged,Day,Sunday
6897,614-73-8257,Female,White,1,2023-10-22,04:13:00,17,True,No referral.,Minor,Night,Sunday
6898,176-56-4968,Female,White,26,2024-05-10,11:20:00,21,True,No referral.,Young Adult,Day,Friday
6899,546-38-9941,Female,White,50,2024-10-27,11:16:00,26,True,No referral.,Middle-aged,Day,Sunday
6900,727-41-1550,Female,White,2,2024-02-08,08:45:00,35,True,No referral.,Minor,Day,Thursday
6901,669-62-5609,Female,White,72,2024-02-24,07:02:00,36,True,No referral.,Senior,Day,Saturday
6902,473-43-2191,Female,White,26,2024-07-20,23:21:00,46,True,No referral.,Young Adult,Night,Saturday
6903,657-80-6910,Female,White,46,2024-02-23,17:24:00,46,True,No referral.,Middle-aged,Evening,Friday
6904,113-13-3301,Female,White,37,2024-09-28,23:57:00,54,True,No referral.,Adult,Night,Saturday
6905,308-16-1476,Female,White,64,2024-10-24,19:38:00,59,True,No referral.,Older Adult,Evening,Thursday
6906,899-17-3356,Female,White,22,2024-06-26,14:22:00,13,True,No referral.,Young Adult,Day,Wednesday
6907,517-04-2663,Female,White,16,2023-12-08,09:13:00,19,True,No referral.,Minor,Day,Friday
6908,522-04-4518,Female,White,69,2024-04-23,16:09:00,38,True,No referral.,Senior,Evening,Tuesday
6909,685-09-0114,Female,White,13,2024-09-21,13:59:00,40,True,No referral.,Minor,Day,Saturday
6910,890-87-2756,Female,White,11,2024-07-18,15:38:00,42,True,No referral.,Minor,Evening,Thursday
6911,534-53-9446,Female,White,51,2024-04-14,22:02:00,47,True,No referral.,Middle-aged,Evening,Sunday
6912,789-30-1002,Female,White,47,2023-02-08,05:31:00,60,True,No referral.,Middle-aged,Night,Wednesday
6913,157-88-8844,Female,White,60,2023-11-28,12:54:00,25,True,No referral.,Older Adult,Day,Tuesday
6914,563-03-8388,Female,White,63,2024-08-28,20:39:00,24,True,No referral.,Older Adult,Evening,Wednesday
6915,705-87-4667,Female,White,50,2024-01-15,11:20:00,31,True,No referral.,Middle-aged,Day,Monday
6916,852-69-6258,Female,White,21,2023-04-28,08:35:00,39,True,No referral.,Young Adult,Day,Friday
6917,602-84-3086,Female,White,18,2024-07-09,22:14:00,47,True,No referral.,Minor,Evening,Tuesday
6918,819-70-1506,Female,White,38,2024-04-19,03:01:00,16,True,No referral.,Adult,Night,Friday
6919,416-08-7655,Female,White,57,2023-12-26,04:29:00,13,True,No referral.,Older Adult,Night,Tuesday
6920,164-29-5021,Female,White,73,2023-05-23,15:55:00,37,True,No referral.,Senior,Evening,Tuesday
6921,713-21-1635,Female,White,49,2023-04-12,18:00:00,59,True,No referral.,Middle-aged,Evening,Wednesday
6922,764-74-1398,Female,White,26,2024-02-17,14:47:00,31,True,No referral.,Young Adult,Day,Saturday
6923,687-07-1230,Female,White,12,2024-12-07,07:30:00,58,True,No referral.,Minor,Day,Saturday
6924,516-34-6394,Female,White,28,2023-12-05,11:32:00,20,True,No referral.,Young Adult,Day,Tuesday
6925,122-46-5252,Female,White,63,2024-06-15,22:21:00,20,True,No referral.,Older Adult,Evening,Saturday
6926,234-88-9106,Female,White,3,2023-02-12,01:25:00,39,True,No referral.,Minor,Night,Sunday
6927,385-83-1799,Female,White,73,2023-12-15,12:48:00,17,True,No referral.,Senior,Day,Friday
6928,608-51-4964,Female,White,3,2024-11-07,02:22:00,51,True,No referral.,Minor,Night,Thursday
6929,616-96-8379,Female,White,58,2024-07-29,12:29:00,15,True,No referral.,Older Adult,Day,Monday
6930,795-97-8042,Female,White,47,2024-10-06,15:05:00,39,True,No referral.,Middle-aged,Evening,Sunday
6931,114-88-2644,Female,White,27,2023-08-11,16:05:00,42,True,No referral.,Young Adult,Evening,Friday
6932,277-27-7821,Female,White,18,2023-08-18,16:33:00,41,True,No referral.,Minor,Evening,Friday
6933,837-73-8994,Female,White,70,2024-07-15,21:38:00,20,True,No referral.,Senior,Evening,Monday
6934,306-96-2248,Female,White,7,2023-08-23,04:14:00,41,True,No referral.,Minor,Night,Wednesday
6935,760-43-3313,Female,White,71,2024-06-21,13:48:00,24,True,No referral.,Senior,Day,Friday
6936,631-83-4544,Female,White,49,2024-05-06,11:41:00,41,True,No referral.,Middle-aged,Day,Monday
6937,619-42-8131,Female,White,47,2024-10-07,21:59:00,33,True,No referral.,Middle-aged,Evening,Monday
6938,100-74-3943,Female,White,3,2023-09-17,01:31:00,14,True,No referral.,Minor,Night,Sunday
6939,501-13-7396,Female,White,75,2023-09-05,11:24:00,17,True,No referral.,Senior,Day,Tuesday
6940,766-71-2978,Female,White,32,2024-04-24,03:11:00,57,True,No referral.,Young Adult,Night,Wednesday
6941,701-30-7761,Female,White,53,2024-06-09,09:11:00,20,True,No referral.,Middle-aged,Day,Sunday
6942,220-40-6700,Female,White,12,2023-06-28,02:00:00,47,True,No referral.,Minor,Night,Wednesday
6943,675-75-5119,Female,White,16,2024-05-04,23:06:00,17,True,No referral.,Minor,Night,Saturday
6944,364-08-4191,Female,White,7,2024-09-28,08:21:00,41,True,No referral.,Minor,Day,Saturday
6945,891-66-0692,Female,White,39,2024-06-06,14:29:00,48,True,No referral.,Adult,Day,Thursday
6946,636-48-7628,Female,White,58,2024-02-15,02:53:00,59,True,No referral.,Older Adult,Night,Thursday
6947,318-13-3726,Female,White,71,2023-11-10,15:31:00,21,True,No referral.,Senior,Evening,Friday
6948,188-78-3724,Female,White,13,2023-08-27,21:19:00,19,True,No referral.,Minor,Evening,Sunday
6949,139-42-0535,Female,White,72,2024-07-21,05:36:00,29,True,No referral.,Senior,Night,Sunday
6950,281-64-1818,Female,White,10,2023-05-14,18:45:00,44,True,No referral.,Minor,Evening,Sunday
6951,683-99-2198,Female,White,23,2024-07-24,20:02:00,44,True,No referral.,Young Adult,Evening,Wednesday
6952,488-19-5188,Female,White,1,2023-05-17,16:11:00,27,True,No referral.,Minor,Evening,Wednesday
6953,256-07-5165,Female,White,22,2024-01-09,23:26:00,43,True,No referral.,Young Adult,Night,Tuesday
6954,341-75-1961,Female,White,31,2024-04-14,14:31:00,58,True,No referral.,Young Adult,Day,Sunday
6955,667-93-9784,Female,White,9,2024-02-17,19:45:00,13,True,No referral.,Minor,Evening,Saturday
6956,257-61-2650,Female,White,54,2024-06-14,22:07:00,54,True,No referral.,Middle-aged,Evening,Friday
6957,668-79-5006,Female,White,12,2024-05-17,03:53:00,37,True,No referral.,Minor,Night,Friday
6958,345-35-5116,Female,White,42,2024-11-05,23:05:00,50,True,No referral.,Adult,Night,Tuesday
6959,827-65-1958,Female,White,38,2024-02-01,07:07:00,57,True,No referral.,Adult,Day,Thursday
6960,604-86-5324,Female,White,35,2023-10-13,08:22:00,50,True,No referral.,Adult,Day,Friday
6961,168-07-4106,Female,White,19,2024-02-02,03:13:00,45,True,No referral.,Minor,Night,Friday
6962,519-63-7221,Female,White,53,2023-11-23,01:05:00,41,True,No referral.,Middle-aged,Night,Thursday
6963,169-94-6100,Female,White,37,2023-08-15,21:10:00,12,True,No referral.,Adult,Evening,Tuesday
6964,204-82-4893,Female,White,64,2023-08-17,04:43:00,39,True,No referral.,Older Adult,Night,Thursday
6965,484-72-9497,Female,White,24,2024-02-20,00:09:00,41,True,No referral.,Young Adult,Night,Tuesday
6966,858-24-9963,Female,White,60,2024-11-05,09:11:00,25,True,No referral.,Older Adult,Day,Tuesday
6967,130-03-6486,Female,White,17,2024-01-01,09:08:00,56,True,No referral.,Minor,Day,Monday
6968,663-86-9324,Female,White,56,2024-07-17,08:19:00,32,True,No referral.,Older Adult,Day,Wednesday
6969,400-25-3511,Female,White,54,2024-04-28,08:23:00,27,True,No referral.,Middle-aged,Day,Sunday
6970,178-58-4180,Female,White,23,2024-04-14,14:28:00,48,True,No referral.,Young Adult,Day,Sunday
6971,665-83-7645,Female,White,42,2024-05-25,12:45:00,53,True,No referral.,Adult,Day,Saturday
6972,600-60-0546,Female,White,55,2024-11-03,08:38:00,41,True,No referral.,Older Adult,Day,Sunday
6973,815-37-9502,Female,White,72,2023-12-21,04:38:00,57,True,No referral.,Senior,Night,Thursday
6974,497-21-5239,Female,White,40,2023-08-20,09:02:00,43,True,No referral.,Adult,Day,Sunday
6975,250-51-3367,Female,White,52,2024-02-03,11:36:00,28,True,No referral.,Middle-aged,Day,Saturday
6976,726-54-0891,Female,White,31,2023-04-11,03:39:00,50,True,No referral.,Young Adult,Night,Tuesday
6977,684-12-2313,Female,White,11,2024-10-16,20:14:00,41,True,No referral.,Minor,Evening,Wednesday
6978,157-49-9764,Female,White,41,2024-01-15,14:55:00,27,True,No referral.,Adult,Day,Monday
6979,641-23-5829,Female,White,20,2023-03-12,23:21:00,11,True,No referral.,Young Adult,Night,Sunday
6980,447-43-8712,Female,White,32,2023-12-05,00:13:00,34,True,No referral.,Young Adult,Night,Tuesday
6981,856-09-2253,Female,White,34,2024-04-04,05:43:00,52,True,No referral.,Young Adult,Night,Thursday
6982,800-38-8561,Female,White,67,2023-08-27,01:39:00,27,True,No referral.,Senior,Night,Sunday
6983,145-46-1321,Female,White,38,2023-05-13,08:12:00,17,True,No referral.,Adult,Day,Saturday
6984,338-60-3097,Female,White,53,2023-09-10,23:41:00,60,True,No referral.,Middle-aged,Night,Sunday
6985,779-34-2105,Female,White,54,2023-09-17,01:34:00,12,True,No referral.,Middle-aged,Night,Sunday
6986,442-29-2860,Female,White,23,2024-07-21,21:45:00,53,True,No referral.,Young Adult,Evening,Sunday
6987,621-08-1059,Female,White,9,2023-08-19,18:15:00,10,True,No referral.,Minor,Evening,Saturday
6988,637-81-2602,Female,White,29,2024-01-27,03:45:00,58,True,No referral.,Young Adult,Night,Saturday
6989,896-52-6863,Female,White,39,2024-04-22,10:00:00,59,True,No referral.,Adult,Day,Monday
6990,185-86-8176,Female,White,67,2024-06-25,09:18:00,34,True,No referral.,Senior,Day,Tuesday
6991,358-91-5396,Female,White,24,2024-04-06,16:09:00,43,True,No referral.,Young Adult,Evening,Saturday
6992,228-10-0070,Female,White,73,2023-09-21,15:51:00,10,True,No referral.,Senior,Evening,Thursday
6993,458-99-9074,Female,White,2,2023-04-09,00:46:00,17,True,Orthopedics,Minor,Night,Sunday
6994,559-31-6017,Female,White,25,2024-02-14,23:47:00,20,True,Orthopedics,Young Adult,Night,Wednesday
6995,224-71-2531,Female,White,60,2023-07-24,23:39:00,44,True,Orthopedics,Older Adult,Night,Monday
6996,376-27-6802,Female,White,24,2023-07-26,04:09:00,40,True,Orthopedics,Young Adult,Night,Wednesday
6997,875-35-4737,Female,White,18,2023-06-10,20:59:00,15,True,Orthopedics,Minor,Evening,Saturday
6998,263-80-6685,Female,White,58,2024-10-02,11:23:00,19,True,Orthopedics,Older Adult,Day,Wednesday
6999,869-66-7554,Female,White,35,2023-11-29,02:34:00,56,True,Orthopedics,Adult,Night,Wednesday
7000,250-82-5464,Female,White,35,2023-08-27,00:46:00,50,True,Orthopedics,Adult,Night,Sunday
7001,844-21-7153,Female,White,74,2023-03-06,21:06:00,17,True,Orthopedics,Senior,Evening,Monday
7002,149-68-0241,Female,White,40,2024-08-02,22:08:00,19,True,Orthopedics,Adult,Evening,Friday
7003,414-06-4445,Female,White,19,2023-05-06,02:57:00,41,True,Orthopedics,Minor,Night,Saturday
7004,729-35-9748,Female,White,45,2024-05-10,14:35:00,44,True,Orthopedics,Middle-aged,Day,Friday
7005,603-25-1575,Female,White,60,2023-12-25,03:49:00,31,True,Orthopedics,Older Adult,Night,Monday
7006,313-36-3938,Female,White,4,2024-01-17,12:41:00,53,True,Orthopedics,Minor,Day,Wednesday
7007,298-15-6094,Female,White,79,2023-09-08,01:53:00,11,True,Orthopedics,Senior,Night,Friday
7008,880-96-2037,Female,White,15,2023-04-13,18:46:00,24,True,Orthopedics,Minor,Evening,Thursday
7009,438-91-9401,Female,White,30,2023-12-10,15:39:00,29,True,Orthopedics,Young Adult,Evening,Sunday
7010,124-40-1013,Female,White,34,2024-06-27,10:27:00,43,True,Orthopedics,Young Adult,Day,Thursday
7011,697-02-7197,Female,White,24,2024-02-04,01:30:00,54,True,Orthopedics,Young Adult,Night,Sunday
7012,461-70-5641,Female,White,72,2023-04-14,03:12:00,31,True,Orthopedics,Senior,Night,Friday
7013,213-96-5568,Female,White,40,2023-08-21,23:29:00,45,True,Orthopedics,Adult,Night,Monday
7014,229-78-0810,Female,White,19,2023-06-19,23:26:00,23,True,Orthopedics,Minor,Night,Monday
7015,567-34-6800,Female,White,17,2023-07-26,11:24:00,30,True,Orthopedics,Minor,Day,Wednesday
7016,797-70-2349,Female,White,55,2024-03-03,09:12:00,25,True,Orthopedics,Older Adult,Day,Sunday
7017,689-86-6145,Female,White,16,2024-06-05,05:26:00,22,True,Orthopedics,Minor,Night,Wednesday
7018,409-22-8805,Female,White,59,2024-01-05,07:11:00,37,True,Orthopedics,Older Adult,Day,Friday
7019,249-19-1543,Female,White,2,2023-04-28,15:12:00,16,True,Orthopedics,Minor,Evening,Friday
7020,623-89-4272,Female,White,51,2024-07-20,19:15:00,26,True,Orthopedics,Middle-aged,Evening,Saturday
7021,327-14-9748,Female,White,72,2024-01-28,04:29:00,31,True,Orthopedics,Senior,Night,Sunday
7022,876-79-7112,Female,White,49,2024-09-07,19:30:00,11,True,Orthopedics,Middle-aged,Evening,Saturday
7023,545-22-1531,Female,White,1,2024-04-10,17:06:00,22,True,Orthopedics,Minor,Evening,Wednesday
7024,436-65-3999,Female,White,48,2023-12-12,21:49:00,30,True,Orthopedics,Middle-aged,Evening,Tuesday
7025,537-09-7772,Female,White,3,2024-10-26,05:28:00,33,True,Orthopedics,Minor,Night,Saturday
7026,608-47-0337,Female,White,22,2024-01-01,17:25:00,45,True,Orthopedics,Young Adult,Evening,Monday
7027,811-97-1091,Female,White,61,2024-03-22,08:34:00,53,True,Orthopedics,Older Adult,Day,Friday
7028,596-98-6693,Female,White,40,2023-12-23,20:45:00,10,True,Orthopedics,Adult,Evening,Saturday
7029,563-72-1313,Female,White,53,2023-11-22,12:36:00,26,True,Orthopedics,Middle-aged,Day,Wednesday
7030,171-75-9146,Female,White,30,2024-05-21,03:02:00,32,True,Orthopedics,Young Adult,Night,Tuesday
7031,283-63-7892,Female,White,4,2024-12-06,21:09:00,14,True,Orthopedics,Minor,Evening,Friday
7032,509-15-9216,Female,White,12,2024-06-06,20:19:00,60,True,Orthopedics,Minor,Evening,Thursday
7033,284-23-4071,Female,White,33,2024-03-13,16:29:00,43,True,Orthopedics,Young Adult,Evening,Wednesday
7034,717-51-2915,Female,White,7,2024-03-10,23:40:00,32,True,Orthopedics,Minor,Night,Sunday
7035,195-26-8178,Female,White,18,2024-04-10,13:53:00,27,True,Orthopedics,Minor,Day,Wednesday
7036,512-60-2460,Female,White,26,2023-11-22,08:04:00,49,True,Orthopedics,Young Adult,Day,Wednesday
7037,841-74-3492,Female,White,10,2024-07-05,04:30:00,50,True,Orthopedics,Minor,Night,Friday
7038,625-47-1514,Female,White,55,2023-11-17,07:08:00,51,True,Orthopedics,Older Adult,Day,Friday
7039,360-05-3720,Female,White,22,2024-07-20,00:00:00,15,True,Orthopedics,Young Adult,Night,Saturday
7040,265-41-2620,Female,White,76,2023-10-17,18:02:00,23,True,Orthopedics,Senior,Evening,Tuesday
7041,472-97-6207,Female,White,31,2023-07-05,11:14:00,59,True,Orthopedics,Young Adult,Day,Wednesday
7042,540-07-7543,Female,White,54,2024-02-23,20:16:00,60,True,Orthopedics,Middle-aged,Evening,Friday
7043,186-48-7416,Female,White,7,2024-07-16,03:12:00,24,True,Orthopedics,Minor,Night,Tuesday
7044,811-13-4461,Female,White,45,2023-06-05,18:02:00,16,True,Orthopedics,Middle-aged,Evening,Monday
7045,496-47-5279,Female,White,73,2023-09-21,15:03:00,40,True,Orthopedics,Senior,Evening,Thursday
7046,228-41-0095,Female,White,74,2024-10-06,20:16:00,32,True,Orthopedics,Senior,Evening,Sunday
7047,129-25-8655,Female,White,73,2024-07-24,18:25:00,19,True,Orthopedics,Senior,Evening,Wednesday
7048,415-28-3023,Female,White,48,2023-08-31,19:24:00,47,True,Orthopedics,Middle-aged,Evening,Thursday
7049,891-36-7946,Female,White,6,2023-01-11,18:30:00,21,True,Orthopedics,Minor,Evening,Wednesday
7050,843-76-4020,Female,White,79,2024-01-22,03:35:00,14,True,Orthopedics,Senior,Night,Monday
7051,168-19-7400,Female,White,49,2023-08-21,09:47:00,43,True,Orthopedics,Middle-aged,Day,Monday
7052,566-41-9643,Female,White,49,2024-01-20,13:38:00,45,True,Orthopedics,Middle-aged,Day,Saturday
7053,426-82-0991,Female,White,7,2024-10-27,00:20:00,31,True,Orthopedics,Minor,Night,Sunday
7054,115-72-7138,Female,White,21,2024-04-22,18:33:00,18,True,Orthopedics,Young Adult,Evening,Monday
7055,724-36-0175,Female,White,27,2024-08-22,08:11:00,36,True,Physiotherapy,Young Adult,Day,Thursday
7056,604-92-6296,Female,White,71,2023-10-24,09:59:00,25,True,Physiotherapy,Senior,Day,Tuesday
7057,635-51-4215,Female,White,16,2024-05-23,17:44:00,39,True,Physiotherapy,Minor,Evening,Thursday
7058,714-15-3274,Female,White,78,2023-10-06,07:09:00,59,True,Physiotherapy,Senior,Day,Friday
7059,563-64-7249,Female,White,78,2024-04-26,17:44:00,42,True,Physiotherapy,Senior,Evening,Friday
7060,264-47-3879,Female,White,31,2023-12-30,20:24:00,54,True,Physiotherapy,Young Adult,Evening,Saturday
7061,566-23-2795,Female,White,31,2023-09-24,10:28:00,49,True,Physiotherapy,Young Adult,Day,Sunday
7062,453-54-2453,Female,White,20,2023-01-11,13:27:00,48,True,Physiotherapy,Young Adult,Day,Wednesday
7063,754-56-4342,Female,White,34,2024-09-17,14:32:00,49,True,Physiotherapy,Young Adult,Day,Tuesday
7064,615-52-5411,Female,White,30,2024-05-16,00:44:00,26,True,Physiotherapy,Young Adult,Night,Thursday
7065,470-60-5209,Female,White,25,2024-06-04,22:49:00,29,True,Physiotherapy,Young Adult,Evening,Tuesday
7066,438-23-0462,Female,White,13,2024-02-09,02:21:00,53,True,Physiotherapy,Minor,Night,Friday
7067,854-90-9500,Female,White,57,2023-04-07,13:21:00,10,True,Physiotherapy,Older Adult,Day,Friday
7068,451-68-1953,Female,White,36,2024-01-14,05:55:00,33,True,Physiotherapy,Adult,Night,Sunday
7069,683-59-0318,Female,White,35,2024-09-25,03:42:00,32,True,Physiotherapy,Adult,Night,Wednesday
7070,734-39-1461,Female,White,44,2023-06-12,01:21:00,35,True,Physiotherapy,Adult,Night,Monday
7071,207-67-5562,Female,White,64,2024-09-06,15:30:00,25,True,Physiotherapy,Older Adult,Evening,Friday
7072,221-08-4372,Female,White,72,2024-02-07,15:29:00,20,True,Physiotherapy,Senior,Evening,Wednesday
7073,618-15-9676,Female,White,63,2023-10-18,14:24:00,31,True,Renal,Older Adult,Day,Wednesday
7074,383-24-5206,Female,White,51,2024-10-01,14:17:00,60,True,Renal,Middle-aged,Day,Tuesday
7075,530-06-5008,Female,White,68,2023-09-06,19:19:00,44,True,Renal,Senior,Evening,Wednesday
7076,210-99-0414,Female,White,36,2024-08-25,15:48:00,31,True,Renal,Adult,Evening,Sunday
7077,234-64-8434,Female,White,49,2023-12-25,12:05:00,42,True,Renal,Middle-aged,Day,Monday
7078,458-66-7478,Female,White,36,2023-07-18,01:49:00,45,True,Renal,Adult,Night,Tuesday
7079,144-47-5038,Female,White,45,2024-06-09,05:39:00,49,True,Renal,Middle-aged,Night,Sunday
7080,628-86-1438,Female,White,37,2024-01-16,16:46:00,56,True,Renal,Adult,Evening,Tuesday
7081,433-92-8562,Female,White,34,2023-08-19,20:00:00,42,True,Renal,Young Adult,Evening,Saturday
7082,863-51-9551,Male,African American,46,2024-05-09,06:49:00,51,True,Cardiology,Middle-aged,Night,Thursday
7083,608-45-3024,Male,African American,36,2024-02-21,20:41:00,24,True,Cardiology,Adult,Evening,Wednesday
7084,700-85-1404,Male,African American,11,2023-07-25,08:34:00,58,True,Cardiology,Minor,Day,Tuesday
7085,321-29-1165,Male,African American,61,2024-03-24,05:19:00,14,True,Cardiology,Older Adult,Night,Sunday
7086,340-31-4912,Male,African American,19,2023-09-07,17:25:00,42,True,Cardiology,Minor,Evening,Thursday
7087,684-15-6213,Male,African American,75,2023-11-15,20:17:00,50,True,Cardiology,Senior,Evening,Wednesday
7088,229-42-0816,Male,African American,44,2023-10-29,16:28:00,50,True,Cardiology,Adult,Evening,Sunday
7089,782-82-3086,Male,African American,43,2024-02-26,18:21:00,27,True,Cardiology,Adult,Evening,Monday
7090,246-51-3655,Male,African American,19,2023-12-28,07:05:00,28,True,Cardiology,Minor,Day,Thursday
7091,377-39-3538,Male,African American,27,2023-08-18,16:24:00,26,True,Cardiology,Young Adult,Evening,Friday
7092,825-77-9437,Male,African American,15,2024-05-31,17:33:00,25,True,Gastroenterology,Minor,Evening,Friday
7093,269-47-7139,Male,African American,44,2023-06-19,00:53:00,17,True,Gastroenterology,Adult,Night,Monday
7094,207-76-8815,Male,African American,19,2024-09-03,04:06:00,32,True,Gastroenterology,Minor,Night,Tuesday
7095,193-37-7138,Male,African American,75,2024-08-06,14:13:00,60,True,Gastroenterology,Senior,Day,Tuesday
7096,763-06-8777,Male,African American,76,2023-07-06,02:12:00,25,True,Gastroenterology,Senior,Night,Thursday
7097,628-60-2471,Male,African American,13,2023-12-15,11:39:00,41,True,Gastroenterology,Minor,Day,Friday
7098,752-34-4471,Male,African American,56,2023-11-27,00:18:00,49,True,Gastroenterology,Older Adult,Night,Monday
7099,148-18-7869,Male,African American,17,2023-09-28,21:24:00,22,True,Gastroenterology,Minor,Evening,Thursday
7100,899-68-1954,Male,African American,33,2024-01-24,10:44:00,36,True,Gastroenterology,Young Adult,Day,Wednesday
7101,585-23-3839,Male,African American,59,2024-02-22,16:34:00,46,True,Gastroenterology,Older Adult,Evening,Thursday
7102,317-63-8141,Male,African American,60,2024-09-07,06:23:00,10,True,General Practice,Older Adult,Night,Saturday
7103,730-92-9749,Male,African American,18,2024-02-25,01:07:00,13,True,General Practice,Minor,Night,Sunday
7104,153-86-7429,Male,African American,38,2024-04-29,02:44:00,32,True,General Practice,Adult,Night,Monday
7105,209-13-8764,Male,African American,45,2024-01-20,13:10:00,36,True,General Practice,Middle-aged,Day,Saturday
7106,246-42-6834,Male,African American,43,2024-05-08,01:59:00,15,True,General Practice,Adult,Night,Wednesday
7107,848-11-5125,Male,African American,32,2024-02-07,08:01:00,25,True,General Practice,Young Adult,Day,Wednesday
7108,314-97-4194,Male,African American,47,2024-07-20,20:11:00,23,True,General Practice,Middle-aged,Evening,Saturday
7109,722-55-2589,Male,African American,67,2024-08-06,03:17:00,58,True,General Practice,Senior,Night,Tuesday
7110,845-06-3779,Male,African American,50,2024-04-20,12:50:00,36,True,General Practice,Middle-aged,Day,Saturday
7111,205-08-0013,Male,African American,30,2023-10-08,20:07:00,45,True,General Practice,Young Adult,Evening,Sunday
7112,401-75-7006,Male,African American,55,2024-04-01,15:36:00,46,True,General Practice,Older Adult,Evening,Monday
7113,859-31-3788,Male,African American,23,2024-04-24,05:53:00,15,True,General Practice,Young Adult,Night,Wednesday
7114,725-05-3696,Male,African American,36,2023-03-12,20:54:00,21,True,General Practice,Adult,Evening,Sunday
7115,814-08-7027,Male,African American,65,2024-10-04,17:45:00,17,True,General Practice,Senior,Evening,Friday
7116,858-02-6228,Male,African American,22,2023-05-29,09:59:00,22,True,General Practice,Young Adult,Day,Monday
7117,546-86-5704,Male,African American,51,2023-05-19,17:34:00,22,True,General Practice,Middle-aged,Evening,Friday
7118,744-36-1390,Male,African American,26,2024-03-23,07:44:00,28,True,General Practice,Young Adult,Day,Saturday
7119,278-41-5607,Male,African American,72,2024-08-07,02:21:00,47,True,General Practice,Senior,Night,Wednesday
7120,474-79-8359,Male,African American,4,2023-11-27,07:01:00,32,True,General Practice,Minor,Day,Monday
7121,368-60-2216,Male,African American,47,2024-03-24,15:23:00,36,True,General Practice,Middle-aged,Evening,Sunday
7122,624-35-0744,Male,African American,76,2024-10-02,11:21:00,38,True,General Practice,Senior,Day,Wednesday
7123,737-85-6782,Male,African American,32,2024-05-21,13:28:00,41,True,General Practice,Young Adult,Day,Tuesday
7124,608-62-4792,Male,African American,67,2023-12-05,23:17:00,49,True,General Practice,Senior,Night,Tuesday
7125,614-40-8020,Male,African American,71,2024-01-18,16:14:00,20,True,General Practice,Senior,Evening,Thursday
7126,514-65-3918,Male,African American,18,2024-07-18,13:57:00,22,True,General Practice,Minor,Day,Thursday
7127,853-11-6791,Male,African American,74,2024-02-24,08:42:00,41,True,General Practice,Senior,Day,Saturday
7128,810-25-2434,Male,African American,78,2024-08-13,05:32:00,10,True,General Practice,Senior,Night,Tuesday
7129,207-92-4947,Male,African American,23,2024-05-10,00:34:00,11,True,General Practice,Young Adult,Night,Friday
7130,596-81-0629,Male,African American,48,2024-04-27,18:19:00,20,True,General Practice,Middle-aged,Evening,Saturday
7131,709-75-8904,Male,African American,11,2023-07-27,03:54:00,23,True,General Practice,Minor,Night,Thursday
7132,270-86-7036,Male,African American,63,2024-02-16,22:54:00,47,True,General Practice,Older Adult,Evening,Friday
7133,657-17-7377,Male,African American,26,2024-01-02,07:01:00,12,True,General Practice,Young Adult,Day,Tuesday
7134,652-77-9755,Male,African American,44,2023-11-08,01:20:00,16,True,General Practice,Adult,Night,Wednesday
7135,343-46-6292,Male,African American,25,2023-08-19,14:37:00,38,True,General Practice,Young Adult,Day,Saturday
7136,404-43-9499,Male,African American,79,2024-09-09,20:33:00,38,True,General Practice,Senior,Evening,Monday
7137,196-16-6364,Male,African American,74,2024-04-15,12:16:00,39,True,General Practice,Senior,Day,Monday
7138,543-38-8768,Male,African American,40,2024-08-13,07:05:00,40,True,General Practice,Adult,Day,Tuesday
7139,749-06-8527,Male,African American,41,2023-11-09,13:50:00,60,True,General Practice,Adult,Day,Thursday
7140,806-98-9898,Male,African American,53,2024-09-18,21:27:00,18,True,General Practice,Middle-aged,Evening,Wednesday
7141,149-82-2432,Male,African American,45,2024-08-09,09:20:00,43,True,General Practice,Middle-aged,Day,Friday
7142,133-23-1511,Male,African American,25,2023-11-05,11:28:00,49,True,General Practice,Young Adult,Day,Sunday
7143,618-23-9015,Male,African American,23,2023-09-30,17:13:00,26,True,General Practice,Young Adult,Evening,Saturday
7144,793-16-8190,Male,African American,7,2024-09-15,01:29:00,28,True,General Practice,Minor,Night,Sunday
7145,838-39-0089,Male,African American,39,2023-01-08,11:59:00,27,True,General Practice,Adult,Day,Sunday
7146,495-89-0285,Male,African American,30,2023-07-26,16:02:00,43,True,General Practice,Young Adult,Evening,Wednesday
7147,160-06-0536,Male,African American,11,2023-09-26,12:20:00,47,True,General Practice,Minor,Day,Tuesday
7148,526-02-3053,Male,African American,34,2024-01-27,10:48:00,51,True,General Practice,Young Adult,Day,Saturday
7149,748-34-2359,Male,African American,73,2024-06-27,02:50:00,51,True,General Practice,Senior,Night,Thursday
7150,360-87-9898,Male,African American,67,2023-01-06,13:24:00,17,True,General Practice,Senior,Day,Friday
7151,177-90-6739,Male,African American,34,2023-12-25,01:15:00,18,True,General Practice,Young Adult,Night,Monday
7152,544-04-8135,Male,African American,40,2023-07-21,13:01:00,25,True,General Practice,Adult,Day,Friday
7153,159-69-6815,Male,African American,34,2023-12-17,08:17:00,32,True,General Practice,Young Adult,Day,Sunday
7154,655-02-7368,Male,African American,79,2023-12-21,22:55:00,32,True,General Practice,Senior,Evening,Thursday
7155,639-06-0100,Male,African American,26,2024-01-27,12:20:00,47,True,General Practice,Young Adult,Day,Saturday
7156,603-11-3680,Male,African American,30,2024-07-09,21:47:00,50,True,General Practice,Young Adult,Evening,Tuesday
7157,673-14-9836,Male,African American,11,2024-02-15,21:03:00,22,True,General Practice,Minor,Evening,Thursday
7158,760-50-9495,Male,African American,6,2024-03-22,10:20:00,44,True,General Practice,Minor,Day,Friday
7159,453-75-8232,Male,African American,72,2024-12-08,04:22:00,54,True,General Practice,Senior,Night,Sunday
7160,591-38-7538,Male,African American,51,2024-04-08,11:58:00,59,True,General Practice,Middle-aged,Day,Monday
7161,215-85-8962,Male,African American,42,2024-08-17,03:09:00,25,True,General Practice,Adult,Night,Saturday
7162,358-26-5831,Male,African American,78,2024-10-26,23:20:00,56,True,General Practice,Senior,Night,Saturday
7163,693-67-1165,Male,African American,71,2024-02-25,09:53:00,58,True,General Practice,Senior,Day,Sunday
7164,794-01-9516,Male,African American,71,2023-10-22,00:29:00,22,True,General Practice,Senior,Night,Sunday
7165,295-28-1056,Male,African American,36,2023-06-21,12:30:00,30,True,General Practice,Adult,Day,Wednesday
7166,195-87-9475,Male,African American,19,2023-07-19,07:40:00,33,True,General Practice,Minor,Day,Wednesday
7167,222-73-0701,Male,African American,29,2023-06-14,07:18:00,59,True,General Practice,Young Adult,Day,Wednesday
7168,179-52-4667,Male,African American,71,2024-12-07,08:09:00,25,True,General Practice,Senior,Day,Saturday
7169,498-46-0026,Male,African American,3,2024-06-25,03:41:00,41,True,General Practice,Minor,Night,Tuesday
7170,859-55-1950,Male,African American,29,2023-06-06,18:27:00,34,True,General Practice,Young Adult,Evening,Tuesday
7171,588-44-5318,Male,African American,59,2024-11-02,05:29:00,40,True,General Practice,Older Adult,Night,Saturday
7172,111-27-8693,Male,African American,22,2024-07-10,18:29:00,56,True,General Practice,Young Adult,Evening,Wednesday
7173,457-95-6519,Male,African American,35,2024-05-19,01:09:00,20,True,General Practice,Adult,Night,Sunday
7174,258-91-3638,Male,African American,38,2024-06-25,12:47:00,20,True,General Practice,Adult,Day,Tuesday
7175,857-31-2180,Male,African American,34,2023-07-11,13:13:00,50,True,General Practice,Young Adult,Day,Tuesday
7176,591-05-6298,Male,African American,15,2023-06-24,04:00:00,49,True,General Practice,Minor,Night,Saturday
7177,899-68-9474,Male,African American,70,2023-09-27,14:27:00,14,True,General Practice,Senior,Day,Wednesday
7178,787-26-4744,Male,African American,56,2024-11-04,01:53:00,58,True,General Practice,Older Adult,Night,Monday
7179,359-56-0973,Male,African American,48,2024-03-06,13:09:00,32,True,General Practice,Middle-aged,Day,Wednesday
7180,542-32-4791,Male,African American,20,2023-11-27,17:04:00,25,True,General Practice,Young Adult,Evening,Monday
7181,307-42-0988,Male,African American,77,2024-01-08,04:10:00,59,True,General Practice,Senior,Night,Monday
7182,189-85-8766,Male,African American,73,2024-02-05,20:01:00,36,True,General Practice,Senior,Evening,Monday
7183,162-33-3355,Male,African American,12,2023-05-19,22:26:00,36,True,General Practice,Minor,Evening,Friday
7184,863-59-4383,Male,African American,2,2024-09-21,23:52:00,60,True,General Practice,Minor,Night,Saturday
7185,238-37-6207,Male,African American,77,2024-04-18,20:23:00,54,True,General Practice,Senior,Evening,Thursday
7186,705-28-9468,Male,African American,64,2023-12-26,12:03:00,15,True,General Practice,Older Adult,Day,Tuesday
7187,536-22-5483,Male,African American,54,2024-01-22,08:23:00,36,True,General Practice,Middle-aged,Day,Monday
7188,410-50-5126,Male,African American,65,2024-09-02,14:21:00,25,True,General Practice,Senior,Day,Monday
7189,200-16-4772,Male,African American,78,2024-04-17,06:29:00,52,True,General Practice,Senior,Night,Wednesday
7190,140-55-0292,Male,African American,30,2024-04-14,03:04:00,27,True,General Practice,Young Adult,Night,Sunday
7191,210-86-6844,Male,African American,38,2024-07-28,20:15:00,58,True,General Practice,Adult,Evening,Sunday
7192,510-10-3956,Male,African American,35,2024-02-06,18:04:00,57,True,General Practice,Adult,Evening,Tuesday
7193,351-73-4682,Male,African American,10,2023-11-14,12:41:00,18,True,General Practice,Minor,Day,Tuesday
7194,304-49-6840,Male,African American,20,2024-04-06,21:07:00,21,True,General Practice,Young Adult,Evening,Saturday
7195,763-18-6760,Male,African American,43,2024-06-22,10:09:00,12,True,General Practice,Adult,Day,Saturday
7196,426-51-7600,Male,African American,37,2024-07-30,10:05:00,22,True,General Practice,Adult,Day,Tuesday
7197,140-96-0148,Male,African American,9,2023-09-16,09:22:00,42,True,General Practice,Minor,Day,Saturday
7198,508-68-9988,Male,African American,8,2024-03-19,10:20:00,36,True,General Practice,Minor,Day,Tuesday
7199,299-74-5940,Male,African American,46,2023-10-21,04:20:00,17,True,General Practice,Middle-aged,Night,Saturday
7200,712-85-4431,Male,African American,35,2023-08-21,04:47:00,35,True,General Practice,Adult,Night,Monday
7201,204-16-6516,Male,African American,37,2024-02-28,01:02:00,15,True,General Practice,Adult,Night,Wednesday
7202,488-56-9052,Male,African American,41,2024-02-17,23:38:00,23,True,Neurology,Adult,Night,Saturday
7203,649-23-2850,Male,African American,32,2024-05-15,09:57:00,44,True,Neurology,Young Adult,Day,Wednesday
7204,591-35-0584,Male,African American,22,2024-10-21,20:48:00,42,True,Neurology,Young Adult,Evening,Monday
7205,783-04-7667,Male,African American,70,2024-07-16,10:44:00,10,True,Neurology,Senior,Day,Tuesday
7206,266-27-4585,Male,African American,8,2024-02-28,21:14:00,31,True,Neurology,Minor,Evening,Wednesday
7207,612-19-4053,Male,African American,47,2023-12-27,23:15:00,50,True,Neurology,Middle-aged,Night,Wednesday
7208,362-31-6050,Male,African American,69,2023-08-04,03:47:00,24,True,Neurology,Senior,Night,Friday
7209,275-15-5173,Male,African American,45,2023-11-15,22:32:00,17,True,Neurology,Middle-aged,Evening,Wednesday
7210,282-16-4480,Male,African American,22,2023-06-16,11:35:00,53,True,Neurology,Young Adult,Day,Friday
7211,886-77-9729,Male,African American,54,2024-07-15,08:29:00,17,True,No referral.,Middle-aged,Day,Monday
7212,413-63-3325,Male,African American,32,2024-08-23,03:19:00,37,True,No referral.,Young Adult,Night,Friday
7213,286-68-0132,Male,African American,51,2024-04-10,22:25:00,41,True,No referral.,Middle-aged,Evening,Wednesday
7214,272-23-6884,Male,African American,36,2023-04-21,17:23:00,43,True,No referral.,Adult,Evening,Friday
7215,856-58-6182,Male,African American,63,2024-08-07,23:27:00,44,True,No referral.,Older Adult,Night,Wednesday
7216,255-46-9033,Male,African American,7,2024-03-25,04:42:00,48,True,No referral.,Minor,Night,Monday
7217,824-34-1887,Male,African American,42,2023-09-09,23:21:00,54,True,No referral.,Adult,Night,Saturday
7218,815-91-7351,Male,African American,34,2023-10-24,01:43:00,56,True,No referral.,Young Adult,Night,Tuesday
7219,414-38-4030,Male,African American,41,2023-12-31,15:20:00,60,True,No referral.,Adult,Evening,Sunday
7220,163-37-9298,Male,African American,21,2024-10-05,04:34:00,22,True,No referral.,Young Adult,Night,Saturday
7221,537-10-1540,Male,African American,43,2024-09-16,23:58:00,24,True,No referral.,Adult,Night,Monday
7222,676-08-5880,Male,African American,50,2023-12-26,15:44:00,29,True,No referral.,Middle-aged,Evening,Tuesday
7223,327-11-9513,Male,African American,71,2024-04-28,17:08:00,30,True,No referral.,Senior,Evening,Sunday
7224,668-01-8193,Male,African American,21,2024-10-29,04:55:00,46,True,No referral.,Young Adult,Night,Tuesday
7225,400-30-8680,Male,African American,39,2023-09-14,17:19:00,52,True,No referral.,Adult,Evening,Thursday
7226,577-92-8928,Male,African American,59,2024-07-26,11:19:00,52,True,No referral.,Older Adult,Day,Friday
7227,735-60-3323,Male,African American,8,2024-12-10,23:09:00,56,True,No referral.,Minor,Night,Tuesday
7228,276-67-3192,Male,African American,61,2024-06-08,13:21:00,56,True,No referral.,Older Adult,Day,Saturday
7229,723-85-9208,Male,African American,11,2024-05-03,11:30:00,14,True,No referral.,Minor,Day,Friday
7230,691-32-3373,Male,African American,19,2024-06-29,19:17:00,14,True,No referral.,Minor,Evening,Saturday
7231,566-91-4222,Male,African American,76,2024-09-20,22:46:00,20,True,No referral.,Senior,Evening,Friday
7232,410-34-5251,Male,African American,24,2024-10-18,14:24:00,21,True,No referral.,Young Adult,Day,Friday
7233,544-31-7500,Male,African American,14,2024-10-14,09:24:00,28,True,No referral.,Minor,Day,Monday
7234,179-82-2740,Male,African American,44,2023-08-14,21:18:00,29,True,No referral.,Adult,Evening,Monday
7235,768-83-3336,Male,African American,12,2024-04-08,03:23:00,37,True,No referral.,Minor,Night,Monday
7236,791-22-1079,Male,African American,52,2024-09-29,23:13:00,49,True,No referral.,Middle-aged,Night,Sunday
7237,639-02-2166,Male,African American,12,2024-01-23,23:35:00,57,True,No referral.,Minor,Night,Tuesday
7238,792-34-9406,Male,African American,48,2024-03-04,04:00:00,10,True,No referral.,Middle-aged,Night,Monday
7239,735-20-6750,Male,African American,62,2023-04-14,00:25:00,10,True,No referral.,Older Adult,Night,Friday
7240,441-46-3541,Male,African American,2,2023-05-18,13:27:00,11,True,No referral.,Minor,Day,Thursday
7241,359-29-3726,Male,African American,62,2023-09-19,09:40:00,15,True,No referral.,Older Adult,Day,Tuesday
7242,473-32-0894,Male,African American,23,2024-09-28,05:51:00,56,True,No referral.,Young Adult,Night,Saturday
7243,220-21-6446,Male,African American,1,2024-08-08,00:39:00,25,True,No referral.,Minor,Night,Thursday
7244,236-18-8893,Male,African American,65,2024-10-07,11:43:00,28,True,No referral.,Senior,Day,Monday
7245,648-43-2810,Male,African American,25,2023-02-07,05:04:00,30,True,No referral.,Young Adult,Night,Tuesday
7246,369-17-0446,Male,African American,29,2024-05-23,07:58:00,31,True,No referral.,Young Adult,Day,Thursday
7247,778-87-4111,Male,African American,14,2024-04-02,20:00:00,34,True,No referral.,Minor,Evening,Tuesday
7248,812-09-5507,Male,African American,46,2024-07-16,11:09:00,35,True,No referral.,Middle-aged,Day,Tuesday
7249,163-65-7783,Male,African American,57,2023-05-19,05:01:00,35,True,No referral.,Older Adult,Night,Friday
7250,861-21-2134,Male,African American,11,2023-08-28,04:39:00,38,True,No referral.,Minor,Night,Monday
7251,609-16-8648,Male,African American,70,2024-02-18,22:57:00,57,True,No referral.,Senior,Evening,Sunday
7252,406-59-1240,Male,African American,23,2024-03-17,21:11:00,59,True,No referral.,Young Adult,Evening,Sunday
7253,750-20-0343,Male,African American,36,2023-10-08,05:07:00,14,True,No referral.,Adult,Night,Sunday
7254,229-50-4595,Male,African American,19,2023-03-09,01:29:00,19,True,No referral.,Minor,Night,Thursday
7255,348-55-5182,Male,African American,56,2023-08-13,13:32:00,27,True,No referral.,Older Adult,Day,Sunday
7256,362-44-1114,Male,African American,8,2023-11-25,08:47:00,30,True,No referral.,Minor,Day,Saturday
7257,556-53-6036,Male,African American,59,2024-10-20,20:40:00,35,True,No referral.,Older Adult,Evening,Sunday
7258,548-91-1120,Male,African American,68,2023-07-20,13:13:00,36,True,No referral.,Senior,Day,Thursday
7259,186-95-9617,Male,African American,9,2023-10-10,12:21:00,40,True,No referral.,Minor,Day,Tuesday
7260,183-19-1971,Male,African American,43,2024-03-10,06:40:00,41,True,No referral.,Adult,Night,Sunday
7261,590-11-7748,Male,African American,71,2023-02-06,00:33:00,44,True,No referral.,Senior,Night,Monday
7262,564-07-6410,Male,African American,12,2024-04-30,12:12:00,11,True,No referral.,Minor,Day,Tuesday
7263,696-01-6860,Male,African American,35,2024-03-16,22:19:00,19,True,No referral.,Adult,Evening,Saturday
7264,216-59-3629,Male,African American,65,2023-04-20,17:52:00,30,True,No referral.,Senior,Evening,Thursday
7265,435-71-5591,Male,African American,17,2024-04-09,05:52:00,46,True,No referral.,Minor,Night,Tuesday
7266,856-18-1103,Male,African American,19,2024-04-22,10:23:00,54,True,No referral.,Minor,Day,Monday
7267,746-61-3845,Male,African American,70,2024-09-05,07:25:00,55,True,No referral.,Senior,Day,Thursday
7268,475-98-9744,Male,African American,66,2024-02-15,03:06:00,18,True,No referral.,Senior,Night,Thursday
7269,729-48-0999,Male,African American,32,2023-11-14,00:14:00,23,True,No referral.,Young Adult,Night,Tuesday
7270,143-59-4736,Male,African American,17,2023-12-30,15:44:00,27,True,No referral.,Minor,Evening,Saturday
7271,880-76-5052,Male,African American,41,2023-05-08,22:32:00,28,True,No referral.,Adult,Evening,Monday
7272,649-56-1131,Male,African American,7,2023-09-09,18:46:00,29,True,No referral.,Minor,Evening,Saturday
7273,744-40-2958,Male,African American,27,2024-01-30,01:54:00,41,True,No referral.,Young Adult,Night,Tuesday
7274,424-23-3662,Male,African American,62,2023-04-10,21:34:00,43,True,No referral.,Older Adult,Evening,Monday
7275,402-25-4023,Male,African American,5,2023-06-13,05:10:00,44,True,No referral.,Minor,Night,Tuesday
7276,808-38-8970,Male,African American,69,2024-09-18,11:29:00,49,True,No referral.,Senior,Day,Wednesday
7277,718-27-6609,Male,African American,58,2023-03-10,14:12:00,56,True,No referral.,Older Adult,Day,Friday
7278,259-13-6629,Male,African American,54,2023-06-21,09:39:00,57,True,No referral.,Middle-aged,Day,Wednesday
7279,869-39-7477,Male,African American,45,2024-07-18,09:37:00,19,True,No referral.,Middle-aged,Day,Thursday
7280,379-34-6995,Male,African American,26,2024-10-03,16:53:00,26,True,No referral.,Young Adult,Evening,Thursday
7281,648-51-2873,Male,African American,56,2023-07-19,04:24:00,29,True,No referral.,Older Adult,Night,Wednesday
7282,535-41-2592,Male,African American,25,2024-02-21,13:48:00,36,True,No referral.,Young Adult,Day,Wednesday
7283,709-21-1735,Male,African American,19,2024-07-24,22:06:00,48,True,No referral.,Minor,Evening,Wednesday
7284,558-58-8052,Male,African American,35,2024-08-20,20:31:00,48,True,No referral.,Adult,Evening,Tuesday
7285,226-88-2331,Male,African American,43,2024-12-10,22:33:00,48,True,No referral.,Adult,Evening,Tuesday
7286,804-28-9814,Male,African American,33,2024-04-16,21:16:00,53,True,No referral.,Young Adult,Evening,Tuesday
7287,454-05-8913,Male,African American,42,2024-10-15,23:56:00,60,True,No referral.,Adult,Night,Tuesday
7288,560-75-3252,Male,African American,35,2024-02-15,13:54:00,55,True,No referral.,Adult,Day,Thursday
7289,175-33-9092,Male,African American,30,2023-04-30,08:32:00,14,True,No referral.,Young Adult,Day,Sunday
7290,874-33-1108,Male,African American,53,2024-02-25,10:21:00,16,True,No referral.,Middle-aged,Day,Sunday
7291,881-51-4957,Male,African American,27,2023-09-15,06:43:00,17,True,No referral.,Young Adult,Night,Friday
7292,790-42-7993,Male,African American,29,2024-03-22,00:43:00,25,True,No referral.,Young Adult,Night,Friday
7293,867-09-8334,Male,African American,73,2023-04-27,12:40:00,25,True,No referral.,Senior,Day,Thursday
7294,430-41-7125,Male,African American,67,2024-05-19,19:05:00,37,True,No referral.,Senior,Evening,Sunday
7295,469-48-7160,Male,African American,78,2024-07-31,11:07:00,38,True,No referral.,Senior,Day,Wednesday
7296,568-90-8670,Male,African American,11,2023-05-26,09:14:00,41,True,No referral.,Minor,Day,Friday
7297,363-63-8730,Male,African American,69,2024-06-15,15:32:00,47,True,No referral.,Senior,Evening,Saturday
7298,747-47-8842,Male,African American,2,2024-06-20,22:00:00,50,True,No referral.,Minor,Evening,Thursday
7299,785-35-7295,Male,African American,38,2024-08-01,14:46:00,56,True,No referral.,Adult,Day,Thursday
7300,632-46-3978,Male,African American,69,2024-07-23,11:04:00,56,True,No referral.,Senior,Day,Tuesday
7301,386-44-5784,Male,African American,47,2023-07-08,04:57:00,58,True,No referral.,Middle-aged,Night,Saturday
7302,803-46-4719,Male,African American,40,2023-08-31,06:49:00,12,True,No referral.,Adult,Night,Thursday
7303,129-63-5548,Male,African American,39,2024-05-23,22:49:00,22,True,No referral.,Adult,Evening,Thursday
7304,564-20-5727,Male,African American,9,2024-09-07,04:09:00,34,True,No referral.,Minor,Night,Saturday
7305,743-66-1685,Male,African American,11,2023-12-08,01:34:00,40,True,No referral.,Minor,Night,Friday
7306,442-39-1463,Male,African American,48,2024-03-14,00:22:00,45,True,No referral.,Middle-aged,Night,Thursday
7307,729-20-7063,Male,African American,64,2024-04-21,23:06:00,45,True,No referral.,Older Adult,Night,Sunday
7308,237-42-9499,Male,African American,70,2024-01-01,00:10:00,21,True,No referral.,Senior,Night,Monday
7309,143-86-3656,Male,African American,26,2024-10-06,13:40:00,25,True,No referral.,Young Adult,Day,Sunday
7310,718-73-6480,Male,African American,58,2023-11-28,23:18:00,25,True,No referral.,Older Adult,Night,Tuesday
7311,688-94-0633,Male,African American,65,2024-11-10,06:46:00,29,True,No referral.,Senior,Night,Sunday
7312,127-31-5492,Male,African American,66,2023-07-22,16:58:00,32,True,No referral.,Senior,Evening,Saturday
7313,848-38-2535,Male,African American,33,2024-10-18,16:14:00,47,True,No referral.,Young Adult,Evening,Friday
7314,372-95-8455,Male,African American,70,2024-02-13,12:30:00,52,True,No referral.,Senior,Day,Tuesday
7315,569-21-9609,Male,African American,16,2024-04-15,20:35:00,56,True,No referral.,Minor,Evening,Monday
7316,822-31-6889,Male,African American,5,2024-08-31,14:33:00,17,True,No referral.,Minor,Day,Saturday
7317,123-50-4549,Male,African American,44,2024-05-23,03:46:00,25,True,No referral.,Adult,Night,Thursday
7318,283-38-5208,Male,African American,58,2024-11-01,06:19:00,26,True,No referral.,Older Adult,Night,Friday
7319,159-44-0122,Male,African American,60,2024-03-18,18:15:00,34,True,No referral.,Older Adult,Evening,Monday
7320,428-79-0023,Male,African American,39,2024-03-03,22:39:00,36,True,No referral.,Adult,Evening,Sunday
7321,509-77-5147,Male,African American,18,2024-06-16,19:05:00,43,True,No referral.,Minor,Evening,Sunday
7322,270-02-8150,Male,African American,72,2023-07-12,20:13:00,48,True,No referral.,Senior,Evening,Wednesday
7323,221-36-4287,Male,African American,58,2023-09-15,14:08:00,53,True,No referral.,Older Adult,Day,Friday
7324,322-87-0204,Male,African American,40,2023-01-07,12:38:00,57,True,No referral.,Adult,Day,Saturday
7325,279-22-7228,Male,African American,18,2023-09-19,16:10:00,19,True,No referral.,Minor,Evening,Tuesday
7326,475-01-9497,Male,African American,7,2024-01-27,09:19:00,45,True,No referral.,Minor,Day,Saturday
7327,107-69-8839,Male,African American,32,2023-12-26,22:20:00,51,True,No referral.,Young Adult,Evening,Tuesday
7328,571-07-3802,Male,African American,27,2023-04-06,09:34:00,11,True,No referral.,Young Adult,Day,Thursday
7329,677-73-9012,Male,African American,38,2024-12-02,00:44:00,21,True,No referral.,Adult,Night,Monday
7330,574-89-9696,Male,African American,2,2024-07-13,08:13:00,39,True,No referral.,Minor,Day,Saturday
7331,465-82-9189,Male,African American,56,2023-01-12,11:01:00,43,True,No referral.,Older Adult,Day,Thursday
7332,224-58-4970,Male,African American,70,2023-12-04,19:18:00,47,True,No referral.,Senior,Evening,Monday
7333,781-69-2315,Male,African American,19,2023-09-05,13:06:00,48,True,No referral.,Minor,Day,Tuesday
7334,311-11-5300,Male,African American,58,2023-04-22,12:04:00,10,True,No referral.,Older Adult,Day,Saturday
7335,382-17-9399,Male,African American,1,2024-06-08,02:19:00,11,True,No referral.,Minor,Night,Saturday
7336,151-15-1930,Male,African American,56,2023-07-09,14:14:00,11,True,No referral.,Older Adult,Day,Sunday
7337,447-93-4805,Male,African American,14,2024-01-10,07:58:00,14,True,No referral.,Minor,Day,Wednesday
7338,219-49-2542,Male,African American,2,2023-10-13,19:07:00,22,True,No referral.,Minor,Evening,Friday
7339,795-89-9000,Male,African American,51,2024-09-08,07:51:00,22,True,No referral.,Middle-aged,Day,Sunday
7340,765-36-0361,Male,African American,38,2024-12-04,23:36:00,24,True,No referral.,Adult,Night,Wednesday
7341,651-30-0618,Male,African American,73,2023-01-10,01:12:00,34,True,No referral.,Senior,Night,Tuesday
7342,121-36-1815,Male,African American,76,2024-07-02,01:27:00,40,True,No referral.,Senior,Night,Tuesday
7343,301-95-4341,Male,African American,65,2024-10-16,12:51:00,10,True,No referral.,Senior,Day,Wednesday
7344,887-04-0837,Male,African American,18,2023-09-10,09:02:00,16,True,No referral.,Minor,Day,Sunday
7345,441-68-9259,Male,African American,5,2023-08-04,03:24:00,22,True,No referral.,Minor,Night,Friday
7346,283-40-6955,Male,African American,51,2023-11-25,04:11:00,30,True,No referral.,Middle-aged,Night,Saturday
7347,141-03-4367,Male,African American,9,2023-05-06,13:35:00,49,True,No referral.,Minor,Day,Saturday
7348,586-95-5446,Male,African American,28,2024-04-05,06:41:00,50,True,No referral.,Young Adult,Night,Friday
7349,742-87-9147,Male,African American,13,2023-08-18,13:37:00,53,True,No referral.,Minor,Day,Friday
7350,155-16-2327,Male,African American,36,2023-01-11,21:08:00,55,True,No referral.,Adult,Evening,Wednesday
7351,860-62-9749,Male,African American,3,2023-06-11,15:28:00,24,True,No referral.,Minor,Evening,Sunday
7352,662-63-9509,Male,African American,34,2024-05-07,15:10:00,28,True,No referral.,Young Adult,Evening,Tuesday
7353,295-18-8464,Male,African American,9,2023-07-05,20:15:00,33,True,No referral.,Minor,Evening,Wednesday
7354,741-16-1016,Male,African American,47,2024-05-03,11:34:00,33,True,No referral.,Middle-aged,Day,Friday
7355,318-60-0594,Male,African American,76,2024-04-22,06:14:00,33,True,No referral.,Senior,Night,Monday
7356,496-58-3057,Male,African American,34,2024-07-04,23:23:00,36,True,No referral.,Young Adult,Night,Thursday
7357,314-75-9545,Male,African American,72,2024-04-06,04:48:00,44,True,No referral.,Senior,Night,Saturday
7358,652-74-3737,Male,African American,38,2024-05-23,07:02:00,45,True,No referral.,Adult,Day,Thursday
7359,630-54-9732,Male,African American,31,2024-03-26,04:07:00,55,True,No referral.,Young Adult,Night,Tuesday
7360,642-51-0779,Male,African American,37,2023-05-05,04:10:00,57,True,No referral.,Adult,Night,Friday
7361,402-55-9647,Male,African American,42,2023-02-06,02:05:00,15,True,No referral.,Adult,Night,Monday
7362,678-22-5531,Male,African American,27,2024-03-30,18:09:00,20,True,No referral.,Young Adult,Evening,Saturday
7363,646-42-4348,Male,African American,74,2024-09-08,08:08:00,36,True,No referral.,Senior,Day,Sunday
7364,738-78-8619,Male,African American,76,2023-04-11,14:54:00,51,True,No referral.,Senior,Day,Tuesday
7365,591-72-3831,Male,African American,60,2023-09-05,20:01:00,11,True,No referral.,Older Adult,Evening,Tuesday
7366,246-10-3522,Male,African American,78,2023-07-07,10:46:00,15,True,No referral.,Senior,Day,Friday
7367,627-43-7803,Male,African American,8,2024-10-24,01:29:00,16,True,No referral.,Minor,Night,Thursday
7368,878-74-5520,Male,African American,19,2023-07-20,09:17:00,23,True,No referral.,Minor,Day,Thursday
7369,192-66-9492,Male,African American,40,2024-10-19,14:33:00,29,True,No referral.,Adult,Day,Saturday
7370,589-10-6890,Male,African American,30,2023-11-26,15:58:00,30,True,No referral.,Young Adult,Evening,Sunday
7371,520-90-6075,Male,African American,12,2024-04-27,04:51:00,43,True,No referral.,Minor,Night,Saturday
7372,460-02-7369,Male,African American,35,2024-02-17,05:56:00,45,True,No referral.,Adult,Night,Saturday
7373,883-95-1731,Male,African American,32,2024-05-24,02:59:00,47,True,No referral.,Young Adult,Night,Friday
7374,350-48-7391,Male,African American,27,2024-09-04,01:45:00,58,True,No referral.,Young Adult,Night,Wednesday
7375,778-97-0505,Male,African American,74,2023-10-20,00:16:00,13,True,No referral.,Senior,Night,Friday
7376,127-55-2720,Male,African American,76,2023-12-20,07:34:00,14,True,No referral.,Senior,Day,Wednesday
7377,569-26-4982,Male,African American,18,2024-03-13,22:01:00,26,True,No referral.,Minor,Evening,Wednesday
7378,750-47-0673,Male,African American,69,2024-01-31,17:04:00,29,True,No referral.,Senior,Evening,Wednesday
7379,425-93-4522,Male,African American,29,2023-07-05,17:43:00,30,True,No referral.,Young Adult,Evening,Wednesday
7380,706-08-0956,Male,African American,30,2024-05-17,06:28:00,33,True,No referral.,Young Adult,Night,Friday
7381,505-26-7359,Male,African American,28,2024-10-25,03:03:00,34,True,No referral.,Young Adult,Night,Friday
7382,131-78-6758,Male,African American,39,2024-07-06,14:51:00,36,True,No referral.,Adult,Day,Saturday
7383,354-84-2920,Male,African American,35,2023-10-08,22:34:00,43,True,No referral.,Adult,Evening,Sunday
7384,477-12-7087,Male,African American,17,2023-08-18,00:13:00,45,True,No referral.,Minor,Night,Friday
7385,841-99-0123,Male,African American,17,2024-04-07,04:11:00,46,True,No referral.,Minor,Night,Sunday
7386,160-25-9103,Male,African American,45,2023-06-23,19:02:00,46,True,No referral.,Middle-aged,Evening,Friday
7387,554-11-3057,Male,African American,45,2023-05-10,14:31:00,48,True,No referral.,Middle-aged,Day,Wednesday
7388,888-79-4244,Male,African American,14,2024-03-18,11:19:00,53,True,No referral.,Minor,Day,Monday
7389,711-10-8773,Male,African American,40,2024-06-05,23:01:00,54,True,No referral.,Adult,Night,Wednesday
7390,247-51-7300,Male,African American,9,2023-12-15,21:02:00,11,True,No referral.,Minor,Evening,Friday
7391,509-75-2008,Male,African American,47,2024-07-27,04:45:00,20,True,No referral.,Middle-aged,Night,Saturday
7392,449-77-1658,Male,African American,35,2023-12-04,10:17:00,24,True,No referral.,Adult,Day,Monday
7393,709-85-1189,Male,African American,11,2024-11-04,06:48:00,29,True,No referral.,Minor,Night,Monday
7394,279-38-7669,Male,African American,65,2024-08-09,13:07:00,44,True,No referral.,Senior,Day,Friday
7395,641-18-2127,Male,African American,71,2023-07-31,10:53:00,44,True,No referral.,Senior,Day,Monday
7396,224-72-7879,Male,African American,39,2023-11-22,19:28:00,55,True,No referral.,Adult,Evening,Wednesday
7397,879-87-0888,Male,African American,73,2024-04-01,05:40:00,60,True,No referral.,Senior,Night,Monday
7398,451-99-2146,Male,African American,12,2024-06-18,04:45:00,11,True,No referral.,Minor,Night,Tuesday
7399,838-74-6166,Male,African American,39,2023-01-06,00:54:00,12,True,No referral.,Adult,Night,Friday
7400,661-42-7515,Male,African American,69,2024-03-29,01:55:00,16,True,No referral.,Senior,Night,Friday
7401,719-40-0257,Male,African American,53,2023-09-09,20:49:00,36,True,No referral.,Middle-aged,Evening,Saturday
7402,563-64-1719,Male,African American,64,2023-12-04,07:37:00,23,True,No referral.,Older Adult,Day,Monday
7403,694-09-6517,Male,African American,4,2023-08-28,04:56:00,25,True,No referral.,Minor,Night,Monday
7404,251-49-2826,Male,African American,14,2023-12-09,10:39:00,30,True,No referral.,Minor,Day,Saturday
7405,808-01-8111,Male,African American,14,2024-12-07,19:23:00,30,True,No referral.,Minor,Evening,Saturday
7406,153-71-0593,Male,African American,14,2024-02-19,05:18:00,34,True,No referral.,Minor,Night,Monday
7407,247-25-0172,Male,African American,5,2023-09-08,00:22:00,36,True,No referral.,Minor,Night,Friday
7408,897-41-8734,Male,African American,22,2024-09-10,14:16:00,37,True,No referral.,Young Adult,Day,Tuesday
7409,655-60-4323,Male,African American,25,2023-07-29,20:15:00,47,True,No referral.,Young Adult,Evening,Saturday
7410,497-70-2885,Male,African American,31,2023-01-07,21:57:00,47,True,No referral.,Young Adult,Evening,Saturday
7411,218-42-3462,Male,African American,75,2024-12-05,10:23:00,58,True,No referral.,Senior,Day,Thursday
7412,896-97-4839,Male,African American,54,2024-02-18,14:27:00,59,True,No referral.,Middle-aged,Day,Sunday
7413,440-92-8284,Male,African American,36,2024-06-23,20:37:00,32,True,No referral.,Adult,Evening,Sunday
7414,859-16-8010,Male,African American,9,2024-08-18,13:26:00,34,True,No referral.,Minor,Day,Sunday
7415,333-90-6329,Male,African American,11,2023-07-18,04:23:00,38,True,No referral.,Minor,Night,Tuesday
7416,345-14-4829,Male,African American,41,2024-12-09,00:50:00,41,True,No referral.,Adult,Night,Monday
7417,884-44-0502,Male,African American,38,2023-09-05,02:43:00,44,True,No referral.,Adult,Night,Tuesday
7418,755-09-2612,Male,African American,39,2023-08-09,20:44:00,48,True,No referral.,Adult,Evening,Wednesday
7419,343-83-6300,Male,African American,22,2024-07-15,12:59:00,55,True,No referral.,Young Adult,Day,Monday
7420,844-47-4709,Male,African American,52,2023-08-22,02:57:00,55,True,No referral.,Middle-aged,Night,Tuesday
7421,891-29-4509,Male,African American,54,2024-02-28,07:57:00,57,True,No referral.,Middle-aged,Day,Wednesday
7422,229-66-1679,Male,African American,36,2024-10-28,17:06:00,59,True,No referral.,Adult,Evening,Monday
7423,349-28-9540,Male,African American,67,2024-08-05,02:46:00,43,True,No referral.,Senior,Night,Monday
7424,403-55-3894,Male,African American,20,2023-12-09,15:05:00,27,True,No referral.,Young Adult,Evening,Saturday
7425,623-08-5116,Male,African American,78,2024-07-22,04:17:00,49,True,No referral.,Senior,Night,Monday
7426,331-16-0196,Male,African American,35,2023-09-11,23:22:00,43,True,No referral.,Adult,Night,Monday
7427,403-57-0555,Male,African American,79,2023-11-19,18:36:00,35,True,No referral.,Senior,Evening,Sunday
7428,801-86-2310,Male,African American,18,2023-12-10,19:35:00,18,True,No referral.,Minor,Evening,Sunday
7429,543-66-8030,Male,African American,8,2024-01-13,02:24:00,57,True,No referral.,Minor,Night,Saturday
7430,760-17-2412,Male,African American,60,2023-06-28,11:11:00,49,True,No referral.,Older Adult,Day,Wednesday
7431,732-60-5902,Male,African American,2,2023-11-15,22:05:00,45,True,No referral.,Minor,Evening,Wednesday
7432,884-03-2208,Male,African American,31,2024-07-13,15:43:00,38,True,No referral.,Young Adult,Evening,Saturday
7433,762-44-7104,Male,African American,65,2023-08-19,22:46:00,28,True,No referral.,Senior,Evening,Saturday
7434,795-38-1074,Male,African American,6,2024-05-22,18:08:00,22,True,No referral.,Minor,Evening,Wednesday
7435,415-37-9603,Male,African American,17,2024-09-19,23:21:00,31,True,No referral.,Minor,Night,Thursday
7436,458-71-9013,Male,African American,6,2023-07-07,11:09:00,50,True,No referral.,Minor,Day,Friday
7437,876-22-1135,Male,African American,30,2024-06-28,19:35:00,22,True,No referral.,Young Adult,Evening,Friday
7438,581-94-1985,Male,African American,2,2023-01-07,07:15:00,39,True,No referral.,Minor,Day,Saturday
7439,499-14-9763,Male,African American,30,2023-07-26,23:55:00,53,True,No referral.,Young Adult,Night,Wednesday
7440,878-72-7643,Male,African American,26,2024-10-25,11:05:00,47,True,No referral.,Young Adult,Day,Friday
7441,459-41-0106,Male,African American,52,2024-01-24,11:30:00,46,True,No referral.,Middle-aged,Day,Wednesday
7442,351-90-0773,Male,African American,65,2023-09-25,14:51:00,59,True,No referral.,Senior,Day,Monday
7443,201-30-6345,Male,African American,71,2024-01-27,00:56:00,11,True,No referral.,Senior,Night,Saturday
7444,345-80-7659,Male,African American,34,2024-06-14,03:43:00,59,True,No referral.,Young Adult,Night,Friday
7445,482-97-1193,Male,African American,39,2024-10-13,16:19:00,20,True,No referral.,Adult,Evening,Sunday
7446,430-57-7863,Male,African American,3,2023-08-10,21:45:00,25,True,No referral.,Minor,Evening,Thursday
7447,715-87-8033,Male,African American,67,2023-12-22,00:13:00,15,True,No referral.,Senior,Night,Friday
7448,680-95-1949,Male,African American,67,2024-05-15,22:51:00,19,True,No referral.,Senior,Evening,Wednesday
7449,827-40-8129,Male,African American,11,2024-03-01,05:25:00,40,True,No referral.,Minor,Night,Friday
7450,809-80-6025,Male,African American,57,2024-11-06,17:23:00,20,True,No referral.,Older Adult,Evening,Wednesday
7451,241-10-0868,Male,African American,47,2024-09-24,22:16:00,25,True,No referral.,Middle-aged,Evening,Tuesday
7452,805-59-9555,Male,African American,61,2023-04-20,01:50:00,40,True,No referral.,Older Adult,Night,Thursday
7453,265-96-0268,Male,African American,10,2023-05-27,08:01:00,57,True,No referral.,Minor,Day,Saturday
7454,598-65-6510,Male,African American,66,2024-01-22,00:02:00,58,True,No referral.,Senior,Night,Monday
7455,177-58-4644,Male,African American,14,2024-05-28,06:26:00,52,True,No referral.,Minor,Night,Tuesday
7456,398-91-6399,Male,African American,27,2023-12-12,22:45:00,14,True,No referral.,Young Adult,Evening,Tuesday
7457,771-52-0904,Male,African American,59,2023-04-22,12:52:00,28,True,No referral.,Older Adult,Day,Saturday
7458,229-39-4308,Male,African American,27,2023-01-05,18:29:00,16,True,No referral.,Young Adult,Evening,Thursday
7459,161-57-2312,Male,African American,53,2023-10-16,23:59:00,54,True,No referral.,Middle-aged,Night,Monday
7460,324-04-2087,Male,African American,20,2023-10-21,13:00:00,51,True,No referral.,Young Adult,Day,Saturday
7461,336-20-9942,Male,African American,52,2023-10-13,05:45:00,34,True,No referral.,Middle-aged,Night,Friday
7462,258-22-8476,Male,African American,34,2023-09-15,08:00:00,60,True,No referral.,Young Adult,Day,Friday
7463,886-73-9148,Male,African American,45,2023-06-14,22:54:00,55,True,No referral.,Middle-aged,Evening,Wednesday
7464,738-36-0484,Male,African American,69,2023-10-05,19:41:00,36,True,No referral.,Senior,Evening,Thursday
7465,796-21-1372,Male,African American,31,2024-05-06,06:12:00,58,True,No referral.,Young Adult,Night,Monday
7466,115-43-2057,Male,African American,11,2023-06-12,07:19:00,13,True,No referral.,Minor,Day,Monday
7467,467-58-5027,Male,African American,41,2024-03-30,19:38:00,27,True,No referral.,Adult,Evening,Saturday
7468,618-09-7943,Male,African American,24,2024-04-14,13:14:00,52,True,No referral.,Young Adult,Day,Sunday
7469,537-38-4602,Male,African American,52,2023-06-25,15:34:00,45,True,No referral.,Middle-aged,Evening,Sunday
7470,103-34-9671,Male,African American,38,2023-09-24,06:34:00,54,True,No referral.,Adult,Night,Sunday
7471,689-22-4635,Male,African American,53,2023-01-04,14:08:00,46,True,No referral.,Middle-aged,Day,Wednesday
7472,701-45-9889,Male,African American,58,2024-07-18,13:49:00,56,True,No referral.,Older Adult,Day,Thursday
7473,618-22-6988,Male,African American,9,2024-03-28,15:38:00,19,True,No referral.,Minor,Evening,Thursday
7474,198-65-1159,Male,African American,24,2024-05-10,10:32:00,10,True,No referral.,Young Adult,Day,Friday
7475,726-53-8108,Male,African American,17,2023-10-23,18:25:00,35,True,No referral.,Minor,Evening,Monday
7476,693-34-5229,Male,African American,55,2023-07-29,21:37:00,60,True,No referral.,Older Adult,Evening,Saturday
7477,143-37-8471,Male,African American,14,2024-03-18,10:42:00,53,True,No referral.,Minor,Day,Monday
7478,684-01-5172,Male,African American,44,2024-09-29,20:20:00,60,True,No referral.,Adult,Evening,Sunday
7479,846-04-4934,Male,African American,47,2023-11-29,23:02:00,34,True,No referral.,Middle-aged,Night,Wednesday
7480,173-47-4754,Male,African American,69,2024-05-23,11:02:00,47,True,No referral.,Senior,Day,Thursday
7481,300-26-1229,Male,African American,9,2023-06-09,16:03:00,40,True,No referral.,Minor,Evening,Friday
7482,574-24-6102,Male,African American,50,2024-03-24,15:37:00,36,True,No referral.,Middle-aged,Evening,Sunday
7483,875-64-9335,Male,African American,71,2024-06-30,17:07:00,45,True,No referral.,Senior,Evening,Sunday
7484,687-65-8903,Male,African American,51,2024-01-01,21:13:00,60,True,No referral.,Middle-aged,Evening,Monday
7485,292-80-0066,Male,African American,56,2023-07-23,03:37:00,30,True,No referral.,Older Adult,Night,Sunday
7486,214-51-6611,Male,African American,55,2024-09-23,21:45:00,12,True,Orthopedics,Older Adult,Evening,Monday
7487,885-02-5489,Male,African American,74,2024-03-19,06:38:00,28,True,Orthopedics,Senior,Night,Tuesday
7488,696-40-8856,Male,African American,27,2024-09-17,11:51:00,27,True,Orthopedics,Young Adult,Day,Tuesday
7489,530-45-3867,Male,African American,4,2023-01-09,03:50:00,28,True,Orthopedics,Minor,Night,Monday
7490,619-11-5945,Male,African American,76,2023-07-05,04:40:00,18,True,Orthopedics,Senior,Night,Wednesday
7491,538-55-2068,Male,African American,47,2023-12-25,08:50:00,21,True,Orthopedics,Middle-aged,Day,Monday
7492,576-52-5777,Male,African American,41,2024-12-09,00:53:00,28,True,Orthopedics,Adult,Night,Monday
7493,564-01-7734,Male,African American,52,2024-08-19,22:53:00,22,True,Orthopedics,Middle-aged,Evening,Monday
7494,647-15-4786,Male,African American,57,2023-08-20,00:06:00,28,True,Orthopedics,Older Adult,Night,Sunday
7495,829-83-5259,Male,African American,25,2023-11-08,14:00:00,59,True,Orthopedics,Young Adult,Day,Wednesday
7496,833-39-1167,Male,African American,9,2024-02-21,18:26:00,59,True,Orthopedics,Minor,Evening,Wednesday
7497,731-24-5816,Male,African American,19,2024-07-19,13:58:00,34,True,Orthopedics,Minor,Day,Friday
7498,231-60-4242,Male,African American,53,2024-05-02,18:51:00,37,True,Orthopedics,Middle-aged,Evening,Thursday
7499,528-07-9501,Male,African American,11,2023-10-26,18:07:00,15,True,Orthopedics,Minor,Evening,Thursday
7500,736-55-3263,Male,African American,7,2024-08-03,11:40:00,37,True,Orthopedics,Minor,Day,Saturday
7501,791-85-2268,Male,African American,15,2024-07-09,20:49:00,18,True,Orthopedics,Minor,Evening,Tuesday
7502,770-14-1224,Male,African American,63,2024-10-04,23:30:00,29,True,Orthopedics,Older Adult,Night,Friday
7503,201-56-8126,Male,African American,60,2024-03-19,10:15:00,39,True,Orthopedics,Older Adult,Day,Tuesday
7504,382-83-8347,Male,African American,58,2024-10-27,17:08:00,14,True,Orthopedics,Older Adult,Evening,Sunday
7505,854-88-8632,Male,African American,59,2024-07-13,02:40:00,36,True,Orthopedics,Older Adult,Night,Saturday
7506,547-76-7829,Male,African American,77,2024-07-25,14:28:00,25,True,Orthopedics,Senior,Day,Thursday
7507,657-40-4330,Male,African American,46,2024-05-16,13:43:00,50,True,Orthopedics,Middle-aged,Day,Thursday
7508,400-24-8755,Male,African American,31,2024-05-26,23:50:00,52,True,Orthopedics,Young Adult,Night,Sunday
7509,490-05-6824,Male,African American,68,2024-08-14,19:05:00,28,True,Orthopedics,Senior,Evening,Wednesday
7510,463-91-4655,Male,African American,70,2024-10-26,16:02:00,16,True,Orthopedics,Senior,Evening,Saturday
7511,745-93-0856,Male,African American,77,2023-03-04,10:14:00,37,True,Orthopedics,Senior,Day,Saturday
7512,121-14-1268,Male,African American,2,2023-07-29,06:07:00,43,True,Orthopedics,Minor,Night,Saturday
7513,147-94-6823,Male,African American,50,2023-06-22,02:57:00,51,True,Orthopedics,Middle-aged,Night,Thursday
7514,168-97-3030,Male,African American,46,2024-05-20,05:49:00,57,True,Orthopedics,Middle-aged,Night,Monday
7515,409-55-2108,Male,African American,6,2024-02-01,14:06:00,19,True,Orthopedics,Minor,Day,Thursday
7516,828-19-1085,Male,African American,32,2024-09-01,09:31:00,26,True,Orthopedics,Young Adult,Day,Sunday
7517,570-63-3288,Male,African American,12,2023-10-09,12:10:00,52,True,Orthopedics,Minor,Day,Monday
7518,750-16-4831,Male,African American,11,2023-08-26,00:14:00,29,True,Orthopedics,Minor,Night,Saturday
7519,869-18-4601,Male,African American,57,2023-08-06,15:52:00,36,True,Orthopedics,Older Adult,Evening,Sunday
7520,703-16-0191,Male,African American,66,2023-08-04,13:10:00,11,True,Orthopedics,Senior,Day,Friday
7521,759-38-2731,Male,African American,21,2024-07-06,03:15:00,26,True,Orthopedics,Young Adult,Night,Saturday
7522,558-19-1783,Male,African American,28,2024-10-28,02:40:00,27,True,Orthopedics,Young Adult,Night,Monday
7523,662-78-5868,Male,African American,15,2024-01-18,17:55:00,43,True,Orthopedics,Minor,Evening,Thursday
7524,755-96-0530,Male,African American,9,2024-04-05,05:37:00,60,True,Orthopedics,Minor,Night,Friday
7525,670-80-2997,Male,African American,11,2024-04-03,16:58:00,39,True,Orthopedics,Minor,Evening,Wednesday
7526,241-64-7642,Male,African American,40,2024-05-06,17:54:00,40,True,Orthopedics,Adult,Evening,Monday
7527,386-33-3422,Male,African American,8,2024-04-30,12:40:00,51,True,Orthopedics,Minor,Day,Tuesday
7528,852-35-5271,Male,African American,36,2023-05-08,12:00:00,34,True,Orthopedics,Adult,Day,Monday
7529,829-92-4746,Male,African American,47,2024-10-15,13:34:00,53,True,Orthopedics,Middle-aged,Day,Tuesday
7530,100-66-0896,Male,African American,2,2024-03-26,12:14:00,23,True,Orthopedics,Minor,Day,Tuesday
7531,536-53-9660,Male,African American,26,2023-10-10,12:47:00,57,True,Orthopedics,Young Adult,Day,Tuesday
7532,392-87-5203,Male,African American,10,2023-04-25,00:44:00,52,True,Orthopedics,Minor,Night,Tuesday
7533,152-82-3590,Male,African American,44,2023-09-24,12:52:00,14,True,Orthopedics,Adult,Day,Sunday
7534,111-90-3138,Male,African American,1,2023-10-17,21:29:00,10,True,Orthopedics,Minor,Evening,Tuesday
7535,147-29-7641,Male,African American,35,2023-06-29,19:19:00,29,True,Orthopedics,Adult,Evening,Thursday
7536,500-08-6428,Male,African American,4,2024-04-08,06:22:00,27,True,Physiotherapy,Minor,Night,Monday
7537,418-90-7502,Male,African American,2,2023-10-27,08:33:00,34,True,Physiotherapy,Minor,Day,Friday
7538,817-17-4283,Male,African American,69,2023-08-09,07:55:00,27,True,Physiotherapy,Senior,Day,Wednesday
7539,258-30-8092,Male,African American,52,2023-05-08,23:27:00,14,True,Physiotherapy,Middle-aged,Night,Monday
7540,114-58-3401,Male,African American,65,2023-06-11,17:34:00,28,True,Physiotherapy,Senior,Evening,Sunday
7541,848-87-0288,Male,African American,72,2024-08-05,22:33:00,36,True,Physiotherapy,Senior,Evening,Monday
7542,784-87-8463,Male,African American,4,2023-01-06,21:20:00,32,True,Physiotherapy,Minor,Evening,Friday
7543,484-60-8449,Male,African American,61,2023-11-25,01:55:00,25,True,Physiotherapy,Older Adult,Night,Saturday
7544,417-52-5675,Male,African American,26,2023-05-05,21:40:00,48,True,Physiotherapy,Young Adult,Evening,Friday
7545,103-36-3561,Male,African American,17,2024-05-18,11:58:00,49,True,Physiotherapy,Minor,Day,Saturday
7546,126-78-2755,Male,African American,8,2024-02-26,07:40:00,47,True,Physiotherapy,Minor,Day,Monday
7547,337-67-0209,Male,African American,58,2023-01-11,20:08:00,35,True,Physiotherapy,Older Adult,Evening,Wednesday
7548,356-76-1028,Male,African American,12,2024-05-02,07:12:00,45,True,Physiotherapy,Minor,Day,Thursday
7549,582-37-9549,Male,African American,76,2024-04-09,10:28:00,42,True,Physiotherapy,Senior,Day,Tuesday
7550,246-58-5618,Male,African American,49,2024-02-09,00:58:00,15,True,Physiotherapy,Middle-aged,Night,Friday
7551,268-53-8144,Male,African American,12,2024-08-25,22:28:00,14,True,Physiotherapy,Minor,Evening,Sunday
7552,218-05-9604,Male,African American,25,2023-12-12,02:57:00,48,True,Physiotherapy,Young Adult,Night,Tuesday
7553,880-01-0115,Male,African American,43,2024-04-01,00:13:00,32,True,Physiotherapy,Adult,Night,Monday
7554,811-21-5328,Male,African American,29,2023-02-08,00:15:00,45,True,Renal,Young Adult,Night,Wednesday
7555,556-02-6133,Male,African American,33,2023-05-09,07:13:00,21,True,Renal,Young Adult,Day,Tuesday
7556,425-62-5765,Male,African American,1,2023-11-25,02:07:00,30,True,Renal,Minor,Night,Saturday
7557,373-60-4214,Male,African American,65,2023-05-17,04:15:00,41,True,Renal,Senior,Night,Wednesday
7558,564-01-2732,Male,African American,23,2024-08-28,12:39:00,12,True,Renal,Young Adult,Day,Wednesday
7559,468-16-2640,Male,African American,15,2023-07-27,06:18:00,26,True,Renal,Minor,Night,Thursday
7560,219-73-9939,Male,Asian,3,2023-12-28,05:06:00,12,True,Cardiology,Minor,Night,Thursday
7561,713-45-5068,Male,Asian,59,2023-08-29,16:02:00,41,True,Cardiology,Older Adult,Evening,Tuesday
7562,223-33-6036,Male,Asian,30,2024-07-10,21:48:00,27,True,Cardiology,Young Adult,Evening,Wednesday
7563,744-05-3065,Male,Asian,18,2023-05-10,06:56:00,11,True,Cardiology,Minor,Night,Wednesday
7564,518-65-2607,Male,Asian,44,2024-02-23,10:53:00,58,True,Cardiology,Adult,Day,Friday
7565,290-98-5829,Male,Asian,27,2023-09-22,10:53:00,38,True,Cardiology,Young Adult,Day,Friday
7566,537-34-6004,Male,Asian,36,2024-03-13,02:14:00,54,True,Cardiology,Adult,Night,Wednesday
7567,151-80-2492,Male,Asian,7,2024-04-05,17:22:00,44,True,Cardiology,Minor,Evening,Friday
7568,838-44-7406,Male,Asian,9,2023-12-15,01:10:00,30,True,Cardiology,Minor,Night,Friday
7569,499-41-9545,Male,Asian,54,2024-05-20,11:19:00,42,True,Gastroenterology,Middle-aged,Day,Monday
7570,305-33-2562,Male,Asian,76,2024-05-26,21:30:00,57,True,Gastroenterology,Senior,Evening,Sunday
7571,504-30-1140,Male,Asian,56,2024-03-16,16:30:00,33,True,General Practice,Older Adult,Evening,Saturday
7572,462-49-7342,Male,Asian,56,2023-09-23,04:02:00,26,True,General Practice,Older Adult,Night,Saturday
7573,258-75-3793,Male,Asian,71,2023-04-22,14:11:00,57,True,General Practice,Senior,Day,Saturday
7574,178-31-9644,Male,Asian,25,2023-04-14,08:15:00,59,True,General Practice,Young Adult,Day,Friday
7575,419-56-9936,Male,Asian,2,2024-01-07,02:00:00,27,True,General Practice,Minor,Night,Sunday
7576,113-91-9878,Male,Asian,14,2023-04-12,19:42:00,32,True,General Practice,Minor,Evening,Wednesday
7577,622-88-2180,Male,Asian,62,2023-04-17,07:54:00,33,True,General Practice,Older Adult,Day,Monday
7578,841-99-6429,Male,Asian,27,2024-04-18,01:18:00,10,True,General Practice,Young Adult,Night,Thursday
7579,884-19-1492,Male,Asian,29,2023-09-07,01:35:00,17,True,General Practice,Young Adult,Night,Thursday
7580,762-40-4019,Male,Asian,15,2023-11-12,09:37:00,22,True,General Practice,Minor,Day,Sunday
7581,809-21-4546,Male,Asian,6,2023-10-25,16:29:00,17,True,General Practice,Minor,Evening,Wednesday
7582,483-41-1741,Male,Asian,67,2024-10-22,21:41:00,29,True,General Practice,Senior,Evening,Tuesday
7583,524-07-1664,Male,Asian,16,2023-06-14,20:10:00,33,True,General Practice,Minor,Evening,Wednesday
7584,216-12-9662,Male,Asian,46,2023-10-21,11:58:00,54,True,General Practice,Middle-aged,Day,Saturday
7585,365-59-3831,Male,Asian,18,2023-04-26,15:09:00,18,True,General Practice,Minor,Evening,Wednesday
7586,763-58-5190,Male,Asian,71,2024-07-03,06:52:00,12,True,General Practice,Senior,Night,Wednesday
7587,688-49-5453,Male,Asian,17,2023-10-28,19:31:00,20,True,General Practice,Minor,Evening,Saturday
7588,880-66-0659,Male,Asian,60,2023-07-13,14:06:00,26,True,General Practice,Older Adult,Day,Thursday
7589,594-59-4281,Male,Asian,62,2024-06-24,02:13:00,26,True,General Practice,Older Adult,Night,Monday
7590,485-50-9095,Male,Asian,54,2023-09-14,08:39:00,33,True,General Practice,Middle-aged,Day,Thursday
7591,749-90-9165,Male,Asian,59,2024-07-30,02:48:00,45,True,General Practice,Older Adult,Night,Tuesday
7592,491-64-6560,Male,Asian,32,2023-07-24,15:17:00,48,True,General Practice,Young Adult,Evening,Monday
7593,119-06-4805,Male,Asian,75,2024-02-15,08:56:00,10,True,General Practice,Senior,Day,Thursday
7594,832-94-2573,Male,Asian,57,2024-05-06,23:31:00,18,True,General Practice,Older Adult,Night,Monday
7595,575-68-6070,Male,Asian,36,2023-11-08,21:59:00,25,True,General Practice,Adult,Evening,Wednesday
7596,848-82-6894,Male,Asian,9,2023-11-27,13:19:00,26,True,General Practice,Minor,Day,Monday
7597,763-28-8161,Male,Asian,26,2023-12-12,22:14:00,56,True,General Practice,Young Adult,Evening,Tuesday
7598,309-39-3171,Male,Asian,54,2024-08-16,20:37:00,13,True,General Practice,Middle-aged,Evening,Friday
7599,858-25-8911,Male,Asian,50,2023-05-11,14:15:00,19,True,General Practice,Middle-aged,Day,Thursday
7600,127-83-9031,Male,Asian,48,2023-04-20,08:22:00,23,True,General Practice,Middle-aged,Day,Thursday
7601,689-28-3777,Male,Asian,31,2024-08-08,19:32:00,12,True,General Practice,Young Adult,Evening,Thursday
7602,376-71-1232,Male,Asian,19,2024-04-30,14:30:00,18,True,General Practice,Minor,Day,Tuesday
7603,386-98-3262,Male,Asian,74,2023-07-21,00:36:00,42,True,General Practice,Senior,Night,Friday
7604,761-66-7563,Male,Asian,6,2024-01-01,10:03:00,52,True,General Practice,Minor,Day,Monday
7605,576-82-1180,Male,Asian,69,2023-01-04,07:16:00,50,True,General Practice,Senior,Day,Wednesday
7606,451-85-7804,Male,Asian,67,2024-08-27,08:55:00,20,True,General Practice,Senior,Day,Tuesday
7607,364-06-7061,Male,Asian,63,2024-04-04,19:02:00,53,True,General Practice,Older Adult,Evening,Thursday
7608,873-82-4124,Male,Asian,38,2024-02-19,00:37:00,38,True,General Practice,Adult,Night,Monday
7609,191-43-3101,Male,Asian,10,2023-10-09,02:12:00,16,True,General Practice,Minor,Night,Monday
7610,278-89-6924,Male,Asian,29,2024-10-30,00:47:00,18,True,General Practice,Young Adult,Night,Wednesday
7611,868-24-1141,Male,Asian,21,2023-03-09,04:28:00,17,True,General Practice,Young Adult,Night,Thursday
7612,261-25-9152,Male,Asian,30,2023-04-29,00:15:00,46,True,General Practice,Young Adult,Night,Saturday
7613,284-32-1089,Male,Asian,4,2024-02-03,14:59:00,13,True,General Practice,Minor,Day,Saturday
7614,325-89-2126,Male,Asian,1,2024-06-05,06:38:00,21,True,General Practice,Minor,Night,Wednesday
7615,840-59-8475,Male,Asian,61,2023-11-04,03:41:00,50,True,General Practice,Older Adult,Night,Saturday
7616,578-76-6120,Male,Asian,51,2023-05-05,05:32:00,48,True,General Practice,Middle-aged,Night,Friday
7617,357-99-1739,Male,Asian,2,2023-06-19,14:05:00,22,True,General Practice,Minor,Day,Monday
7618,677-85-0125,Male,Asian,29,2023-02-11,00:26:00,18,True,General Practice,Young Adult,Night,Saturday
7619,217-33-8777,Male,Asian,48,2023-08-23,19:32:00,13,True,General Practice,Middle-aged,Evening,Wednesday
7620,265-90-3593,Male,Asian,40,2023-04-16,21:38:00,44,True,General Practice,Adult,Evening,Sunday
7621,274-77-1614,Male,Asian,24,2024-05-24,00:47:00,39,True,Neurology,Young Adult,Night,Friday
7622,259-62-7456,Male,Asian,30,2024-01-22,22:57:00,51,True,Neurology,Young Adult,Evening,Monday
7623,272-26-4065,Male,Asian,3,2023-10-09,21:05:00,13,True,Neurology,Minor,Evening,Monday
7624,442-16-0232,Male,Asian,1,2023-03-09,23:18:00,30,True,Neurology,Minor,Night,Thursday
7625,410-24-9561,Male,Asian,53,2023-11-10,11:43:00,26,True,No referral.,Middle-aged,Day,Friday
7626,403-34-2322,Male,Asian,79,2023-09-30,22:27:00,33,True,No referral.,Senior,Evening,Saturday
7627,139-81-3548,Male,Asian,37,2023-09-10,11:06:00,53,True,No referral.,Adult,Day,Sunday
7628,118-92-0340,Male,Asian,46,2024-07-21,03:23:00,55,True,No referral.,Middle-aged,Night,Sunday
7629,897-16-6821,Male,Asian,47,2024-01-04,21:17:00,55,True,No referral.,Middle-aged,Evening,Thursday
7630,813-71-9872,Male,Asian,69,2023-08-06,12:34:00,57,True,No referral.,Senior,Day,Sunday
7631,788-70-7078,Male,Asian,7,2024-02-08,10:32:00,60,True,No referral.,Minor,Day,Thursday
7632,581-09-2517,Male,Asian,27,2023-05-13,15:26:00,55,True,No referral.,Young Adult,Evening,Saturday
7633,476-12-0189,Male,Asian,31,2024-07-28,01:02:00,28,True,No referral.,Young Adult,Night,Sunday
7634,102-07-2442,Male,Asian,35,2024-07-10,03:08:00,38,True,No referral.,Adult,Night,Wednesday
7635,227-59-0578,Male,Asian,45,2024-12-07,05:07:00,45,True,No referral.,Middle-aged,Night,Saturday
7636,649-31-5134,Male,Asian,7,2024-04-25,08:54:00,46,True,No referral.,Minor,Day,Thursday
7637,677-08-7636,Male,Asian,79,2023-03-04,12:57:00,47,True,No referral.,Senior,Day,Saturday
7638,190-98-0234,Male,Asian,79,2024-10-07,09:45:00,52,True,No referral.,Senior,Day,Monday
7639,499-85-7483,Male,Asian,40,2024-06-21,19:15:00,16,True,No referral.,Adult,Evening,Friday
7640,525-23-4635,Male,Asian,16,2023-08-05,08:07:00,23,True,No referral.,Minor,Day,Saturday
7641,828-62-5604,Male,Asian,78,2024-08-25,02:46:00,29,True,No referral.,Senior,Night,Sunday
7642,730-01-5841,Male,Asian,79,2024-10-26,03:16:00,53,True,No referral.,Senior,Night,Saturday
7643,376-82-5165,Male,Asian,35,2023-07-23,08:15:00,10,True,No referral.,Adult,Day,Sunday
7644,502-59-6868,Male,Asian,55,2024-05-03,00:04:00,17,True,No referral.,Older Adult,Night,Friday
7645,176-38-6737,Male,Asian,36,2024-10-30,19:02:00,27,True,No referral.,Adult,Evening,Wednesday
7646,857-50-8143,Male,Asian,56,2024-08-20,19:49:00,53,True,No referral.,Older Adult,Evening,Tuesday
7647,781-54-2029,Male,Asian,9,2023-05-24,20:59:00,21,True,No referral.,Minor,Evening,Wednesday
7648,770-76-5343,Male,Asian,29,2024-05-25,17:04:00,41,True,No referral.,Young Adult,Evening,Saturday
7649,388-20-5957,Male,Asian,1,2024-05-05,15:45:00,43,True,No referral.,Minor,Evening,Sunday
7650,350-57-1734,Male,Asian,5,2024-12-03,06:58:00,48,True,No referral.,Minor,Night,Tuesday
7651,766-30-6319,Male,Asian,22,2024-03-18,07:59:00,55,True,No referral.,Young Adult,Day,Monday
7652,593-94-5715,Male,Asian,5,2023-09-16,01:31:00,58,True,No referral.,Minor,Night,Saturday
7653,785-08-0658,Male,Asian,19,2023-03-10,05:10:00,58,True,No referral.,Minor,Night,Friday
7654,698-79-0404,Male,Asian,18,2023-04-26,07:26:00,19,True,No referral.,Minor,Day,Wednesday
7655,830-42-7159,Male,Asian,19,2024-07-24,15:28:00,22,True,No referral.,Minor,Evening,Wednesday
7656,264-79-9377,Male,Asian,46,2024-12-08,04:13:00,45,True,No referral.,Middle-aged,Night,Sunday
7657,713-60-5418,Male,Asian,54,2023-11-04,17:02:00,52,True,No referral.,Middle-aged,Evening,Saturday
7658,566-17-1941,Male,Asian,37,2024-01-01,19:37:00,55,True,No referral.,Adult,Evening,Monday
7659,132-54-3477,Male,Asian,23,2023-04-08,02:21:00,59,True,No referral.,Young Adult,Night,Saturday
7660,534-88-9464,Male,Asian,58,2023-10-29,14:00:00,11,True,No referral.,Older Adult,Day,Sunday
7661,224-77-1408,Male,Asian,63,2023-07-13,19:20:00,30,True,No referral.,Older Adult,Evening,Thursday
7662,842-73-0049,Male,Asian,28,2023-06-25,06:58:00,49,True,No referral.,Young Adult,Night,Sunday
7663,518-20-7295,Male,Asian,78,2023-12-09,00:39:00,53,True,No referral.,Senior,Night,Saturday
7664,565-93-5453,Male,Asian,67,2024-02-16,21:38:00,16,True,No referral.,Senior,Evening,Friday
7665,854-77-8954,Male,Asian,28,2024-08-25,02:22:00,19,True,No referral.,Young Adult,Night,Sunday
7666,496-88-7386,Male,Asian,53,2024-06-17,12:29:00,30,True,No referral.,Middle-aged,Day,Monday
7667,465-76-9879,Male,Asian,17,2023-09-11,02:13:00,56,True,No referral.,Minor,Night,Monday
7668,510-79-5447,Male,Asian,47,2023-12-28,23:06:00,23,True,No referral.,Middle-aged,Night,Thursday
7669,288-44-9510,Male,Asian,5,2024-03-26,01:40:00,28,True,No referral.,Minor,Night,Tuesday
7670,537-29-4653,Male,Asian,77,2024-08-06,19:32:00,32,True,No referral.,Senior,Evening,Tuesday
7671,760-05-0091,Male,Asian,14,2023-11-21,12:18:00,49,True,No referral.,Minor,Day,Tuesday
7672,759-07-1261,Male,Asian,12,2024-07-05,12:11:00,18,True,No referral.,Minor,Day,Friday
7673,405-04-7699,Male,Asian,24,2024-01-13,17:29:00,51,True,No referral.,Young Adult,Evening,Saturday
7674,570-81-1120,Male,Asian,67,2024-07-08,15:07:00,13,True,No referral.,Senior,Evening,Monday
7675,708-96-4348,Male,Asian,10,2023-08-11,03:06:00,29,True,No referral.,Minor,Night,Friday
7676,160-71-8820,Male,Asian,5,2023-06-06,00:48:00,34,True,No referral.,Minor,Night,Tuesday
7677,479-68-0718,Male,Asian,16,2023-08-17,22:05:00,47,True,No referral.,Minor,Evening,Thursday
7678,468-76-5399,Male,Asian,34,2024-02-21,15:56:00,11,True,No referral.,Young Adult,Evening,Wednesday
7679,220-44-5880,Male,Asian,55,2024-05-13,22:51:00,23,True,No referral.,Older Adult,Evening,Monday
7680,143-71-6543,Male,Asian,64,2023-07-07,18:52:00,29,True,No referral.,Older Adult,Evening,Friday
7681,708-80-7139,Male,Asian,10,2024-06-25,10:31:00,33,True,No referral.,Minor,Day,Tuesday
7682,879-91-8996,Male,Asian,23,2023-05-25,01:50:00,51,True,No referral.,Young Adult,Night,Thursday
7683,820-29-5670,Male,Asian,32,2024-03-07,19:17:00,59,True,No referral.,Young Adult,Evening,Thursday
7684,229-96-5992,Male,Asian,3,2023-09-20,19:45:00,41,True,No referral.,Minor,Evening,Wednesday
7685,404-31-6220,Male,Asian,30,2023-08-13,10:03:00,45,True,No referral.,Young Adult,Day,Sunday
7686,632-60-1284,Male,Asian,39,2024-12-02,08:52:00,47,True,No referral.,Adult,Day,Monday
7687,767-52-1463,Male,Asian,39,2023-07-08,20:16:00,59,True,No referral.,Adult,Evening,Saturday
7688,527-13-4373,Male,Asian,48,2023-12-26,19:48:00,32,True,No referral.,Middle-aged,Evening,Tuesday
7689,812-87-5553,Male,Asian,68,2024-11-04,17:31:00,39,True,No referral.,Senior,Evening,Monday
7690,346-31-8632,Male,Asian,57,2023-08-07,06:33:00,51,True,No referral.,Older Adult,Night,Monday
7691,413-63-6049,Male,Asian,10,2023-02-08,14:00:00,53,True,No referral.,Minor,Day,Wednesday
7692,280-49-5239,Male,Asian,55,2023-10-22,20:19:00,59,True,No referral.,Older Adult,Evening,Sunday
7693,273-26-8525,Male,Asian,53,2024-10-06,18:32:00,19,True,No referral.,Middle-aged,Evening,Sunday
7694,636-90-5035,Male,Asian,13,2023-11-12,20:40:00,34,True,No referral.,Minor,Evening,Sunday
7695,884-49-7363,Male,Asian,17,2024-04-23,06:04:00,35,True,No referral.,Minor,Night,Tuesday
7696,607-90-8770,Male,Asian,26,2024-10-01,13:27:00,42,True,No referral.,Young Adult,Day,Tuesday
7697,800-09-1545,Male,Asian,68,2023-02-06,08:16:00,46,True,No referral.,Senior,Day,Monday
7698,208-28-7749,Male,Asian,59,2024-01-04,17:51:00,20,True,No referral.,Older Adult,Evening,Thursday
7699,888-65-6333,Male,Asian,12,2024-01-08,14:01:00,28,True,No referral.,Minor,Day,Monday
7700,812-41-7789,Male,Asian,13,2024-03-30,08:43:00,31,True,No referral.,Minor,Day,Saturday
7701,368-74-4482,Male,Asian,4,2023-06-15,12:56:00,33,True,No referral.,Minor,Day,Thursday
7702,424-87-5977,Male,Asian,55,2024-03-05,12:39:00,36,True,No referral.,Older Adult,Day,Tuesday
7703,491-05-3734,Male,Asian,69,2023-12-10,06:38:00,59,True,No referral.,Senior,Night,Sunday
7704,896-58-5072,Male,Asian,73,2023-01-06,17:33:00,18,True,No referral.,Senior,Evening,Friday
7705,463-67-3398,Male,Asian,54,2024-06-23,23:51:00,19,True,No referral.,Middle-aged,Night,Sunday
7706,853-22-5919,Male,Asian,7,2023-12-31,23:05:00,31,True,No referral.,Minor,Night,Sunday
7707,575-15-0423,Male,Asian,21,2024-02-03,12:46:00,48,True,No referral.,Young Adult,Day,Saturday
7708,283-01-3923,Male,Asian,9,2023-07-28,07:08:00,60,True,No referral.,Minor,Day,Friday
7709,167-80-2652,Male,Asian,63,2023-01-08,15:13:00,47,True,No referral.,Older Adult,Evening,Sunday
7710,163-07-6166,Male,Asian,42,2024-07-18,14:27:00,59,True,No referral.,Adult,Day,Thursday
7711,529-27-8936,Male,Asian,20,2024-02-24,07:39:00,43,True,No referral.,Young Adult,Day,Saturday
7712,696-53-4698,Male,Asian,4,2024-03-19,19:10:00,49,True,No referral.,Minor,Evening,Tuesday
7713,209-94-4931,Male,Asian,37,2023-10-06,13:58:00,35,True,No referral.,Adult,Day,Friday
7714,531-03-0405,Male,Asian,38,2023-06-15,03:43:00,10,True,No referral.,Adult,Night,Thursday
7715,263-40-1845,Male,Asian,50,2024-08-09,16:29:00,21,True,No referral.,Middle-aged,Evening,Friday
7716,738-41-4181,Male,Asian,54,2023-07-13,07:51:00,21,True,No referral.,Middle-aged,Day,Thursday
7717,797-09-1351,Male,Asian,17,2023-11-30,00:49:00,45,True,No referral.,Minor,Night,Thursday
7718,850-63-4711,Male,Asian,63,2023-12-22,06:55:00,58,True,No referral.,Older Adult,Night,Friday
7719,518-07-6654,Male,Asian,77,2023-08-28,11:12:00,60,True,No referral.,Senior,Day,Monday
7720,807-31-0304,Male,Asian,13,2023-10-16,01:19:00,13,True,No referral.,Minor,Night,Monday
7721,304-13-0114,Male,Asian,10,2024-04-19,16:38:00,22,True,No referral.,Minor,Evening,Friday
7722,815-50-7710,Male,Asian,46,2023-08-11,05:53:00,54,True,No referral.,Middle-aged,Night,Friday
7723,477-25-6214,Male,Asian,50,2024-04-07,01:30:00,52,True,No referral.,Middle-aged,Night,Sunday
7724,388-23-0487,Male,Asian,61,2024-06-10,15:05:00,15,True,No referral.,Older Adult,Evening,Monday
7725,645-29-9188,Male,Asian,48,2024-07-04,04:35:00,25,True,No referral.,Middle-aged,Night,Thursday
7726,116-09-9875,Male,Asian,64,2023-10-09,14:58:00,30,True,No referral.,Older Adult,Day,Monday
7727,385-04-3640,Male,Asian,63,2024-04-13,14:24:00,60,True,No referral.,Older Adult,Day,Saturday
7728,797-10-9836,Male,Asian,42,2023-05-11,13:14:00,14,True,No referral.,Adult,Day,Thursday
7729,579-55-3515,Male,Asian,62,2023-12-17,21:26:00,27,True,No referral.,Older Adult,Evening,Sunday
7730,208-18-7645,Male,Asian,47,2023-09-16,14:40:00,33,True,No referral.,Middle-aged,Day,Saturday
7731,662-81-1902,Male,Asian,33,2023-10-26,20:18:00,34,True,No referral.,Young Adult,Evening,Thursday
7732,595-74-4278,Male,Asian,67,2024-10-28,09:08:00,19,True,No referral.,Senior,Day,Monday
7733,759-61-0298,Male,Asian,22,2024-05-15,20:42:00,28,True,No referral.,Young Adult,Evening,Wednesday
7734,834-60-1903,Male,Asian,68,2024-02-28,04:15:00,45,True,No referral.,Senior,Night,Wednesday
7735,793-46-7396,Male,Asian,64,2024-02-03,20:53:00,22,True,No referral.,Older Adult,Evening,Saturday
7736,273-04-2588,Male,Asian,14,2024-02-04,13:46:00,47,True,No referral.,Minor,Day,Sunday
7737,483-02-3338,Male,Asian,28,2023-09-27,20:44:00,50,True,No referral.,Young Adult,Evening,Wednesday
7738,294-14-2716,Male,Asian,26,2023-09-23,09:18:00,30,True,No referral.,Young Adult,Day,Saturday
7739,606-08-9022,Male,Asian,51,2023-10-04,06:13:00,35,True,No referral.,Middle-aged,Night,Wednesday
7740,474-68-7516,Male,Asian,66,2024-10-05,11:22:00,43,True,No referral.,Senior,Day,Saturday
7741,650-10-8629,Male,Asian,54,2023-04-19,02:19:00,11,True,No referral.,Middle-aged,Night,Wednesday
7742,725-62-6165,Male,Asian,77,2024-07-26,20:45:00,23,True,No referral.,Senior,Evening,Friday
7743,693-69-3206,Male,Asian,39,2023-03-05,14:08:00,40,True,No referral.,Adult,Day,Sunday
7744,563-73-7538,Male,Asian,77,2023-10-14,12:03:00,56,True,No referral.,Senior,Day,Saturday
7745,622-41-7512,Male,Asian,23,2023-11-23,11:22:00,54,True,No referral.,Young Adult,Day,Thursday
7746,229-50-1494,Male,Asian,47,2023-05-21,16:54:00,35,True,No referral.,Middle-aged,Evening,Sunday
7747,109-59-5859,Male,Asian,26,2023-04-29,19:09:00,57,True,No referral.,Young Adult,Evening,Saturday
7748,580-28-6655,Male,Asian,60,2024-04-23,04:01:00,55,True,No referral.,Older Adult,Night,Tuesday
7749,409-75-3660,Male,Asian,73,2024-01-30,20:04:00,26,True,No referral.,Senior,Evening,Tuesday
7750,498-93-2576,Male,Asian,74,2023-08-12,12:38:00,22,True,No referral.,Senior,Day,Saturday
7751,256-40-0553,Male,Asian,23,2024-01-05,17:55:00,59,True,No referral.,Young Adult,Evening,Friday
7752,700-49-7461,Male,Asian,61,2024-10-14,11:51:00,27,True,No referral.,Older Adult,Day,Monday
7753,883-52-8117,Male,Asian,2,2023-04-30,21:38:00,44,True,No referral.,Minor,Evening,Sunday
7754,828-97-8389,Male,Asian,18,2024-10-25,05:43:00,47,True,No referral.,Minor,Night,Friday
7755,268-03-2892,Male,Asian,68,2024-03-16,20:16:00,58,True,No referral.,Senior,Evening,Saturday
7756,550-98-8214,Male,Asian,66,2023-11-17,20:18:00,52,True,No referral.,Senior,Evening,Friday
7757,452-21-6657,Male,Asian,42,2023-01-12,14:54:00,33,True,No referral.,Adult,Day,Thursday
7758,722-04-7671,Male,Asian,46,2023-10-07,03:53:00,17,True,No referral.,Middle-aged,Night,Saturday
7759,875-56-5328,Male,Asian,39,2023-04-09,18:23:00,17,True,No referral.,Adult,Evening,Sunday
7760,115-60-2041,Male,Asian,60,2024-05-21,11:07:00,51,True,No referral.,Older Adult,Day,Tuesday
7761,559-16-3603,Male,Asian,12,2023-11-11,07:21:00,34,True,No referral.,Minor,Day,Saturday
7762,182-51-4982,Male,Asian,52,2023-12-29,05:04:00,10,True,No referral.,Middle-aged,Night,Friday
7763,174-02-8280,Male,Asian,38,2024-10-10,11:58:00,31,True,No referral.,Adult,Day,Thursday
7764,891-68-9213,Male,Asian,60,2024-10-17,09:37:00,27,True,No referral.,Older Adult,Day,Thursday
7765,148-35-5241,Male,Asian,53,2024-09-06,18:06:00,54,True,No referral.,Middle-aged,Evening,Friday
7766,232-20-0713,Male,Asian,37,2023-04-24,09:32:00,58,True,No referral.,Adult,Day,Monday
7767,620-19-3129,Male,Asian,70,2024-02-19,10:03:00,55,True,Orthopedics,Senior,Day,Monday
7768,419-61-3209,Male,Asian,55,2024-03-03,07:57:00,33,True,Orthopedics,Older Adult,Day,Sunday
7769,334-81-1151,Male,Asian,63,2024-05-21,09:49:00,51,True,Orthopedics,Older Adult,Day,Tuesday
7770,743-05-9830,Male,Asian,12,2023-07-22,14:37:00,47,True,Orthopedics,Minor,Day,Saturday
7771,774-12-1839,Male,Asian,74,2024-07-16,05:20:00,56,True,Orthopedics,Senior,Night,Tuesday
7772,427-87-8857,Male,Asian,40,2024-09-02,12:24:00,33,True,Orthopedics,Adult,Day,Monday
7773,339-36-5145,Male,Asian,24,2023-03-11,02:15:00,36,True,Orthopedics,Young Adult,Night,Saturday
7774,296-03-8130,Male,Asian,12,2024-06-15,18:04:00,52,True,Orthopedics,Minor,Evening,Saturday
7775,560-19-5168,Male,Asian,66,2024-08-24,17:39:00,13,True,Orthopedics,Senior,Evening,Saturday
7776,602-78-5992,Male,Asian,50,2023-05-14,16:20:00,22,True,Orthopedics,Middle-aged,Evening,Sunday
7777,135-55-7285,Male,Asian,34,2024-04-24,13:48:00,57,True,Orthopedics,Young Adult,Day,Wednesday
7778,310-63-8184,Male,Asian,54,2023-09-28,03:09:00,25,True,Orthopedics,Middle-aged,Night,Thursday
7779,169-60-7674,Male,Asian,62,2024-05-30,03:45:00,29,True,Orthopedics,Older Adult,Night,Thursday
7780,490-34-8816,Male,Asian,52,2024-01-18,19:25:00,18,True,Orthopedics,Middle-aged,Evening,Thursday
7781,614-70-3664,Male,Asian,41,2024-04-25,00:02:00,31,True,Orthopedics,Adult,Night,Thursday
7782,402-45-4382,Male,Asian,51,2024-10-06,02:21:00,40,True,Orthopedics,Middle-aged,Night,Sunday
7783,264-24-7455,Male,Asian,27,2024-03-03,02:02:00,50,True,Orthopedics,Young Adult,Night,Sunday
7784,574-27-8945,Male,Asian,3,2023-03-04,10:00:00,22,True,Orthopedics,Minor,Day,Saturday
7785,189-45-0235,Male,Asian,1,2023-11-25,22:44:00,54,True,Orthopedics,Minor,Evening,Saturday
7786,421-15-9145,Male,Asian,77,2024-07-01,10:32:00,28,True,Orthopedics,Senior,Day,Monday
7787,787-59-4271,Male,Asian,23,2024-05-30,15:14:00,35,True,Orthopedics,Young Adult,Evening,Thursday
7788,503-57-6754,Male,Asian,14,2023-11-19,14:56:00,18,True,Orthopedics,Minor,Day,Sunday
7789,871-30-6974,Male,Asian,5,2023-10-11,21:15:00,51,True,Orthopedics,Minor,Evening,Wednesday
7790,802-14-1812,Male,Asian,61,2024-03-08,08:24:00,52,True,Orthopedics,Older Adult,Day,Friday
7791,217-38-8287,Male,Asian,69,2023-06-10,15:28:00,51,True,Orthopedics,Senior,Evening,Saturday
7792,218-08-9169,Male,Asian,61,2024-04-05,17:27:00,19,True,Orthopedics,Older Adult,Evening,Friday
7793,454-88-2937,Male,Asian,65,2024-05-31,22:24:00,59,True,Orthopedics,Senior,Evening,Friday
7794,355-78-2842,Male,Asian,66,2024-01-18,22:04:00,44,True,Orthopedics,Senior,Evening,Thursday
7795,290-17-7158,Male,Asian,30,2023-07-06,10:33:00,49,True,Physiotherapy,Young Adult,Day,Thursday
7796,723-85-9608,Male,Asian,37,2024-03-30,18:30:00,35,True,Physiotherapy,Adult,Evening,Saturday
7797,150-10-7152,Male,Asian,17,2023-03-05,02:18:00,46,True,Physiotherapy,Minor,Night,Sunday
7798,344-99-0228,Male,Asian,17,2023-12-04,00:52:00,44,True,Physiotherapy,Minor,Night,Monday
7799,489-40-7800,Male,Asian,34,2023-12-27,12:47:00,34,True,Renal,Young Adult,Day,Wednesday
7800,262-59-2169,Male,Asian,72,2023-09-21,04:20:00,30,True,Renal,Senior,Night,Thursday
7801,408-83-3720,Male,Asian,38,2024-03-30,21:29:00,40,True,Renal,Adult,Evening,Saturday
7802,154-73-5990,Male,Asian,20,2023-04-06,23:07:00,43,True,Renal,Young Adult,Night,Thursday
7803,873-09-9857,Male,Declined to Identify,56,2023-09-30,09:34:00,26,True,Cardiology,Older Adult,Day,Saturday
7804,656-89-7392,Male,Declined to Identify,31,2023-09-22,11:36:00,35,True,Cardiology,Young Adult,Day,Friday
7805,366-34-5964,Male,Declined to Identify,40,2024-01-25,02:06:00,10,True,Cardiology,Adult,Night,Thursday
7806,124-08-6381,Male,Declined to Identify,67,2024-06-15,01:21:00,29,True,Cardiology,Senior,Night,Saturday
7807,543-61-6058,Male,Declined to Identify,73,2023-06-22,06:07:00,52,True,Gastroenterology,Senior,Night,Thursday
7808,421-54-0505,Male,Declined to Identify,4,2023-09-22,12:45:00,29,True,Gastroenterology,Minor,Day,Friday
7809,668-95-8665,Male,Declined to Identify,78,2024-04-10,14:26:00,29,True,Gastroenterology,Senior,Day,Wednesday
7810,362-55-6622,Male,Declined to Identify,55,2023-01-11,16:06:00,26,True,Gastroenterology,Older Adult,Evening,Wednesday
7811,235-56-6033,Male,Declined to Identify,25,2024-09-30,23:02:00,50,True,Gastroenterology,Young Adult,Night,Monday
7812,696-58-7818,Male,Declined to Identify,73,2024-09-06,12:08:00,22,True,Gastroenterology,Senior,Day,Friday
7813,647-71-3507,Male,Declined to Identify,68,2024-02-20,00:43:00,60,True,Gastroenterology,Senior,Night,Tuesday
7814,874-45-7716,Male,Declined to Identify,65,2024-10-03,09:01:00,36,True,Gastroenterology,Senior,Day,Thursday
7815,699-98-1657,Male,Declined to Identify,41,2023-11-16,15:03:00,39,True,General Practice,Adult,Evening,Thursday
7816,747-04-3847,Male,Declined to Identify,77,2023-02-09,04:17:00,11,True,General Practice,Senior,Night,Thursday
7817,833-55-4951,Male,Declined to Identify,49,2024-05-25,23:35:00,52,True,General Practice,Middle-aged,Night,Saturday
7818,585-22-2532,Male,Declined to Identify,29,2023-12-14,06:03:00,50,True,General Practice,Young Adult,Night,Thursday
7819,537-31-9022,Male,Declined to Identify,63,2024-05-19,09:04:00,32,True,General Practice,Older Adult,Day,Sunday
7820,144-83-2680,Male,Declined to Identify,60,2023-11-12,10:16:00,20,True,General Practice,Older Adult,Day,Sunday
7821,692-55-1347,Male,Declined to Identify,15,2023-10-05,04:02:00,30,True,General Practice,Minor,Night,Thursday
7822,511-02-6241,Male,Declined to Identify,78,2023-12-04,07:36:00,26,True,General Practice,Senior,Day,Monday
7823,430-47-4070,Male,Declined to Identify,31,2023-08-09,10:41:00,14,True,General Practice,Young Adult,Day,Wednesday
7824,187-98-7243,Male,Declined to Identify,38,2024-11-02,21:37:00,35,True,General Practice,Adult,Evening,Saturday
7825,432-54-0526,Male,Declined to Identify,39,2023-08-28,16:08:00,47,True,General Practice,Adult,Evening,Monday
7826,178-38-2955,Male,Declined to Identify,75,2023-04-21,22:28:00,34,True,General Practice,Senior,Evening,Friday
7827,611-81-2120,Male,Declined to Identify,62,2023-10-16,06:30:00,39,True,General Practice,Older Adult,Night,Monday
7828,545-02-1591,Male,Declined to Identify,51,2024-08-31,03:07:00,35,True,General Practice,Middle-aged,Night,Saturday
7829,246-46-3354,Male,Declined to Identify,46,2024-10-17,11:49:00,20,True,General Practice,Middle-aged,Day,Thursday
7830,476-07-2714,Male,Declined to Identify,77,2023-08-27,18:46:00,57,True,General Practice,Senior,Evening,Sunday
7831,267-84-3755,Male,Declined to Identify,8,2023-08-30,09:14:00,39,True,General Practice,Minor,Day,Wednesday
7832,164-26-6306,Male,Declined to Identify,72,2024-01-30,18:23:00,12,True,General Practice,Senior,Evening,Tuesday
7833,333-45-8232,Male,Declined to Identify,9,2024-01-09,01:04:00,42,True,General Practice,Minor,Night,Tuesday
7834,527-85-0144,Male,Declined to Identify,14,2023-06-23,06:19:00,46,True,General Practice,Minor,Night,Friday
7835,471-26-6540,Male,Declined to Identify,15,2023-11-07,08:27:00,60,True,General Practice,Minor,Day,Tuesday
7836,418-61-6957,Male,Declined to Identify,22,2023-09-10,22:22:00,35,True,General Practice,Young Adult,Evening,Sunday
7837,417-29-0350,Male,Declined to Identify,63,2024-07-05,03:06:00,26,True,General Practice,Older Adult,Night,Friday
7838,407-80-1621,Male,Declined to Identify,32,2024-08-18,00:49:00,53,True,General Practice,Young Adult,Night,Sunday
7839,711-54-1117,Male,Declined to Identify,76,2023-02-08,19:03:00,60,True,General Practice,Senior,Evening,Wednesday
7840,161-59-1979,Male,Declined to Identify,34,2023-08-27,10:33:00,43,True,General Practice,Young Adult,Day,Sunday
7841,674-10-3099,Male,Declined to Identify,67,2024-08-21,03:33:00,60,True,General Practice,Senior,Night,Wednesday
7842,251-06-3146,Male,Declined to Identify,44,2023-10-19,04:42:00,19,True,General Practice,Adult,Night,Thursday
7843,813-15-4119,Male,Declined to Identify,20,2024-11-10,21:22:00,19,True,General Practice,Young Adult,Evening,Sunday
7844,784-60-3129,Male,Declined to Identify,52,2024-11-07,06:48:00,16,True,General Practice,Middle-aged,Night,Thursday
7845,665-30-9119,Male,Declined to Identify,69,2024-05-22,15:49:00,53,True,General Practice,Senior,Evening,Wednesday
7846,642-21-0802,Male,Declined to Identify,24,2024-08-14,08:53:00,15,True,General Practice,Young Adult,Day,Wednesday
7847,479-57-6958,Male,Declined to Identify,49,2024-05-28,20:00:00,14,True,General Practice,Middle-aged,Evening,Tuesday
7848,629-92-2831,Male,Declined to Identify,48,2023-04-09,03:50:00,52,True,General Practice,Middle-aged,Night,Sunday
7849,177-89-1312,Male,Declined to Identify,70,2023-09-18,20:07:00,16,True,General Practice,Senior,Evening,Monday
7850,458-03-2386,Male,Declined to Identify,36,2023-08-23,23:47:00,44,True,General Practice,Adult,Night,Wednesday
7851,389-84-7406,Male,Declined to Identify,33,2023-05-21,01:46:00,56,True,Neurology,Young Adult,Night,Sunday
7852,455-30-9819,Male,Declined to Identify,45,2024-11-03,08:00:00,42,True,Neurology,Middle-aged,Day,Sunday
7853,669-11-4236,Male,Declined to Identify,21,2023-12-15,00:38:00,36,True,Neurology,Young Adult,Night,Friday
7854,693-84-3710,Male,Declined to Identify,53,2024-01-31,13:30:00,50,True,Neurology,Middle-aged,Day,Wednesday
7855,141-47-3493,Male,Declined to Identify,9,2024-07-06,00:25:00,54,True,Neurology,Minor,Night,Saturday
7856,511-35-0901,Male,Declined to Identify,63,2023-05-12,16:13:00,57,True,Neurology,Older Adult,Evening,Friday
7857,473-11-0338,Male,Declined to Identify,75,2023-07-10,03:47:00,31,True,Neurology,Senior,Night,Monday
7858,357-47-6302,Male,Declined to Identify,54,2023-11-28,05:56:00,48,True,No referral.,Middle-aged,Night,Tuesday
7859,148-56-7389,Male,Declined to Identify,75,2023-05-15,08:16:00,20,True,No referral.,Senior,Day,Monday
7860,775-99-4535,Male,Declined to Identify,45,2023-07-15,09:59:00,23,True,No referral.,Middle-aged,Day,Saturday
7861,315-96-8028,Male,Declined to Identify,6,2023-12-27,18:07:00,32,True,No referral.,Minor,Evening,Wednesday
7862,481-16-9198,Male,Declined to Identify,74,2024-07-14,20:49:00,41,True,No referral.,Senior,Evening,Sunday
7863,183-10-1974,Male,Declined to Identify,20,2023-04-27,20:44:00,44,True,No referral.,Young Adult,Evening,Thursday
7864,840-94-1929,Male,Declined to Identify,49,2023-08-25,19:26:00,51,True,No referral.,Middle-aged,Evening,Friday
7865,613-68-5042,Male,Declined to Identify,66,2024-11-03,14:37:00,53,True,No referral.,Senior,Day,Sunday
7866,378-37-8203,Male,Declined to Identify,31,2023-07-06,19:17:00,37,True,No referral.,Young Adult,Evening,Thursday
7867,828-43-3401,Male,Declined to Identify,49,2023-07-14,16:43:00,18,True,No referral.,Middle-aged,Evening,Friday
7868,174-96-9817,Male,Declined to Identify,77,2023-10-17,05:09:00,29,True,No referral.,Senior,Night,Tuesday
7869,717-17-6639,Male,Declined to Identify,44,2024-04-29,01:42:00,37,True,No referral.,Adult,Night,Monday
7870,589-50-5696,Male,Declined to Identify,56,2024-05-01,20:18:00,47,True,No referral.,Older Adult,Evening,Wednesday
7871,376-86-6417,Male,Declined to Identify,26,2024-07-08,10:36:00,49,True,No referral.,Young Adult,Day,Monday
7872,434-97-4357,Male,Declined to Identify,59,2024-01-24,21:20:00,14,True,No referral.,Older Adult,Evening,Wednesday
7873,803-79-1507,Male,Declined to Identify,11,2024-04-01,13:51:00,25,True,No referral.,Minor,Day,Monday
7874,485-05-6965,Male,Declined to Identify,62,2023-11-16,11:25:00,14,True,No referral.,Older Adult,Day,Thursday
7875,519-80-6343,Male,Declined to Identify,27,2024-10-13,17:22:00,33,True,No referral.,Young Adult,Evening,Sunday
7876,839-25-4121,Male,Declined to Identify,29,2023-06-27,17:21:00,33,True,No referral.,Young Adult,Evening,Tuesday
7877,727-20-1005,Male,Declined to Identify,44,2024-10-05,21:39:00,34,True,No referral.,Adult,Evening,Saturday
7878,191-20-3872,Male,Declined to Identify,49,2023-05-04,16:31:00,13,True,No referral.,Middle-aged,Evening,Thursday
7879,422-33-7212,Male,Declined to Identify,54,2023-09-16,15:54:00,23,True,No referral.,Middle-aged,Evening,Saturday
7880,242-66-6759,Male,Declined to Identify,15,2024-03-22,16:56:00,24,True,No referral.,Minor,Evening,Friday
7881,459-64-0919,Male,Declined to Identify,49,2024-07-16,19:55:00,24,True,No referral.,Middle-aged,Evening,Tuesday
7882,161-45-2290,Male,Declined to Identify,57,2024-08-28,10:51:00,24,True,No referral.,Older Adult,Day,Wednesday
7883,121-06-3424,Male,Declined to Identify,19,2023-10-12,23:28:00,25,True,No referral.,Minor,Night,Thursday
7884,212-87-1946,Male,Declined to Identify,39,2023-08-25,16:58:00,38,True,No referral.,Adult,Evening,Friday
7885,810-62-4735,Male,Declined to Identify,44,2024-07-23,09:38:00,49,True,No referral.,Adult,Day,Tuesday
7886,709-73-7635,Male,Declined to Identify,54,2024-08-29,07:32:00,50,True,No referral.,Middle-aged,Day,Thursday
7887,452-49-7738,Male,Declined to Identify,67,2024-03-15,17:11:00,51,True,No referral.,Senior,Evening,Friday
7888,232-67-5274,Male,Declined to Identify,58,2024-08-05,15:04:00,54,True,No referral.,Older Adult,Evening,Monday
7889,138-92-0390,Male,Declined to Identify,44,2023-12-15,06:56:00,56,True,No referral.,Adult,Night,Friday
7890,484-09-1969,Male,Declined to Identify,54,2024-01-02,05:30:00,60,True,No referral.,Middle-aged,Night,Tuesday
7891,220-45-5150,Male,Declined to Identify,57,2024-08-18,02:39:00,10,True,No referral.,Older Adult,Night,Sunday
7892,754-27-9761,Male,Declined to Identify,4,2023-05-20,05:51:00,12,True,No referral.,Minor,Night,Saturday
7893,709-11-5958,Male,Declined to Identify,50,2024-02-10,02:46:00,16,True,No referral.,Middle-aged,Night,Saturday
7894,807-21-6712,Male,Declined to Identify,2,2024-09-04,23:45:00,23,True,No referral.,Minor,Night,Wednesday
7895,494-42-5304,Male,Declined to Identify,34,2023-09-20,00:51:00,39,True,No referral.,Young Adult,Night,Wednesday
7896,620-84-7483,Male,Declined to Identify,59,2024-09-06,00:42:00,57,True,No referral.,Older Adult,Night,Friday
7897,528-42-3243,Male,Declined to Identify,72,2023-06-26,01:53:00,17,True,No referral.,Senior,Night,Monday
7898,353-67-7450,Male,Declined to Identify,50,2024-11-09,09:54:00,22,True,No referral.,Middle-aged,Day,Saturday
7899,112-88-9744,Male,Declined to Identify,70,2023-02-04,20:25:00,26,True,No referral.,Senior,Evening,Saturday
7900,535-44-1807,Male,Declined to Identify,37,2023-07-05,05:21:00,44,True,No referral.,Adult,Night,Wednesday
7901,710-38-5899,Male,Declined to Identify,60,2024-08-18,17:38:00,53,True,No referral.,Older Adult,Evening,Sunday
7902,109-14-1904,Male,Declined to Identify,9,2023-12-21,07:42:00,55,True,No referral.,Minor,Day,Thursday
7903,480-01-5395,Male,Declined to Identify,16,2023-12-29,05:14:00,57,True,No referral.,Minor,Night,Friday
7904,130-80-6101,Male,Declined to Identify,51,2024-01-17,16:22:00,58,True,No referral.,Middle-aged,Evening,Wednesday
7905,337-61-9280,Male,Declined to Identify,64,2023-11-08,22:30:00,17,True,No referral.,Older Adult,Evening,Wednesday
7906,515-44-8748,Male,Declined to Identify,13,2023-09-15,19:05:00,19,True,No referral.,Minor,Evening,Friday
7907,693-51-3327,Male,Declined to Identify,2,2024-02-10,03:01:00,29,True,No referral.,Minor,Night,Saturday
7908,274-31-4793,Male,Declined to Identify,18,2023-10-13,16:35:00,40,True,No referral.,Minor,Evening,Friday
7909,455-26-9181,Male,Declined to Identify,62,2024-10-30,19:10:00,49,True,No referral.,Older Adult,Evening,Wednesday
7910,778-94-1723,Male,Declined to Identify,67,2024-06-06,14:18:00,45,True,No referral.,Senior,Day,Thursday
7911,259-14-0334,Male,Declined to Identify,37,2024-05-17,07:45:00,20,True,No referral.,Adult,Day,Friday
7912,491-17-7369,Male,Declined to Identify,58,2024-09-24,07:52:00,35,True,No referral.,Older Adult,Day,Tuesday
7913,133-70-2188,Male,Declined to Identify,61,2023-06-15,04:26:00,44,True,No referral.,Older Adult,Night,Thursday
7914,748-48-5657,Male,Declined to Identify,74,2024-11-02,05:50:00,49,True,No referral.,Senior,Night,Saturday
7915,139-22-0701,Male,Declined to Identify,7,2024-01-25,07:00:00,55,True,No referral.,Minor,Day,Thursday
7916,254-61-0446,Male,Declined to Identify,68,2024-12-06,01:36:00,51,True,No referral.,Senior,Night,Friday
7917,143-22-5332,Male,Declined to Identify,4,2024-04-30,15:27:00,54,True,No referral.,Minor,Evening,Tuesday
7918,746-44-9930,Male,Declined to Identify,48,2023-08-29,22:15:00,11,True,No referral.,Middle-aged,Evening,Tuesday
7919,775-19-3289,Male,Declined to Identify,33,2023-04-14,08:17:00,20,True,No referral.,Young Adult,Day,Friday
7920,164-26-6964,Male,Declined to Identify,64,2024-07-01,10:19:00,31,True,No referral.,Older Adult,Day,Monday
7921,181-14-8158,Male,Declined to Identify,52,2023-06-13,11:38:00,33,True,No referral.,Middle-aged,Day,Tuesday
7922,897-05-5888,Male,Declined to Identify,71,2024-07-06,11:01:00,47,True,No referral.,Senior,Day,Saturday
7923,181-46-3780,Male,Declined to Identify,13,2024-08-15,10:03:00,50,True,No referral.,Minor,Day,Thursday
7924,246-69-5313,Male,Declined to Identify,42,2024-04-06,03:02:00,11,True,No referral.,Adult,Night,Saturday
7925,807-60-0884,Male,Declined to Identify,19,2023-04-30,04:37:00,19,True,No referral.,Minor,Night,Sunday
7926,317-09-5665,Male,Declined to Identify,34,2023-05-10,17:02:00,23,True,No referral.,Young Adult,Evening,Wednesday
7927,153-49-7320,Male,Declined to Identify,46,2023-11-07,01:16:00,33,True,No referral.,Middle-aged,Night,Tuesday
7928,695-13-5601,Male,Declined to Identify,27,2024-06-29,18:58:00,39,True,No referral.,Young Adult,Evening,Saturday
7929,823-59-0840,Male,Declined to Identify,26,2024-01-22,05:47:00,13,True,No referral.,Young Adult,Night,Monday
7930,725-27-0520,Male,Declined to Identify,18,2023-07-23,13:09:00,17,True,No referral.,Minor,Day,Sunday
7931,873-89-4096,Male,Declined to Identify,61,2024-12-01,23:25:00,23,True,No referral.,Older Adult,Night,Sunday
7932,259-38-4930,Male,Declined to Identify,64,2023-09-18,09:48:00,27,True,No referral.,Older Adult,Day,Monday
7933,270-66-5272,Male,Declined to Identify,45,2024-03-29,06:01:00,30,True,No referral.,Middle-aged,Night,Friday
7934,580-01-3557,Male,Declined to Identify,56,2024-05-29,12:52:00,39,True,No referral.,Older Adult,Day,Wednesday
7935,245-30-5810,Male,Declined to Identify,19,2024-05-07,08:43:00,14,True,No referral.,Minor,Day,Tuesday
7936,296-59-2745,Male,Declined to Identify,75,2023-10-25,14:18:00,23,True,No referral.,Senior,Day,Wednesday
7937,706-94-5641,Male,Declined to Identify,28,2023-06-25,07:32:00,37,True,No referral.,Young Adult,Day,Sunday
7938,662-10-0142,Male,Declined to Identify,19,2023-08-13,17:29:00,42,True,No referral.,Minor,Evening,Sunday
7939,589-79-0102,Male,Declined to Identify,2,2023-08-29,19:36:00,14,True,No referral.,Minor,Evening,Tuesday
7940,417-46-2398,Male,Declined to Identify,41,2023-06-25,07:59:00,39,True,No referral.,Adult,Day,Sunday
7941,633-85-2019,Male,Declined to Identify,76,2023-09-14,19:14:00,47,True,No referral.,Senior,Evening,Thursday
7942,855-62-3506,Male,Declined to Identify,7,2024-03-10,12:23:00,13,True,No referral.,Minor,Day,Sunday
7943,881-09-5666,Male,Declined to Identify,39,2024-05-14,23:32:00,20,True,No referral.,Adult,Night,Tuesday
7944,862-22-0410,Male,Declined to Identify,30,2023-11-28,17:01:00,31,True,No referral.,Young Adult,Evening,Tuesday
7945,567-63-2475,Male,Declined to Identify,60,2024-12-03,10:48:00,46,True,No referral.,Older Adult,Day,Tuesday
7946,577-56-7589,Male,Declined to Identify,11,2024-01-06,01:17:00,19,True,No referral.,Minor,Night,Saturday
7947,163-79-8130,Male,Declined to Identify,23,2024-09-10,17:12:00,12,True,No referral.,Young Adult,Evening,Tuesday
7948,713-78-6571,Male,Declined to Identify,33,2023-12-08,01:02:00,27,True,No referral.,Young Adult,Night,Friday
7949,180-09-7890,Male,Declined to Identify,40,2024-01-23,21:24:00,51,True,No referral.,Adult,Evening,Tuesday
7950,154-12-2643,Male,Declined to Identify,32,2024-06-01,00:58:00,57,True,No referral.,Young Adult,Night,Saturday
7951,762-61-4765,Male,Declined to Identify,37,2024-12-03,23:02:00,57,True,No referral.,Adult,Night,Tuesday
7952,365-49-2465,Male,Declined to Identify,35,2023-06-22,01:29:00,14,True,No referral.,Adult,Night,Thursday
7953,449-78-6801,Male,Declined to Identify,59,2024-06-02,11:14:00,16,True,No referral.,Older Adult,Day,Sunday
7954,234-63-9244,Male,Declined to Identify,47,2023-07-21,12:07:00,33,True,No referral.,Middle-aged,Day,Friday
7955,837-64-4784,Male,Declined to Identify,50,2024-06-18,09:00:00,43,True,No referral.,Middle-aged,Day,Tuesday
7956,302-22-0879,Male,Declined to Identify,48,2023-09-06,21:57:00,16,True,No referral.,Middle-aged,Evening,Wednesday
7957,256-60-7133,Male,Declined to Identify,30,2023-12-26,16:38:00,19,True,No referral.,Young Adult,Evening,Tuesday
7958,877-34-2759,Male,Declined to Identify,49,2024-07-22,15:04:00,29,True,No referral.,Middle-aged,Evening,Monday
7959,601-12-5225,Male,Declined to Identify,54,2023-08-15,21:47:00,35,True,No referral.,Middle-aged,Evening,Tuesday
7960,266-96-6521,Male,Declined to Identify,25,2024-03-03,01:57:00,37,True,No referral.,Young Adult,Night,Sunday
7961,775-91-3915,Male,Declined to Identify,41,2023-07-24,14:20:00,37,True,No referral.,Adult,Day,Monday
7962,153-51-8349,Male,Declined to Identify,18,2024-04-05,22:08:00,10,True,No referral.,Minor,Evening,Friday
7963,870-63-4486,Male,Declined to Identify,9,2024-04-04,10:27:00,25,True,No referral.,Minor,Day,Thursday
7964,542-37-8284,Male,Declined to Identify,18,2023-08-21,10:53:00,37,True,No referral.,Minor,Day,Monday
7965,130-89-4024,Male,Declined to Identify,58,2023-12-30,19:01:00,40,True,No referral.,Older Adult,Evening,Saturday
7966,315-54-7384,Male,Declined to Identify,18,2023-07-15,21:34:00,49,True,No referral.,Minor,Evening,Saturday
7967,504-68-7812,Male,Declined to Identify,75,2024-11-06,17:52:00,24,True,No referral.,Senior,Evening,Wednesday
7968,749-39-3053,Male,Declined to Identify,7,2023-04-15,03:22:00,56,True,No referral.,Minor,Night,Saturday
7969,210-75-3667,Male,Declined to Identify,74,2023-07-22,18:43:00,16,True,No referral.,Senior,Evening,Saturday
7970,723-84-3271,Male,Declined to Identify,34,2024-10-22,17:44:00,18,True,No referral.,Young Adult,Evening,Tuesday
7971,721-59-3542,Male,Declined to Identify,67,2024-01-08,05:09:00,24,True,No referral.,Senior,Night,Monday
7972,396-63-9204,Male,Declined to Identify,10,2024-09-22,06:12:00,27,True,No referral.,Minor,Night,Sunday
7973,102-78-5313,Male,Declined to Identify,48,2024-07-17,20:16:00,28,True,No referral.,Middle-aged,Evening,Wednesday
7974,796-20-6865,Male,Declined to Identify,13,2024-09-06,00:43:00,38,True,No referral.,Minor,Night,Friday
7975,684-81-2276,Male,Declined to Identify,37,2023-06-04,09:00:00,50,True,No referral.,Adult,Day,Sunday
7976,754-28-0977,Male,Declined to Identify,39,2023-03-09,14:07:00,29,True,No referral.,Adult,Day,Thursday
7977,368-48-8290,Male,Declined to Identify,4,2024-01-31,14:58:00,12,True,No referral.,Minor,Day,Wednesday
7978,802-23-8057,Male,Declined to Identify,68,2023-03-04,04:53:00,31,True,No referral.,Senior,Night,Saturday
7979,122-91-7361,Male,Declined to Identify,63,2024-07-29,02:26:00,51,True,No referral.,Older Adult,Night,Monday
7980,319-73-3636,Male,Declined to Identify,10,2024-04-27,06:19:00,14,True,No referral.,Minor,Night,Saturday
7981,656-84-3118,Male,Declined to Identify,74,2023-12-26,23:35:00,10,True,No referral.,Senior,Night,Tuesday
7982,314-57-3189,Male,Declined to Identify,41,2024-05-27,03:42:00,46,True,No referral.,Adult,Night,Monday
7983,558-86-1882,Male,Declined to Identify,33,2023-09-27,18:25:00,21,True,No referral.,Young Adult,Evening,Wednesday
7984,448-62-7896,Male,Declined to Identify,77,2024-11-01,12:41:00,44,True,No referral.,Senior,Day,Friday
7985,839-10-4290,Male,Declined to Identify,52,2023-11-06,01:53:00,10,True,No referral.,Middle-aged,Night,Monday
7986,472-41-8672,Male,Declined to Identify,52,2024-11-03,14:28:00,39,True,No referral.,Middle-aged,Day,Sunday
7987,659-69-2555,Male,Declined to Identify,47,2024-12-06,17:37:00,43,True,No referral.,Middle-aged,Evening,Friday
7988,449-61-6847,Male,Declined to Identify,24,2023-04-19,08:21:00,42,True,No referral.,Young Adult,Day,Wednesday
7989,694-31-6186,Male,Declined to Identify,67,2023-10-23,19:03:00,19,True,No referral.,Senior,Evening,Monday
7990,896-83-0117,Male,Declined to Identify,79,2023-11-17,01:52:00,57,True,No referral.,Senior,Night,Friday
7991,478-86-9949,Male,Declined to Identify,37,2023-12-12,21:55:00,36,True,No referral.,Adult,Evening,Tuesday
7992,359-83-8617,Male,Declined to Identify,68,2024-05-29,14:41:00,44,True,No referral.,Senior,Day,Wednesday
7993,711-78-4446,Male,Declined to Identify,54,2024-02-21,23:10:00,48,True,No referral.,Middle-aged,Night,Wednesday
7994,899-45-0451,Male,Declined to Identify,26,2023-06-29,15:13:00,35,True,No referral.,Young Adult,Evening,Thursday
7995,563-85-4444,Male,Declined to Identify,2,2024-05-22,07:09:00,56,True,No referral.,Minor,Day,Wednesday
7996,609-17-4908,Male,Declined to Identify,76,2023-04-25,03:02:00,51,True,No referral.,Senior,Night,Tuesday
7997,717-46-0039,Male,Declined to Identify,64,2024-06-03,09:45:00,53,True,No referral.,Older Adult,Day,Monday
7998,654-75-7180,Male,Declined to Identify,2,2024-01-09,04:37:00,45,True,No referral.,Minor,Night,Tuesday
7999,220-85-4256,Male,Declined to Identify,11,2024-01-07,02:01:00,40,True,No referral.,Minor,Night,Sunday
8000,560-68-4267,Male,Declined to Identify,20,2023-04-15,23:41:00,47,True,No referral.,Young Adult,Night,Saturday
8001,599-75-3210,Male,Declined to Identify,23,2023-11-28,21:25:00,50,True,No referral.,Young Adult,Evening,Tuesday
8002,825-38-2784,Male,Declined to Identify,51,2023-02-09,11:21:00,11,True,No referral.,Middle-aged,Day,Thursday
8003,424-07-7939,Male,Declined to Identify,28,2024-01-13,08:15:00,55,True,No referral.,Young Adult,Day,Saturday
8004,382-18-5399,Male,Declined to Identify,42,2024-11-01,22:22:00,57,True,No referral.,Adult,Evening,Friday
8005,441-73-2531,Male,Declined to Identify,77,2023-06-28,17:05:00,48,True,No referral.,Senior,Evening,Wednesday
8006,732-17-2371,Male,Declined to Identify,57,2023-02-04,19:40:00,33,True,No referral.,Older Adult,Evening,Saturday
8007,168-09-6601,Male,Declined to Identify,4,2024-09-29,17:02:00,28,True,No referral.,Minor,Evening,Sunday
8008,565-67-5654,Male,Declined to Identify,50,2023-07-13,15:41:00,56,True,No referral.,Middle-aged,Evening,Thursday
8009,166-68-1920,Male,Declined to Identify,64,2024-05-14,03:24:00,44,True,No referral.,Older Adult,Night,Tuesday
8010,385-18-4317,Male,Declined to Identify,12,2023-10-19,20:40:00,47,True,No referral.,Minor,Evening,Thursday
8011,169-58-6319,Male,Declined to Identify,3,2023-11-27,03:30:00,46,True,Orthopedics,Minor,Night,Monday
8012,685-40-5409,Male,Declined to Identify,33,2024-03-14,02:46:00,46,True,Orthopedics,Young Adult,Night,Thursday
8013,181-37-8210,Male,Declined to Identify,7,2024-12-09,03:16:00,54,True,Orthopedics,Minor,Night,Monday
8014,142-34-3319,Male,Declined to Identify,14,2024-07-25,10:58:00,25,True,Orthopedics,Minor,Day,Thursday
8015,834-30-4050,Male,Declined to Identify,26,2024-03-17,14:54:00,48,True,Orthopedics,Young Adult,Day,Sunday
8016,676-74-9268,Male,Declined to Identify,64,2024-08-16,16:11:00,51,True,Orthopedics,Older Adult,Evening,Friday
8017,557-44-3971,Male,Declined to Identify,18,2023-04-25,18:20:00,60,True,Orthopedics,Minor,Evening,Tuesday
8018,529-39-2765,Male,Declined to Identify,21,2023-12-19,13:21:00,40,True,Orthopedics,Young Adult,Day,Tuesday
8019,667-42-3519,Male,Declined to Identify,54,2024-12-06,17:56:00,57,True,Orthopedics,Middle-aged,Evening,Friday
8020,840-85-3205,Male,Declined to Identify,30,2024-10-02,09:30:00,49,True,Orthopedics,Young Adult,Day,Wednesday
8021,270-81-6460,Male,Declined to Identify,12,2024-07-15,00:14:00,38,True,Orthopedics,Minor,Night,Monday
8022,611-43-2271,Male,Declined to Identify,79,2024-09-28,01:43:00,27,True,Orthopedics,Senior,Night,Saturday
8023,763-41-5675,Male,Declined to Identify,10,2024-01-06,03:47:00,15,True,Orthopedics,Minor,Night,Saturday
8024,672-53-8285,Male,Declined to Identify,64,2024-02-06,23:08:00,44,True,Orthopedics,Older Adult,Night,Tuesday
8025,879-09-0173,Male,Declined to Identify,53,2024-08-08,05:21:00,20,True,Orthopedics,Middle-aged,Night,Thursday
8026,284-78-4415,Male,Declined to Identify,16,2024-10-26,16:09:00,15,True,Orthopedics,Minor,Evening,Saturday
8027,184-04-9740,Male,Declined to Identify,2,2023-08-13,17:35:00,54,True,Orthopedics,Minor,Evening,Sunday
8028,562-51-1610,Male,Declined to Identify,24,2024-10-27,17:26:00,57,True,Orthopedics,Young Adult,Evening,Sunday
8029,899-59-5585,Male,Declined to Identify,60,2023-11-15,00:59:00,57,True,Orthopedics,Older Adult,Night,Wednesday
8030,629-51-6493,Male,Declined to Identify,2,2023-10-09,22:47:00,33,True,Orthopedics,Minor,Evening,Monday
8031,511-74-2373,Male,Declined to Identify,73,2024-08-24,19:38:00,18,True,Orthopedics,Senior,Evening,Saturday
8032,180-40-9473,Male,Declined to Identify,5,2023-01-05,19:38:00,17,True,Orthopedics,Minor,Evening,Thursday
8033,106-89-2099,Male,Declined to Identify,2,2024-03-17,23:56:00,31,True,Orthopedics,Minor,Night,Sunday
8034,106-06-0564,Male,Declined to Identify,16,2024-01-14,02:42:00,22,True,Orthopedics,Minor,Night,Sunday
8035,897-54-5606,Male,Declined to Identify,35,2023-12-18,02:53:00,56,True,Orthopedics,Adult,Night,Monday
8036,776-73-0164,Male,Declined to Identify,39,2024-01-09,17:23:00,30,True,Orthopedics,Adult,Evening,Tuesday
8037,185-30-4496,Male,Declined to Identify,52,2024-08-20,12:43:00,56,True,Orthopedics,Middle-aged,Day,Tuesday
8038,508-22-7761,Male,Declined to Identify,14,2024-03-14,05:55:00,50,True,Orthopedics,Minor,Night,Thursday
8039,807-93-0539,Male,Declined to Identify,19,2024-06-08,16:10:00,25,True,Orthopedics,Minor,Evening,Saturday
8040,439-09-4695,Male,Declined to Identify,2,2024-01-06,19:48:00,51,True,Orthopedics,Minor,Evening,Saturday
8041,265-25-7984,Male,Declined to Identify,70,2023-10-27,04:13:00,23,True,Orthopedics,Senior,Night,Friday
8042,256-89-4612,Male,Declined to Identify,58,2024-07-04,16:32:00,15,True,Orthopedics,Older Adult,Evening,Thursday
8043,619-67-1876,Male,Declined to Identify,55,2024-08-26,21:08:00,55,True,Orthopedics,Older Adult,Evening,Monday
8044,457-30-9862,Male,Declined to Identify,13,2024-05-07,01:38:00,14,True,Physiotherapy,Minor,Night,Tuesday
8045,631-92-2982,Male,Declined to Identify,44,2024-01-13,16:07:00,25,True,Physiotherapy,Adult,Evening,Saturday
8046,372-60-9119,Male,Declined to Identify,66,2023-12-06,10:05:00,15,True,Physiotherapy,Senior,Day,Wednesday
8047,316-24-5823,Male,Declined to Identify,71,2023-08-09,03:29:00,31,True,Physiotherapy,Senior,Night,Wednesday
8048,825-35-0948,Male,Declined to Identify,18,2023-05-13,02:42:00,13,True,Physiotherapy,Minor,Night,Saturday
8049,215-96-2986,Male,Declined to Identify,5,2023-12-17,19:54:00,47,True,Renal,Minor,Evening,Sunday
8050,412-66-4473,Male,Declined to Identify,50,2024-07-01,11:27:00,29,True,Renal,Middle-aged,Day,Monday
8051,646-02-1854,Male,Declined to Identify,19,2023-07-10,10:33:00,11,True,Renal,Minor,Day,Monday
8052,599-03-3606,Male,Native American/Alaska Native,30,2024-10-01,20:16:00,53,True,Cardiology,Young Adult,Evening,Tuesday
8053,686-69-6116,Male,Native American/Alaska Native,14,2024-12-05,01:40:00,44,True,Cardiology,Minor,Night,Thursday
8054,393-09-9749,Male,Native American/Alaska Native,26,2024-04-09,22:00:00,35,True,Cardiology,Young Adult,Evening,Tuesday
8055,139-14-2557,Male,Native American/Alaska Native,24,2023-04-13,12:12:00,18,True,Cardiology,Young Adult,Day,Thursday
8056,561-25-6133,Male,Native American/Alaska Native,71,2024-01-17,09:51:00,55,True,Cardiology,Senior,Day,Wednesday
8057,682-34-0219,Male,Native American/Alaska Native,38,2023-02-04,05:22:00,36,True,Gastroenterology,Adult,Night,Saturday
8058,604-66-4222,Male,Native American/Alaska Native,27,2024-09-03,00:26:00,11,True,General Practice,Young Adult,Night,Tuesday
8059,250-38-2325,Male,Native American/Alaska Native,59,2024-10-20,15:14:00,15,True,General Practice,Older Adult,Evening,Sunday
8060,122-08-4208,Male,Native American/Alaska Native,12,2023-07-25,10:41:00,22,True,General Practice,Minor,Day,Tuesday
8061,652-20-7712,Male,Native American/Alaska Native,4,2024-02-26,07:20:00,58,True,General Practice,Minor,Day,Monday
8062,828-47-1822,Male,Native American/Alaska Native,18,2024-02-09,00:05:00,33,True,General Practice,Minor,Night,Friday
8063,338-77-1588,Male,Native American/Alaska Native,4,2024-08-20,07:53:00,39,True,General Practice,Minor,Day,Tuesday
8064,585-69-4983,Male,Native American/Alaska Native,52,2023-07-10,01:25:00,47,True,General Practice,Middle-aged,Night,Monday
8065,814-07-4421,Male,Native American/Alaska Native,44,2023-08-15,23:58:00,54,True,General Practice,Adult,Night,Tuesday
8066,581-29-6727,Male,Native American/Alaska Native,18,2024-10-04,07:21:00,47,True,General Practice,Minor,Day,Friday
8067,883-72-0885,Male,Native American/Alaska Native,31,2023-12-30,06:38:00,52,True,General Practice,Young Adult,Night,Saturday
8068,146-74-0413,Male,Native American/Alaska Native,40,2023-01-06,11:36:00,41,True,General Practice,Adult,Day,Friday
8069,325-17-4116,Male,Native American/Alaska Native,61,2024-05-21,07:42:00,57,True,General Practice,Older Adult,Day,Tuesday
8070,696-21-9147,Male,Native American/Alaska Native,32,2024-12-05,09:29:00,50,True,General Practice,Young Adult,Day,Thursday
8071,795-64-7565,Male,Native American/Alaska Native,38,2023-02-05,03:19:00,34,True,General Practice,Adult,Night,Sunday
8072,689-43-8910,Male,Native American/Alaska Native,47,2024-02-01,17:46:00,32,True,General Practice,Middle-aged,Evening,Thursday
8073,291-37-1682,Male,Native American/Alaska Native,53,2023-03-11,16:51:00,42,True,General Practice,Middle-aged,Evening,Saturday
8074,447-95-3661,Male,Native American/Alaska Native,25,2023-11-05,13:46:00,10,True,General Practice,Young Adult,Day,Sunday
8075,301-45-7864,Male,Native American/Alaska Native,34,2023-10-10,09:14:00,26,True,General Practice,Young Adult,Day,Tuesday
8076,627-46-5712,Male,Native American/Alaska Native,79,2024-10-27,23:17:00,42,True,General Practice,Senior,Night,Sunday
8077,248-95-3644,Male,Native American/Alaska Native,72,2024-05-28,15:54:00,24,True,General Practice,Senior,Evening,Tuesday
8078,194-92-9947,Male,Native American/Alaska Native,52,2023-04-17,23:20:00,42,True,General Practice,Middle-aged,Night,Monday
8079,724-58-8259,Male,Native American/Alaska Native,56,2023-04-14,04:39:00,41,True,General Practice,Older Adult,Night,Friday
8080,644-36-3406,Male,Native American/Alaska Native,42,2023-08-12,05:41:00,49,True,General Practice,Adult,Night,Saturday
8081,248-33-3339,Male,Native American/Alaska Native,42,2024-02-23,00:28:00,19,True,General Practice,Adult,Night,Friday
8082,332-36-0246,Male,Native American/Alaska Native,60,2024-08-13,23:02:00,60,True,Neurology,Older Adult,Night,Tuesday
8083,283-52-4368,Male,Native American/Alaska Native,46,2024-08-09,22:52:00,15,True,Neurology,Middle-aged,Evening,Friday
8084,828-45-0946,Male,Native American/Alaska Native,38,2024-03-27,05:10:00,31,True,Neurology,Adult,Night,Wednesday
8085,524-73-2304,Male,Native American/Alaska Native,23,2023-04-05,11:11:00,38,True,Neurology,Young Adult,Day,Wednesday
8086,657-83-4406,Male,Native American/Alaska Native,31,2023-05-21,05:17:00,52,True,Neurology,Young Adult,Night,Sunday
8087,288-06-8475,Male,Native American/Alaska Native,60,2023-11-15,06:18:00,37,True,Neurology,Older Adult,Night,Wednesday
8088,644-22-9798,Male,Native American/Alaska Native,8,2024-02-26,02:25:00,17,True,No referral.,Minor,Night,Monday
8089,743-51-2071,Male,Native American/Alaska Native,36,2023-12-19,02:43:00,17,True,No referral.,Adult,Night,Tuesday
8090,341-55-6183,Male,Native American/Alaska Native,71,2023-04-21,11:30:00,30,True,No referral.,Senior,Day,Friday
8091,271-72-3005,Male,Native American/Alaska Native,33,2023-03-07,12:34:00,16,True,No referral.,Young Adult,Day,Tuesday
8092,165-78-8054,Male,Native American/Alaska Native,49,2024-01-06,21:22:00,16,True,No referral.,Middle-aged,Evening,Saturday
8093,530-81-5765,Male,Native American/Alaska Native,10,2023-05-04,21:58:00,17,True,No referral.,Minor,Evening,Thursday
8094,194-94-2789,Male,Native American/Alaska Native,66,2024-01-05,08:25:00,32,True,No referral.,Senior,Day,Friday
8095,652-21-5930,Male,Native American/Alaska Native,49,2024-03-17,03:19:00,53,True,No referral.,Middle-aged,Night,Sunday
8096,191-56-2516,Male,Native American/Alaska Native,19,2023-05-11,18:08:00,30,True,No referral.,Minor,Evening,Thursday
8097,282-23-4796,Male,Native American/Alaska Native,77,2024-07-22,01:14:00,36,True,No referral.,Senior,Night,Monday
8098,790-45-7947,Male,Native American/Alaska Native,22,2023-05-06,12:40:00,37,True,No referral.,Young Adult,Day,Saturday
8099,492-07-6328,Male,Native American/Alaska Native,2,2023-10-24,18:16:00,10,True,No referral.,Minor,Evening,Tuesday
8100,397-31-0783,Male,Native American/Alaska Native,16,2023-06-24,17:31:00,10,True,No referral.,Minor,Evening,Saturday
8101,657-07-6765,Male,Native American/Alaska Native,28,2024-09-26,09:16:00,37,True,No referral.,Young Adult,Day,Thursday
8102,478-89-5652,Male,Native American/Alaska Native,7,2023-01-06,00:57:00,30,True,No referral.,Minor,Night,Friday
8103,190-40-5748,Male,Native American/Alaska Native,17,2024-06-24,05:02:00,33,True,No referral.,Minor,Night,Monday
8104,353-22-9361,Male,Native American/Alaska Native,33,2024-04-05,02:38:00,49,True,No referral.,Young Adult,Night,Friday
8105,237-36-6208,Male,Native American/Alaska Native,9,2024-01-29,06:05:00,44,True,No referral.,Minor,Night,Monday
8106,856-56-9240,Male,Native American/Alaska Native,76,2023-09-08,15:10:00,57,True,No referral.,Senior,Evening,Friday
8107,587-73-2235,Male,Native American/Alaska Native,46,2023-08-20,15:02:00,43,True,No referral.,Middle-aged,Evening,Sunday
8108,758-36-1812,Male,Native American/Alaska Native,68,2023-08-05,03:51:00,28,True,No referral.,Senior,Night,Saturday
8109,757-78-3402,Male,Native American/Alaska Native,69,2023-11-19,00:02:00,31,True,No referral.,Senior,Night,Sunday
8110,230-03-7366,Male,Native American/Alaska Native,70,2023-10-07,09:48:00,45,True,No referral.,Senior,Day,Saturday
8111,786-04-8828,Male,Native American/Alaska Native,45,2023-10-06,03:58:00,60,True,No referral.,Middle-aged,Night,Friday
8112,723-90-6209,Male,Native American/Alaska Native,28,2023-05-29,10:28:00,47,True,No referral.,Young Adult,Day,Monday
8113,363-78-2720,Male,Native American/Alaska Native,37,2024-12-07,07:02:00,50,True,No referral.,Adult,Day,Saturday
8114,494-14-9104,Male,Native American/Alaska Native,8,2024-07-23,07:13:00,21,True,No referral.,Minor,Day,Tuesday
8115,682-93-1787,Male,Native American/Alaska Native,30,2024-03-08,15:36:00,38,True,No referral.,Young Adult,Evening,Friday
8116,555-44-3372,Male,Native American/Alaska Native,35,2024-01-27,00:12:00,25,True,No referral.,Adult,Night,Saturday
8117,349-86-8121,Male,Native American/Alaska Native,41,2023-09-06,14:23:00,44,True,No referral.,Adult,Day,Wednesday
8118,382-92-2448,Male,Native American/Alaska Native,20,2024-06-27,19:11:00,48,True,No referral.,Young Adult,Evening,Thursday
8119,246-59-3959,Male,Native American/Alaska Native,8,2023-05-04,12:41:00,30,True,No referral.,Minor,Day,Thursday
8120,222-34-8361,Male,Native American/Alaska Native,27,2023-09-22,22:22:00,37,True,No referral.,Young Adult,Evening,Friday
8121,714-72-1599,Male,Native American/Alaska Native,3,2023-09-05,00:19:00,47,True,No referral.,Minor,Night,Tuesday
8122,392-65-2951,Male,Native American/Alaska Native,35,2024-01-18,17:20:00,58,True,No referral.,Adult,Evening,Thursday
8123,707-96-5726,Male,Native American/Alaska Native,50,2023-10-23,11:19:00,41,True,No referral.,Middle-aged,Day,Monday
8124,148-76-1261,Male,Native American/Alaska Native,64,2023-08-23,14:09:00,16,True,No referral.,Older Adult,Day,Wednesday
8125,455-91-8578,Male,Native American/Alaska Native,43,2024-05-29,02:18:00,25,True,No referral.,Adult,Night,Wednesday
8126,747-72-7002,Male,Native American/Alaska Native,31,2024-12-09,20:06:00,28,True,No referral.,Young Adult,Evening,Monday
8127,805-74-2795,Male,Native American/Alaska Native,25,2024-07-13,05:26:00,59,True,No referral.,Young Adult,Night,Saturday
8128,309-91-5176,Male,Native American/Alaska Native,45,2023-09-25,22:36:00,15,True,No referral.,Middle-aged,Evening,Monday
8129,479-41-7486,Male,Native American/Alaska Native,35,2024-11-06,10:47:00,46,True,No referral.,Adult,Day,Wednesday
8130,698-69-3627,Male,Native American/Alaska Native,4,2024-06-03,16:55:00,16,True,No referral.,Minor,Evening,Monday
8131,815-90-5428,Male,Native American/Alaska Native,4,2023-07-29,06:29:00,19,True,No referral.,Minor,Night,Saturday
8132,431-60-6906,Male,Native American/Alaska Native,1,2024-11-08,23:56:00,31,True,No referral.,Minor,Night,Friday
8133,344-89-8080,Male,Native American/Alaska Native,62,2024-06-17,16:06:00,43,True,No referral.,Older Adult,Evening,Monday
8134,422-14-3991,Male,Native American/Alaska Native,25,2023-10-10,16:36:00,55,True,No referral.,Young Adult,Evening,Tuesday
8135,854-24-5978,Male,Native American/Alaska Native,16,2024-07-14,13:31:00,60,True,No referral.,Minor,Day,Sunday
8136,442-29-7761,Male,Native American/Alaska Native,8,2023-09-21,09:22:00,13,True,No referral.,Minor,Day,Thursday
8137,392-02-2877,Male,Native American/Alaska Native,78,2024-08-07,18:30:00,17,True,No referral.,Senior,Evening,Wednesday
8138,461-49-8598,Male,Native American/Alaska Native,37,2023-12-30,22:47:00,20,True,No referral.,Adult,Evening,Saturday
8139,689-98-4436,Male,Native American/Alaska Native,31,2023-12-23,23:20:00,37,True,No referral.,Young Adult,Night,Saturday
8140,296-44-2419,Male,Native American/Alaska Native,34,2024-02-18,22:42:00,19,True,No referral.,Young Adult,Evening,Sunday
8141,220-33-1376,Male,Native American/Alaska Native,79,2023-10-24,02:10:00,45,True,No referral.,Senior,Night,Tuesday
8142,453-29-3036,Male,Native American/Alaska Native,2,2024-01-07,15:42:00,30,True,No referral.,Minor,Evening,Sunday
8143,770-95-4240,Male,Native American/Alaska Native,39,2023-01-09,01:58:00,55,True,No referral.,Adult,Night,Monday
8144,414-69-2236,Male,Native American/Alaska Native,36,2024-06-23,17:01:00,31,True,No referral.,Adult,Evening,Sunday
8145,832-51-2130,Male,Native American/Alaska Native,10,2023-10-31,11:53:00,51,True,No referral.,Minor,Day,Tuesday
8146,504-04-2880,Male,Native American/Alaska Native,29,2023-02-09,13:47:00,28,True,No referral.,Young Adult,Day,Thursday
8147,222-17-4011,Male,Native American/Alaska Native,6,2024-05-20,10:05:00,35,True,No referral.,Minor,Day,Monday
8148,221-43-1135,Male,Native American/Alaska Native,34,2023-10-21,21:41:00,14,True,No referral.,Young Adult,Evening,Saturday
8149,183-37-9410,Male,Native American/Alaska Native,32,2023-11-07,23:29:00,12,True,No referral.,Young Adult,Night,Tuesday
8150,527-45-1421,Male,Native American/Alaska Native,23,2024-12-04,04:25:00,41,True,No referral.,Young Adult,Night,Wednesday
8151,529-60-1006,Male,Native American/Alaska Native,26,2023-06-27,17:09:00,12,True,No referral.,Young Adult,Evening,Tuesday
8152,814-54-6052,Male,Native American/Alaska Native,63,2023-05-25,21:46:00,30,True,No referral.,Older Adult,Evening,Thursday
8153,330-83-0888,Male,Native American/Alaska Native,20,2024-02-22,12:07:00,18,True,No referral.,Young Adult,Day,Thursday
8154,157-62-0102,Male,Native American/Alaska Native,77,2024-04-30,20:07:00,24,True,No referral.,Senior,Evening,Tuesday
8155,503-02-4357,Male,Native American/Alaska Native,42,2023-08-18,18:31:00,11,True,No referral.,Adult,Evening,Friday
8156,868-41-2022,Male,Native American/Alaska Native,55,2024-01-01,11:11:00,59,True,No referral.,Older Adult,Day,Monday
8157,429-41-6860,Male,Native American/Alaska Native,40,2023-12-21,14:54:00,29,True,Orthopedics,Adult,Day,Thursday
8158,842-21-2088,Male,Native American/Alaska Native,52,2023-07-08,07:08:00,48,True,Orthopedics,Middle-aged,Day,Saturday
8159,737-96-0035,Male,Native American/Alaska Native,54,2024-06-17,02:02:00,47,True,Orthopedics,Middle-aged,Night,Monday
8160,407-56-9582,Male,Native American/Alaska Native,64,2023-07-30,00:18:00,29,True,Orthopedics,Older Adult,Night,Sunday
8161,646-45-1783,Male,Native American/Alaska Native,74,2023-08-17,09:55:00,59,True,Orthopedics,Senior,Day,Thursday
8162,287-09-1852,Male,Native American/Alaska Native,33,2024-01-26,23:11:00,25,True,Orthopedics,Young Adult,Night,Friday
8163,889-03-5244,Male,Native American/Alaska Native,57,2023-07-20,10:53:00,33,True,Orthopedics,Older Adult,Day,Thursday
8164,247-62-4290,Male,Native American/Alaska Native,66,2024-12-03,10:12:00,28,True,Orthopedics,Senior,Day,Tuesday
8165,314-59-0387,Male,Native American/Alaska Native,14,2024-09-25,23:55:00,52,True,Orthopedics,Minor,Night,Wednesday
8166,754-85-3101,Male,Native American/Alaska Native,73,2024-02-29,00:40:00,53,True,Orthopedics,Senior,Night,Thursday
8167,576-14-8921,Male,Native American/Alaska Native,62,2023-11-20,16:23:00,53,True,Orthopedics,Older Adult,Evening,Monday
8168,531-05-3251,Male,Native American/Alaska Native,61,2024-10-03,03:17:00,41,True,Orthopedics,Older Adult,Night,Thursday
8169,526-39-2219,Male,Native American/Alaska Native,70,2023-11-30,20:54:00,49,True,Orthopedics,Senior,Evening,Thursday
8170,597-50-8124,Male,Native American/Alaska Native,32,2023-05-16,19:49:00,10,True,Orthopedics,Young Adult,Evening,Tuesday
8171,110-62-8138,Male,Native American/Alaska Native,11,2024-03-18,07:20:00,52,True,Physiotherapy,Minor,Day,Monday
8172,758-62-8403,Male,Native American/Alaska Native,52,2024-02-07,21:36:00,15,True,Renal,Middle-aged,Evening,Wednesday
8173,822-30-1537,Male,Pacific Islander,12,2023-04-29,11:55:00,21,True,Cardiology,Minor,Day,Saturday
8174,353-59-9498,Male,Pacific Islander,25,2023-12-21,20:54:00,22,True,Cardiology,Young Adult,Evening,Thursday
8175,208-91-1133,Male,Pacific Islander,31,2024-08-30,01:48:00,12,True,Cardiology,Young Adult,Night,Friday
8176,589-89-7404,Male,Pacific Islander,78,2023-05-16,11:38:00,48,True,Cardiology,Senior,Day,Tuesday
8177,615-82-7141,Male,Pacific Islander,53,2023-03-08,17:19:00,45,True,Cardiology,Middle-aged,Evening,Wednesday
8178,593-65-5206,Male,Pacific Islander,77,2023-05-08,12:58:00,36,True,Gastroenterology,Senior,Day,Monday
8179,678-53-3815,Male,Pacific Islander,46,2023-08-14,11:57:00,28,True,Gastroenterology,Middle-aged,Day,Monday
8180,869-28-2519,Male,Pacific Islander,36,2024-03-21,21:21:00,30,True,Gastroenterology,Adult,Evening,Thursday
8181,782-13-9566,Male,Pacific Islander,79,2024-01-19,17:24:00,18,True,General Practice,Senior,Evening,Friday
8182,100-34-6753,Male,Pacific Islander,43,2024-05-13,14:03:00,25,True,General Practice,Adult,Day,Monday
8183,344-12-7337,Male,Pacific Islander,73,2024-02-29,01:22:00,27,True,General Practice,Senior,Night,Thursday
8184,594-09-2240,Male,Pacific Islander,21,2024-08-16,19:51:00,58,True,General Practice,Young Adult,Evening,Friday
8185,741-04-9751,Male,Pacific Islander,74,2024-08-31,10:56:00,36,True,General Practice,Senior,Day,Saturday
8186,548-98-4114,Male,Pacific Islander,27,2024-02-09,01:13:00,23,True,General Practice,Young Adult,Night,Friday
8187,468-09-2058,Male,Pacific Islander,39,2024-08-07,02:36:00,30,True,General Practice,Adult,Night,Wednesday
8188,132-84-3700,Male,Pacific Islander,65,2024-01-27,09:55:00,51,True,General Practice,Senior,Day,Saturday
8189,658-51-3929,Male,Pacific Islander,15,2023-09-22,23:04:00,51,True,General Practice,Minor,Night,Friday
8190,685-76-7563,Male,Pacific Islander,60,2023-09-15,13:30:00,35,True,General Practice,Older Adult,Day,Friday
8191,898-64-3273,Male,Pacific Islander,56,2024-07-28,02:50:00,27,True,General Practice,Older Adult,Night,Sunday
8192,342-13-1426,Male,Pacific Islander,45,2024-10-23,15:04:00,31,True,General Practice,Middle-aged,Evening,Wednesday
8193,456-13-3380,Male,Pacific Islander,29,2023-11-16,18:28:00,19,True,General Practice,Young Adult,Evening,Thursday
8194,819-36-3342,Male,Pacific Islander,19,2023-03-11,15:20:00,14,True,General Practice,Minor,Evening,Saturday
8195,367-46-0761,Male,Pacific Islander,64,2023-05-20,09:43:00,16,True,General Practice,Older Adult,Day,Saturday
8196,623-58-0855,Male,Pacific Islander,32,2024-08-07,08:34:00,56,True,General Practice,Young Adult,Day,Wednesday
8197,175-59-9717,Male,Pacific Islander,4,2023-08-31,04:39:00,21,True,General Practice,Minor,Night,Thursday
8198,609-71-3159,Male,Pacific Islander,24,2023-09-21,21:35:00,16,True,General Practice,Young Adult,Evening,Thursday
8199,761-68-0469,Male,Pacific Islander,51,2023-05-16,00:48:00,31,True,General Practice,Middle-aged,Night,Tuesday
8200,208-63-9371,Male,Pacific Islander,42,2023-01-12,23:46:00,10,True,General Practice,Adult,Night,Thursday
8201,801-16-0380,Male,Pacific Islander,70,2024-02-25,16:38:00,49,True,General Practice,Senior,Evening,Sunday
8202,870-30-5356,Male,Pacific Islander,23,2024-01-07,15:40:00,27,True,General Practice,Young Adult,Evening,Sunday
8203,435-65-1924,Male,Pacific Islander,34,2023-08-11,12:07:00,22,True,General Practice,Young Adult,Day,Friday
8204,543-16-9617,Male,Pacific Islander,79,2024-09-08,21:28:00,34,True,General Practice,Senior,Evening,Sunday
8205,465-05-1558,Male,Pacific Islander,12,2023-12-18,21:07:00,56,True,General Practice,Minor,Evening,Monday
8206,211-84-0802,Male,Pacific Islander,36,2024-02-04,22:10:00,47,True,General Practice,Adult,Evening,Sunday
8207,527-61-6252,Male,Pacific Islander,22,2023-02-08,18:09:00,16,True,General Practice,Young Adult,Evening,Wednesday
8208,309-20-0723,Male,Pacific Islander,29,2024-08-31,23:13:00,38,True,General Practice,Young Adult,Night,Saturday
8209,659-92-2938,Male,Pacific Islander,2,2023-07-30,14:43:00,55,True,Neurology,Minor,Day,Sunday
8210,452-18-8105,Male,Pacific Islander,53,2024-01-01,11:25:00,22,True,Neurology,Middle-aged,Day,Monday
8211,336-91-3757,Male,Pacific Islander,9,2024-05-03,09:35:00,40,True,Neurology,Minor,Day,Friday
8212,744-46-3602,Male,Pacific Islander,37,2023-10-18,16:47:00,10,True,Neurology,Adult,Evening,Wednesday
8213,213-62-4409,Male,Pacific Islander,44,2023-07-31,13:12:00,44,True,Neurology,Adult,Day,Monday
8214,687-66-3054,Male,Pacific Islander,42,2023-04-11,14:08:00,17,True,No referral.,Adult,Day,Tuesday
8215,715-51-6452,Male,Pacific Islander,45,2024-06-16,06:15:00,16,True,No referral.,Middle-aged,Night,Sunday
8216,646-18-3088,Male,Pacific Islander,36,2023-10-10,13:31:00,36,True,No referral.,Adult,Day,Tuesday
8217,794-61-8016,Male,Pacific Islander,22,2023-06-22,15:08:00,41,True,No referral.,Young Adult,Evening,Thursday
8218,204-93-8686,Male,Pacific Islander,40,2023-10-22,05:52:00,41,True,No referral.,Adult,Night,Sunday
8219,545-10-2479,Male,Pacific Islander,52,2023-06-24,04:51:00,24,True,No referral.,Middle-aged,Night,Saturday
8220,771-99-0591,Male,Pacific Islander,1,2024-08-23,20:59:00,28,True,No referral.,Minor,Evening,Friday
8221,810-82-1197,Male,Pacific Islander,52,2024-10-09,06:22:00,55,True,No referral.,Middle-aged,Night,Wednesday
8222,298-46-8494,Male,Pacific Islander,17,2024-05-15,07:41:00,23,True,No referral.,Minor,Day,Wednesday
8223,528-96-6459,Male,Pacific Islander,49,2024-03-16,20:10:00,46,True,No referral.,Middle-aged,Evening,Saturday
8224,703-55-3364,Male,Pacific Islander,30,2023-01-06,07:48:00,19,True,No referral.,Young Adult,Day,Friday
8225,494-08-6177,Male,Pacific Islander,72,2024-07-27,08:25:00,34,True,No referral.,Senior,Day,Saturday
8226,871-59-7467,Male,Pacific Islander,13,2024-04-10,05:16:00,40,True,No referral.,Minor,Night,Wednesday
8227,502-99-0067,Male,Pacific Islander,67,2024-08-21,08:53:00,46,True,No referral.,Senior,Day,Wednesday
8228,421-46-0418,Male,Pacific Islander,50,2023-06-09,01:33:00,14,True,No referral.,Middle-aged,Night,Friday
8229,729-02-9839,Male,Pacific Islander,23,2024-09-10,15:29:00,28,True,No referral.,Young Adult,Evening,Tuesday
8230,333-49-1175,Male,Pacific Islander,49,2023-10-08,10:28:00,41,True,No referral.,Middle-aged,Day,Sunday
8231,319-25-5108,Male,Pacific Islander,34,2024-06-20,17:20:00,16,True,No referral.,Young Adult,Evening,Thursday
8232,658-47-5374,Male,Pacific Islander,17,2023-04-19,07:21:00,21,True,No referral.,Minor,Day,Wednesday
8233,783-94-4723,Male,Pacific Islander,26,2023-02-09,08:05:00,28,True,No referral.,Young Adult,Day,Thursday
8234,509-64-9237,Male,Pacific Islander,38,2024-08-18,22:18:00,13,True,No referral.,Adult,Evening,Sunday
8235,472-22-1392,Male,Pacific Islander,37,2024-10-02,08:30:00,36,True,No referral.,Adult,Day,Wednesday
8236,458-19-1191,Male,Pacific Islander,42,2024-08-14,04:49:00,32,True,No referral.,Adult,Night,Wednesday
8237,640-82-9605,Male,Pacific Islander,74,2023-12-26,07:34:00,43,True,No referral.,Senior,Day,Tuesday
8238,456-18-0227,Male,Pacific Islander,8,2024-05-01,23:42:00,56,True,No referral.,Minor,Night,Wednesday
8239,753-48-4204,Male,Pacific Islander,55,2023-07-18,04:21:00,13,True,No referral.,Older Adult,Night,Tuesday
8240,336-97-7649,Male,Pacific Islander,15,2023-02-08,15:46:00,38,True,No referral.,Minor,Evening,Wednesday
8241,832-47-0142,Male,Pacific Islander,22,2024-11-08,06:18:00,23,True,No referral.,Young Adult,Night,Friday
8242,808-12-1573,Male,Pacific Islander,62,2023-10-13,13:18:00,59,True,No referral.,Older Adult,Day,Friday
8243,661-83-5824,Male,Pacific Islander,61,2024-07-03,23:43:00,47,True,No referral.,Older Adult,Night,Wednesday
8244,445-89-6727,Male,Pacific Islander,51,2024-03-05,14:36:00,33,True,No referral.,Middle-aged,Day,Tuesday
8245,632-29-3120,Male,Pacific Islander,57,2024-03-14,10:57:00,11,True,No referral.,Older Adult,Day,Thursday
8246,225-36-2835,Male,Pacific Islander,63,2024-03-04,05:29:00,17,True,No referral.,Older Adult,Night,Monday
8247,628-50-9958,Male,Pacific Islander,62,2024-04-20,20:35:00,39,True,No referral.,Older Adult,Evening,Saturday
8248,427-24-2579,Male,Pacific Islander,3,2023-10-04,08:39:00,36,True,No referral.,Minor,Day,Wednesday
8249,490-35-6077,Male,Pacific Islander,8,2024-05-17,01:22:00,14,True,No referral.,Minor,Night,Friday
8250,491-97-4895,Male,Pacific Islander,59,2023-06-21,06:02:00,11,True,No referral.,Older Adult,Night,Wednesday
8251,156-40-6822,Male,Pacific Islander,78,2023-06-29,08:54:00,51,True,No referral.,Senior,Day,Thursday
8252,316-20-5225,Male,Pacific Islander,74,2023-04-07,09:34:00,59,True,No referral.,Senior,Day,Friday
8253,248-40-1832,Male,Pacific Islander,35,2024-02-27,23:10:00,52,True,No referral.,Adult,Night,Tuesday
8254,261-27-1253,Male,Pacific Islander,19,2023-08-30,23:06:00,40,True,No referral.,Minor,Night,Wednesday
8255,745-14-1282,Male,Pacific Islander,24,2024-08-29,00:50:00,13,True,No referral.,Young Adult,Night,Thursday
8256,844-34-2932,Male,Pacific Islander,59,2023-04-06,23:16:00,52,True,No referral.,Older Adult,Night,Thursday
8257,661-44-3953,Male,Pacific Islander,6,2024-08-20,05:56:00,48,True,No referral.,Minor,Night,Tuesday
8258,181-54-1004,Male,Pacific Islander,57,2024-07-20,19:06:00,45,True,No referral.,Older Adult,Evening,Saturday
8259,879-53-1158,Male,Pacific Islander,20,2024-07-04,11:05:00,28,True,No referral.,Young Adult,Day,Thursday
8260,765-95-6521,Male,Pacific Islander,29,2024-08-17,03:22:00,47,True,No referral.,Young Adult,Night,Saturday
8261,110-12-8128,Male,Pacific Islander,79,2023-05-22,09:49:00,15,True,No referral.,Senior,Day,Monday
8262,226-68-1759,Male,Pacific Islander,6,2024-01-15,07:21:00,24,True,No referral.,Minor,Day,Monday
8263,424-92-9339,Male,Pacific Islander,12,2023-06-27,17:24:00,57,True,No referral.,Minor,Evening,Tuesday
8264,495-10-9893,Male,Pacific Islander,77,2024-10-15,09:20:00,42,True,No referral.,Senior,Day,Tuesday
8265,592-27-7357,Male,Pacific Islander,49,2023-07-06,00:21:00,40,True,No referral.,Middle-aged,Night,Thursday
8266,567-70-5803,Male,Pacific Islander,9,2023-07-16,13:45:00,14,True,No referral.,Minor,Day,Sunday
8267,303-39-9969,Male,Pacific Islander,48,2023-11-21,11:42:00,22,True,No referral.,Middle-aged,Day,Tuesday
8268,809-23-9007,Male,Pacific Islander,50,2024-01-23,20:01:00,29,True,Orthopedics,Middle-aged,Evening,Tuesday
8269,155-01-1799,Male,Pacific Islander,74,2024-01-14,10:55:00,15,True,Orthopedics,Senior,Day,Sunday
8270,588-38-4885,Male,Pacific Islander,53,2023-07-14,23:56:00,30,True,Orthopedics,Middle-aged,Night,Friday
8271,337-14-0634,Male,Pacific Islander,28,2023-03-06,03:16:00,46,True,Orthopedics,Young Adult,Night,Monday
8272,399-11-0047,Male,Pacific Islander,39,2024-03-16,13:53:00,47,True,Orthopedics,Adult,Day,Saturday
8273,895-70-7727,Male,Pacific Islander,72,2024-11-02,14:20:00,47,True,Orthopedics,Senior,Day,Saturday
8274,176-46-1817,Male,Pacific Islander,38,2023-09-13,14:35:00,47,True,Physiotherapy,Adult,Day,Wednesday
8275,702-97-4064,Male,Pacific Islander,19,2023-08-27,10:59:00,17,True,Physiotherapy,Minor,Day,Sunday
8276,615-61-7861,Male,Pacific Islander,5,2023-10-15,05:01:00,47,True,Renal,Minor,Night,Sunday
8277,852-85-0197,Male,Pacific Islander,12,2024-07-15,08:54:00,41,True,Renal,Minor,Day,Monday
8278,859-35-4402,Male,Pacific Islander,1,2024-03-04,22:25:00,31,True,Renal,Minor,Evening,Monday
8279,857-51-1030,Male,Two or More Races,1,2024-12-10,19:14:00,14,True,Cardiology,Minor,Evening,Tuesday
8280,663-89-8918,Male,Two or More Races,49,2024-04-20,07:34:00,20,True,Cardiology,Middle-aged,Day,Saturday
8281,502-80-8807,Male,Two or More Races,68,2023-10-30,06:12:00,23,True,Cardiology,Senior,Night,Monday
8282,895-41-3196,Male,Two or More Races,74,2024-04-06,22:09:00,44,True,Cardiology,Senior,Evening,Saturday
8283,549-91-4321,Male,Two or More Races,53,2024-06-10,04:12:00,10,True,Cardiology,Middle-aged,Night,Monday
8284,406-87-8281,Male,Two or More Races,73,2024-03-10,22:35:00,28,True,Cardiology,Senior,Evening,Sunday
8285,207-41-0142,Male,Two or More Races,76,2023-01-08,17:37:00,33,True,Cardiology,Senior,Evening,Sunday
8286,382-51-7784,Male,Two or More Races,18,2023-08-24,12:30:00,11,True,Cardiology,Minor,Day,Thursday
8287,766-20-3662,Male,Two or More Races,60,2023-01-04,01:13:00,35,True,Cardiology,Older Adult,Night,Wednesday
8288,297-60-2643,Male,Two or More Races,37,2023-06-04,20:24:00,31,True,Cardiology,Adult,Evening,Sunday
8289,229-16-0094,Male,Two or More Races,63,2023-11-05,19:02:00,56,True,Cardiology,Older Adult,Evening,Sunday
8290,153-91-6324,Male,Two or More Races,37,2024-09-18,20:24:00,47,True,Gastroenterology,Adult,Evening,Wednesday
8291,228-69-8026,Male,Two or More Races,68,2024-10-16,09:47:00,18,True,Gastroenterology,Senior,Day,Wednesday
8292,722-51-5042,Male,Two or More Races,71,2023-04-06,10:40:00,43,True,Gastroenterology,Senior,Day,Thursday
8293,602-05-7479,Male,Two or More Races,12,2023-06-10,09:55:00,44,True,Gastroenterology,Minor,Day,Saturday
8294,638-72-2352,Male,Two or More Races,3,2023-06-06,06:44:00,25,True,Gastroenterology,Minor,Night,Tuesday
8295,250-95-9552,Male,Two or More Races,72,2023-11-13,13:38:00,27,True,Gastroenterology,Senior,Day,Monday
8296,716-39-5317,Male,Two or More Races,14,2024-08-27,05:00:00,49,True,General Practice,Minor,Night,Tuesday
8297,220-58-2901,Male,Two or More Races,26,2023-12-22,15:47:00,44,True,General Practice,Young Adult,Evening,Friday
8298,861-54-8231,Male,Two or More Races,6,2023-05-25,05:24:00,49,True,General Practice,Minor,Night,Thursday
8299,421-84-3059,Male,Two or More Races,37,2024-02-25,17:52:00,39,True,General Practice,Adult,Evening,Sunday
8300,710-20-0028,Male,Two or More Races,23,2023-10-10,12:18:00,47,True,General Practice,Young Adult,Day,Tuesday
8301,175-65-4422,Male,Two or More Races,56,2024-06-07,22:35:00,49,True,General Practice,Older Adult,Evening,Friday
8302,425-53-3080,Male,Two or More Races,10,2024-10-07,00:09:00,13,True,General Practice,Minor,Night,Monday
8303,405-98-3403,Male,Two or More Races,27,2024-09-05,11:33:00,30,True,General Practice,Young Adult,Day,Thursday
8304,480-76-1082,Male,Two or More Races,30,2023-04-10,01:28:00,33,True,General Practice,Young Adult,Night,Monday
8305,732-87-8678,Male,Two or More Races,52,2023-10-16,12:37:00,12,True,General Practice,Middle-aged,Day,Monday
8306,726-23-2278,Male,Two or More Races,63,2023-12-11,19:49:00,14,True,General Practice,Older Adult,Evening,Monday
8307,155-30-0799,Male,Two or More Races,65,2024-03-06,22:56:00,25,True,General Practice,Senior,Evening,Wednesday
8308,318-43-6176,Male,Two or More Races,12,2023-12-11,13:34:00,27,True,General Practice,Minor,Day,Monday
8309,181-93-2611,Male,Two or More Races,42,2024-10-02,09:31:00,53,True,General Practice,Adult,Day,Wednesday
8310,324-26-0684,Male,Two or More Races,35,2023-07-11,22:01:00,16,True,General Practice,Adult,Evening,Tuesday
8311,123-98-9698,Male,Two or More Races,2,2024-01-18,14:36:00,33,True,General Practice,Minor,Day,Thursday
8312,105-90-4686,Male,Two or More Races,5,2023-09-05,03:26:00,13,True,General Practice,Minor,Night,Tuesday
8313,754-29-7388,Male,Two or More Races,22,2024-10-19,07:31:00,16,True,General Practice,Young Adult,Day,Saturday
8314,569-93-6173,Male,Two or More Races,71,2024-05-17,05:36:00,16,True,General Practice,Senior,Night,Friday
8315,282-10-7870,Male,Two or More Races,27,2024-06-28,00:31:00,51,True,General Practice,Young Adult,Night,Friday
8316,141-76-1186,Male,Two or More Races,51,2024-07-07,18:32:00,52,True,General Practice,Middle-aged,Evening,Sunday
8317,142-42-6161,Male,Two or More Races,39,2023-04-10,18:57:00,57,True,General Practice,Adult,Evening,Monday
8318,418-54-2363,Male,Two or More Races,41,2024-03-16,10:53:00,20,True,General Practice,Adult,Day,Saturday
8319,271-54-8655,Male,Two or More Races,43,2024-01-14,15:15:00,49,True,General Practice,Adult,Evening,Sunday
8320,676-01-7454,Male,Two or More Races,73,2024-01-10,14:28:00,41,True,General Practice,Senior,Day,Wednesday
8321,305-51-3246,Male,Two or More Races,27,2023-06-14,00:16:00,16,True,General Practice,Young Adult,Night,Wednesday
8322,679-31-9861,Male,Two or More Races,48,2024-09-10,19:47:00,17,True,General Practice,Middle-aged,Evening,Tuesday
8323,401-73-9481,Male,Two or More Races,19,2024-03-07,19:55:00,12,True,General Practice,Minor,Evening,Thursday
8324,429-16-7013,Male,Two or More Races,79,2024-01-16,16:09:00,11,True,General Practice,Senior,Evening,Tuesday
8325,103-67-8893,Male,Two or More Races,36,2024-07-16,13:41:00,36,True,General Practice,Adult,Day,Tuesday
8326,393-70-5356,Male,Two or More Races,70,2024-07-14,23:53:00,42,True,General Practice,Senior,Night,Sunday
8327,166-36-5523,Male,Two or More Races,70,2023-04-27,07:15:00,17,True,General Practice,Senior,Day,Thursday
8328,239-35-8156,Male,Two or More Races,27,2024-04-05,17:24:00,39,True,General Practice,Young Adult,Evening,Friday
8329,412-75-9383,Male,Two or More Races,64,2024-10-02,22:07:00,46,True,General Practice,Older Adult,Evening,Wednesday
8330,419-92-1735,Male,Two or More Races,15,2024-10-02,11:00:00,57,True,General Practice,Minor,Day,Wednesday
8331,436-04-4586,Male,Two or More Races,42,2024-10-02,02:23:00,17,True,General Practice,Adult,Night,Wednesday
8332,316-16-8848,Male,Two or More Races,29,2023-04-28,20:10:00,23,True,General Practice,Young Adult,Evening,Friday
8333,349-09-0489,Male,Two or More Races,24,2024-07-03,20:17:00,10,True,General Practice,Young Adult,Evening,Wednesday
8334,709-66-0043,Male,Two or More Races,31,2024-04-27,05:13:00,15,True,General Practice,Young Adult,Night,Saturday
8335,292-74-3783,Male,Two or More Races,31,2023-12-11,20:13:00,23,True,General Practice,Young Adult,Evening,Monday
8336,719-68-0598,Male,Two or More Races,25,2023-07-27,05:43:00,30,True,General Practice,Young Adult,Night,Thursday
8337,796-61-3221,Male,Two or More Races,11,2023-10-06,20:29:00,24,True,General Practice,Minor,Evening,Friday
8338,195-11-7509,Male,Two or More Races,31,2024-01-18,10:58:00,28,True,General Practice,Young Adult,Day,Thursday
8339,721-80-6855,Male,Two or More Races,67,2024-11-03,05:27:00,25,True,General Practice,Senior,Night,Sunday
8340,566-48-5826,Male,Two or More Races,49,2024-09-01,15:08:00,14,True,General Practice,Middle-aged,Evening,Sunday
8341,380-82-8989,Male,Two or More Races,57,2023-09-26,07:21:00,40,True,General Practice,Older Adult,Day,Tuesday
8342,587-82-5849,Male,Two or More Races,2,2023-05-04,22:19:00,44,True,General Practice,Minor,Evening,Thursday
8343,555-74-8070,Male,Two or More Races,44,2024-07-02,22:04:00,32,True,General Practice,Adult,Evening,Tuesday
8344,510-36-0741,Male,Two or More Races,22,2024-06-06,09:38:00,41,True,General Practice,Young Adult,Day,Thursday
8345,445-42-6045,Male,Two or More Races,60,2023-08-09,18:53:00,43,True,General Practice,Older Adult,Evening,Wednesday
8346,649-49-0692,Male,Two or More Races,46,2024-07-14,07:14:00,25,True,General Practice,Middle-aged,Day,Sunday
8347,348-11-5757,Male,Two or More Races,50,2023-05-10,11:28:00,50,True,General Practice,Middle-aged,Day,Wednesday
8348,548-95-2382,Male,Two or More Races,14,2024-07-20,05:47:00,48,True,General Practice,Minor,Night,Saturday
8349,876-14-0295,Male,Two or More Races,21,2024-01-02,20:53:00,36,True,General Practice,Young Adult,Evening,Tuesday
8350,744-88-0950,Male,Two or More Races,79,2023-02-11,02:37:00,38,True,General Practice,Senior,Night,Saturday
8351,880-69-4561,Male,Two or More Races,40,2023-06-18,02:07:00,15,True,General Practice,Adult,Night,Sunday
8352,682-63-0450,Male,Two or More Races,78,2024-09-30,11:11:00,49,True,General Practice,Senior,Day,Monday
8353,301-72-7069,Male,Two or More Races,41,2023-06-21,12:34:00,18,True,General Practice,Adult,Day,Wednesday
8354,611-16-6180,Male,Two or More Races,25,2024-06-24,07:46:00,42,True,General Practice,Young Adult,Day,Monday
8355,618-76-9696,Male,Two or More Races,7,2024-10-30,22:10:00,15,True,General Practice,Minor,Evening,Wednesday
8356,712-60-2372,Male,Two or More Races,14,2023-11-23,17:41:00,45,True,Neurology,Minor,Evening,Thursday
8357,569-40-2069,Male,Two or More Races,19,2023-06-25,07:54:00,32,True,Neurology,Minor,Day,Sunday
8358,688-30-7138,Male,Two or More Races,58,2023-09-12,02:43:00,46,True,Neurology,Older Adult,Night,Tuesday
8359,844-61-5242,Male,Two or More Races,78,2023-11-07,20:49:00,23,True,Neurology,Senior,Evening,Tuesday
8360,123-43-5587,Male,Two or More Races,26,2024-10-30,09:34:00,36,True,Neurology,Young Adult,Day,Wednesday
8361,434-60-8489,Male,Two or More Races,47,2023-08-18,15:45:00,23,True,Neurology,Middle-aged,Evening,Friday
8362,658-77-1140,Male,Two or More Races,22,2024-09-24,09:48:00,58,True,Neurology,Young Adult,Day,Tuesday
8363,139-05-0602,Male,Two or More Races,68,2023-12-30,15:09:00,15,True,No referral.,Senior,Evening,Saturday
8364,606-09-4086,Male,Two or More Races,78,2024-03-06,03:45:00,24,True,No referral.,Senior,Night,Wednesday
8365,849-88-0586,Male,Two or More Races,34,2023-06-29,12:45:00,33,True,No referral.,Young Adult,Day,Thursday
8366,116-34-3247,Male,Two or More Races,10,2023-11-05,14:13:00,50,True,No referral.,Minor,Day,Sunday
8367,766-68-5079,Male,Two or More Races,33,2024-03-09,20:13:00,51,True,No referral.,Young Adult,Evening,Saturday
8368,537-66-5031,Male,Two or More Races,51,2024-09-13,06:21:00,59,True,No referral.,Middle-aged,Night,Friday
8369,317-21-5070,Male,Two or More Races,70,2024-07-24,06:26:00,20,True,No referral.,Senior,Night,Wednesday
8370,464-43-6789,Male,Two or More Races,57,2024-10-02,15:15:00,39,True,No referral.,Older Adult,Evening,Wednesday
8371,378-11-0910,Male,Two or More Races,46,2024-02-07,15:11:00,15,True,No referral.,Middle-aged,Evening,Wednesday
8372,573-44-5218,Male,Two or More Races,33,2023-07-22,12:42:00,17,True,No referral.,Young Adult,Day,Saturday
8373,734-44-6625,Male,Two or More Races,32,2024-02-27,14:03:00,18,True,No referral.,Young Adult,Day,Tuesday
8374,263-80-0452,Male,Two or More Races,29,2024-02-20,06:08:00,20,True,No referral.,Young Adult,Night,Tuesday
8375,448-30-0204,Male,Two or More Races,41,2024-03-10,13:46:00,21,True,No referral.,Adult,Day,Sunday
8376,148-83-0205,Male,Two or More Races,60,2024-10-18,22:29:00,21,True,No referral.,Older Adult,Evening,Friday
8377,647-97-7958,Male,Two or More Races,39,2024-08-29,01:37:00,22,True,No referral.,Adult,Night,Thursday
8378,435-86-3142,Male,Two or More Races,72,2023-09-19,16:10:00,26,True,No referral.,Senior,Evening,Tuesday
8379,578-51-6902,Male,Two or More Races,73,2023-09-25,00:43:00,26,True,No referral.,Senior,Night,Monday
8380,465-58-1592,Male,Two or More Races,56,2024-12-03,07:51:00,41,True,No referral.,Older Adult,Day,Tuesday
8381,363-49-1560,Male,Two or More Races,23,2024-02-24,08:02:00,50,True,No referral.,Young Adult,Day,Saturday
8382,301-02-7877,Male,Two or More Races,65,2023-11-26,18:20:00,55,True,No referral.,Senior,Evening,Sunday
8383,264-28-6782,Male,Two or More Races,42,2024-01-18,09:46:00,57,True,No referral.,Adult,Day,Thursday
8384,240-40-5984,Male,Two or More Races,55,2024-03-03,09:41:00,11,True,No referral.,Older Adult,Day,Sunday
8385,550-23-1722,Male,Two or More Races,19,2024-10-10,12:33:00,20,True,No referral.,Minor,Day,Thursday
8386,571-79-9300,Male,Two or More Races,43,2023-10-10,00:19:00,24,True,No referral.,Adult,Night,Tuesday
8387,460-05-1165,Male,Two or More Races,68,2024-03-14,21:23:00,27,True,No referral.,Senior,Evening,Thursday
8388,694-03-3604,Male,Two or More Races,13,2023-05-19,01:48:00,33,True,No referral.,Minor,Night,Friday
8389,322-27-7439,Male,Two or More Races,22,2024-08-17,11:56:00,34,True,No referral.,Young Adult,Day,Saturday
8390,337-26-8445,Male,Two or More Races,25,2023-06-23,03:06:00,45,True,No referral.,Young Adult,Night,Friday
8391,658-64-5564,Male,Two or More Races,18,2024-06-01,13:00:00,53,True,No referral.,Minor,Day,Saturday
8392,674-63-6347,Male,Two or More Races,75,2024-12-03,18:53:00,53,True,No referral.,Senior,Evening,Tuesday
8393,390-65-7711,Male,Two or More Races,9,2024-03-19,23:42:00,11,True,No referral.,Minor,Night,Tuesday
8394,168-45-0851,Male,Two or More Races,75,2024-09-24,22:47:00,14,True,No referral.,Senior,Evening,Tuesday
8395,358-68-5495,Male,Two or More Races,67,2023-04-08,22:18:00,16,True,No referral.,Senior,Evening,Saturday
8396,143-33-8385,Male,Two or More Races,28,2023-11-30,21:38:00,22,True,No referral.,Young Adult,Evening,Thursday
8397,417-94-9904,Male,Two or More Races,41,2023-06-28,15:07:00,31,True,No referral.,Adult,Evening,Wednesday
8398,359-70-0645,Male,Two or More Races,8,2023-04-25,13:28:00,56,True,No referral.,Minor,Day,Tuesday
8399,290-32-8209,Male,Two or More Races,66,2024-01-13,00:47:00,15,True,No referral.,Senior,Night,Saturday
8400,525-87-3056,Male,Two or More Races,4,2023-08-13,15:38:00,16,True,No referral.,Minor,Evening,Sunday
8401,114-10-9575,Male,Two or More Races,44,2023-09-07,17:52:00,17,True,No referral.,Adult,Evening,Thursday
8402,410-24-9616,Male,Two or More Races,54,2024-04-03,13:31:00,47,True,No referral.,Middle-aged,Day,Wednesday
8403,501-51-6876,Male,Two or More Races,10,2023-08-06,19:27:00,60,True,No referral.,Minor,Evening,Sunday
8404,267-22-3909,Male,Two or More Races,65,2023-12-13,14:31:00,15,True,No referral.,Senior,Day,Wednesday
8405,659-62-1017,Male,Two or More Races,16,2023-10-09,03:22:00,29,True,No referral.,Minor,Night,Monday
8406,728-95-3842,Male,Two or More Races,21,2024-03-24,23:44:00,34,True,No referral.,Young Adult,Night,Sunday
8407,527-92-5108,Male,Two or More Races,73,2024-05-28,21:49:00,42,True,No referral.,Senior,Evening,Tuesday
8408,459-17-1766,Male,Two or More Races,52,2024-04-06,06:57:00,60,True,No referral.,Middle-aged,Night,Saturday
8409,182-56-9406,Male,Two or More Races,44,2024-03-31,10:31:00,18,True,No referral.,Adult,Day,Sunday
8410,781-16-9719,Male,Two or More Races,78,2023-06-04,16:27:00,19,True,No referral.,Senior,Evening,Sunday
8411,308-19-8528,Male,Two or More Races,51,2024-09-26,12:03:00,43,True,No referral.,Middle-aged,Day,Thursday
8412,316-77-4231,Male,Two or More Races,58,2023-10-05,00:29:00,51,True,No referral.,Older Adult,Night,Thursday
8413,407-58-7271,Male,Two or More Races,51,2024-02-24,17:39:00,56,True,No referral.,Middle-aged,Evening,Saturday
8414,474-06-9276,Male,Two or More Races,51,2023-05-08,17:30:00,58,True,No referral.,Middle-aged,Evening,Monday
8415,532-56-5183,Male,Two or More Races,5,2023-11-11,03:59:00,60,True,No referral.,Minor,Night,Saturday
8416,178-57-5719,Male,Two or More Races,39,2024-02-26,01:15:00,15,True,No referral.,Adult,Night,Monday
8417,723-64-4013,Male,Two or More Races,17,2023-05-09,02:18:00,27,True,No referral.,Minor,Night,Tuesday
8418,467-34-2716,Male,Two or More Races,33,2023-06-28,06:10:00,28,True,No referral.,Young Adult,Night,Wednesday
8419,517-26-2449,Male,Two or More Races,48,2024-06-16,05:05:00,29,True,No referral.,Middle-aged,Night,Sunday
8420,435-25-9744,Male,Two or More Races,8,2024-01-27,19:26:00,33,True,No referral.,Minor,Evening,Saturday
8421,351-52-7426,Male,Two or More Races,22,2023-08-15,07:37:00,33,True,No referral.,Young Adult,Day,Tuesday
8422,448-28-9888,Male,Two or More Races,68,2023-04-05,22:00:00,36,True,No referral.,Senior,Evening,Wednesday
8423,333-30-5642,Male,Two or More Races,20,2024-05-16,11:54:00,10,True,No referral.,Young Adult,Day,Thursday
8424,767-85-5226,Male,Two or More Races,11,2023-11-07,15:07:00,15,True,No referral.,Minor,Evening,Tuesday
8425,818-92-9253,Male,Two or More Races,68,2024-03-13,17:22:00,36,True,No referral.,Senior,Evening,Wednesday
8426,151-89-4367,Male,Two or More Races,9,2024-08-26,00:08:00,44,True,No referral.,Minor,Night,Monday
8427,860-93-7338,Male,Two or More Races,74,2024-09-17,22:39:00,55,True,No referral.,Senior,Evening,Tuesday
8428,653-94-6889,Male,Two or More Races,13,2024-04-23,15:00:00,22,True,No referral.,Minor,Evening,Tuesday
8429,856-29-8774,Male,Two or More Races,77,2023-12-31,15:44:00,48,True,No referral.,Senior,Evening,Sunday
8430,645-56-1978,Male,Two or More Races,17,2023-01-12,15:00:00,50,True,No referral.,Minor,Evening,Thursday
8431,219-43-2280,Male,Two or More Races,41,2024-07-16,17:31:00,12,True,No referral.,Adult,Evening,Tuesday
8432,807-34-6476,Male,Two or More Races,55,2023-10-08,12:18:00,15,True,No referral.,Older Adult,Day,Sunday
8433,589-77-8568,Male,Two or More Races,2,2024-04-22,08:42:00,29,True,No referral.,Minor,Day,Monday
8434,334-16-5444,Male,Two or More Races,59,2023-09-30,23:16:00,41,True,No referral.,Older Adult,Night,Saturday
8435,730-27-7143,Male,Two or More Races,39,2024-06-21,01:56:00,53,True,No referral.,Adult,Night,Friday
8436,652-59-4953,Male,Two or More Races,54,2024-03-23,16:00:00,16,True,No referral.,Middle-aged,Evening,Saturday
8437,608-63-6550,Male,Two or More Races,12,2023-06-18,12:21:00,23,True,No referral.,Minor,Day,Sunday
8438,777-79-9434,Male,Two or More Races,55,2023-04-22,01:06:00,25,True,No referral.,Older Adult,Night,Saturday
8439,373-46-4972,Male,Two or More Races,18,2023-04-20,04:54:00,28,True,No referral.,Minor,Night,Thursday
8440,372-98-8410,Male,Two or More Races,11,2023-12-12,02:32:00,40,True,No referral.,Minor,Night,Tuesday
8441,471-87-4670,Male,Two or More Races,51,2024-03-03,20:30:00,44,True,No referral.,Middle-aged,Evening,Sunday
8442,740-85-5462,Male,Two or More Races,24,2023-06-17,23:52:00,47,True,No referral.,Young Adult,Night,Saturday
8443,748-19-0239,Male,Two or More Races,3,2024-04-22,04:05:00,54,True,No referral.,Minor,Night,Monday
8444,306-24-6121,Male,Two or More Races,68,2024-11-03,00:06:00,54,True,No referral.,Senior,Night,Sunday
8445,378-23-0641,Male,Two or More Races,11,2024-01-25,02:22:00,58,True,No referral.,Minor,Night,Thursday
8446,201-02-3198,Male,Two or More Races,78,2024-04-28,21:39:00,16,True,No referral.,Senior,Evening,Sunday
8447,477-57-9877,Male,Two or More Races,19,2023-04-26,14:09:00,17,True,No referral.,Minor,Day,Wednesday
8448,663-45-0284,Male,Two or More Races,22,2023-04-10,15:07:00,40,True,No referral.,Young Adult,Evening,Monday
8449,340-30-7357,Male,Two or More Races,39,2024-06-09,17:59:00,53,True,No referral.,Adult,Evening,Sunday
8450,615-53-7741,Male,Two or More Races,5,2023-08-08,22:27:00,56,True,No referral.,Minor,Evening,Tuesday
8451,354-85-0711,Male,Two or More Races,58,2023-11-12,04:16:00,58,True,No referral.,Older Adult,Night,Sunday
8452,516-86-8847,Male,Two or More Races,24,2023-11-19,10:52:00,10,True,No referral.,Young Adult,Day,Sunday
8453,260-50-0772,Male,Two or More Races,1,2024-12-10,21:07:00,19,True,No referral.,Minor,Evening,Tuesday
8454,152-95-4374,Male,Two or More Races,39,2023-10-05,21:34:00,36,True,No referral.,Adult,Evening,Thursday
8455,512-17-6454,Male,Two or More Races,21,2024-03-25,17:23:00,39,True,No referral.,Young Adult,Evening,Monday
8456,540-90-9866,Male,Two or More Races,44,2023-12-10,20:24:00,58,True,No referral.,Adult,Evening,Sunday
8457,486-61-5733,Male,Two or More Races,8,2024-05-21,19:17:00,33,True,No referral.,Minor,Evening,Tuesday
8458,505-44-9196,Male,Two or More Races,27,2023-01-08,08:58:00,48,True,No referral.,Young Adult,Day,Sunday
8459,667-25-2596,Male,Two or More Races,4,2023-10-06,22:41:00,49,True,No referral.,Minor,Evening,Friday
8460,207-51-4043,Male,Two or More Races,34,2023-09-23,13:33:00,53,True,No referral.,Young Adult,Day,Saturday
8461,844-34-4827,Male,Two or More Races,77,2024-08-30,08:41:00,20,True,No referral.,Senior,Day,Friday
8462,108-47-3243,Male,Two or More Races,32,2023-04-08,19:45:00,25,True,No referral.,Young Adult,Evening,Saturday
8463,200-13-6377,Male,Two or More Races,66,2024-12-07,17:23:00,25,True,No referral.,Senior,Evening,Saturday
8464,869-06-1488,Male,Two or More Races,8,2023-04-05,15:38:00,27,True,No referral.,Minor,Evening,Wednesday
8465,139-35-0163,Male,Two or More Races,53,2024-11-05,05:14:00,43,True,No referral.,Middle-aged,Night,Tuesday
8466,688-41-9049,Male,Two or More Races,17,2024-05-01,22:14:00,48,True,No referral.,Minor,Evening,Wednesday
8467,541-44-8484,Male,Two or More Races,8,2024-01-23,10:05:00,53,True,No referral.,Minor,Day,Tuesday
8468,625-89-3309,Male,Two or More Races,4,2024-08-09,02:46:00,34,True,No referral.,Minor,Night,Friday
8469,200-75-3420,Male,Two or More Races,32,2023-06-26,12:00:00,34,True,No referral.,Young Adult,Day,Monday
8470,650-97-0593,Male,Two or More Races,9,2024-06-30,08:18:00,57,True,No referral.,Minor,Day,Sunday
8471,745-51-9971,Male,Two or More Races,6,2024-03-30,09:57:00,11,True,No referral.,Minor,Day,Saturday
8472,545-41-0302,Male,Two or More Races,17,2023-01-07,02:47:00,14,True,No referral.,Minor,Night,Saturday
8473,835-92-1138,Male,Two or More Races,20,2024-02-04,18:08:00,16,True,No referral.,Young Adult,Evening,Sunday
8474,380-36-1654,Male,Two or More Races,70,2024-02-23,22:13:00,19,True,No referral.,Senior,Evening,Friday
8475,440-92-8721,Male,Two or More Races,1,2023-05-08,13:53:00,36,True,No referral.,Minor,Day,Monday
8476,131-97-5369,Male,Two or More Races,58,2024-08-15,07:04:00,40,True,No referral.,Older Adult,Day,Thursday
8477,521-73-3836,Male,Two or More Races,49,2023-03-07,06:09:00,52,True,No referral.,Middle-aged,Night,Tuesday
8478,432-34-6666,Male,Two or More Races,62,2024-02-29,14:23:00,56,True,No referral.,Older Adult,Day,Thursday
8479,505-83-6268,Male,Two or More Races,47,2024-10-25,07:44:00,60,True,No referral.,Middle-aged,Day,Friday
8480,507-05-2603,Male,Two or More Races,54,2024-03-18,04:58:00,60,True,No referral.,Middle-aged,Night,Monday
8481,735-92-5480,Male,Two or More Races,70,2024-09-15,05:50:00,60,True,No referral.,Senior,Night,Sunday
8482,168-40-6071,Male,Two or More Races,22,2023-09-27,08:44:00,14,True,No referral.,Young Adult,Day,Wednesday
8483,620-22-0920,Male,Two or More Races,38,2024-03-13,06:28:00,34,True,No referral.,Adult,Night,Wednesday
8484,465-75-1783,Male,Two or More Races,27,2023-12-22,02:08:00,38,True,No referral.,Young Adult,Night,Friday
8485,424-08-9152,Male,Two or More Races,34,2024-07-20,11:20:00,10,True,No referral.,Young Adult,Day,Saturday
8486,794-84-7228,Male,Two or More Races,48,2024-11-07,18:23:00,22,True,No referral.,Middle-aged,Evening,Thursday
8487,869-64-3032,Male,Two or More Races,16,2023-11-08,12:17:00,27,True,No referral.,Minor,Day,Wednesday
8488,407-35-0875,Male,Two or More Races,44,2024-08-14,12:21:00,41,True,No referral.,Adult,Day,Wednesday
8489,695-66-2594,Male,Two or More Races,75,2023-03-11,11:06:00,44,True,No referral.,Senior,Day,Saturday
8490,467-25-9553,Male,Two or More Races,32,2023-05-09,02:25:00,12,True,No referral.,Young Adult,Night,Tuesday
8491,587-69-3886,Male,Two or More Races,62,2024-10-01,23:58:00,12,True,No referral.,Older Adult,Night,Tuesday
8492,463-53-5459,Male,Two or More Races,66,2023-07-28,06:10:00,23,True,No referral.,Senior,Night,Friday
8493,433-05-4611,Male,Two or More Races,57,2024-02-26,13:58:00,34,True,No referral.,Older Adult,Day,Monday
8494,785-87-9452,Male,Two or More Races,17,2023-03-06,14:54:00,40,True,No referral.,Minor,Day,Monday
8495,643-12-7293,Male,Two or More Races,6,2024-10-10,08:50:00,42,True,No referral.,Minor,Day,Thursday
8496,852-26-5911,Male,Two or More Races,62,2023-09-04,22:06:00,47,True,No referral.,Older Adult,Evening,Monday
8497,268-42-8258,Male,Two or More Races,10,2024-09-29,02:27:00,24,True,No referral.,Minor,Night,Sunday
8498,436-58-0592,Male,Two or More Races,20,2024-03-21,07:57:00,31,True,No referral.,Young Adult,Day,Thursday
8499,613-66-1124,Male,Two or More Races,7,2024-08-20,05:52:00,40,True,No referral.,Minor,Night,Tuesday
8500,177-46-8112,Male,Two or More Races,40,2024-10-18,07:32:00,43,True,No referral.,Adult,Day,Friday
8501,833-93-8772,Male,Two or More Races,46,2024-07-07,00:07:00,17,True,No referral.,Middle-aged,Night,Sunday
8502,889-96-0217,Male,Two or More Races,40,2024-11-10,05:25:00,38,True,No referral.,Adult,Night,Sunday
8503,400-45-2411,Male,Two or More Races,34,2023-09-04,08:34:00,43,True,No referral.,Young Adult,Day,Monday
8504,140-49-7915,Male,Two or More Races,16,2023-08-23,21:21:00,49,True,No referral.,Minor,Evening,Wednesday
8505,792-55-4914,Male,Two or More Races,41,2024-02-26,11:55:00,60,True,No referral.,Adult,Day,Monday
8506,708-49-4528,Male,Two or More Races,31,2024-06-02,07:22:00,10,True,No referral.,Young Adult,Day,Sunday
8507,713-12-8133,Male,Two or More Races,37,2024-03-31,16:44:00,10,True,No referral.,Adult,Evening,Sunday
8508,611-07-3371,Male,Two or More Races,69,2024-04-10,10:19:00,30,True,No referral.,Senior,Day,Wednesday
8509,776-46-7862,Male,Two or More Races,31,2024-03-18,06:44:00,31,True,No referral.,Young Adult,Night,Monday
8510,437-12-0284,Male,Two or More Races,53,2023-09-05,08:53:00,31,True,No referral.,Middle-aged,Day,Tuesday
8511,478-39-3852,Male,Two or More Races,70,2024-04-28,15:19:00,39,True,No referral.,Senior,Evening,Sunday
8512,179-33-1012,Male,Two or More Races,1,2024-08-23,07:45:00,40,True,No referral.,Minor,Day,Friday
8513,181-08-6985,Male,Two or More Races,28,2024-01-21,03:27:00,44,True,No referral.,Young Adult,Night,Sunday
8514,475-86-8257,Male,Two or More Races,12,2024-10-13,08:33:00,47,True,No referral.,Minor,Day,Sunday
8515,284-83-4586,Male,Two or More Races,26,2024-12-01,19:38:00,50,True,No referral.,Young Adult,Evening,Sunday
8516,503-77-7043,Male,Two or More Races,11,2023-08-07,18:32:00,58,True,No referral.,Minor,Evening,Monday
8517,789-74-0963,Male,Two or More Races,1,2024-10-20,12:49:00,22,True,No referral.,Minor,Day,Sunday
8518,383-79-7807,Male,Two or More Races,11,2024-07-31,17:49:00,29,True,No referral.,Minor,Evening,Wednesday
8519,761-63-9036,Male,Two or More Races,6,2024-05-13,16:00:00,51,True,No referral.,Minor,Evening,Monday
8520,206-49-3654,Male,Two or More Races,16,2023-05-26,01:34:00,55,True,No referral.,Minor,Night,Friday
8521,694-36-7479,Male,Two or More Races,75,2023-07-13,00:19:00,55,True,No referral.,Senior,Night,Thursday
8522,453-22-0526,Male,Two or More Races,78,2024-08-22,19:31:00,55,True,No referral.,Senior,Evening,Thursday
8523,473-65-5369,Male,Two or More Races,54,2023-02-10,04:20:00,26,True,No referral.,Middle-aged,Night,Friday
8524,383-99-2729,Male,Two or More Races,77,2024-11-03,08:36:00,43,True,No referral.,Senior,Day,Sunday
8525,785-67-8305,Male,Two or More Races,2,2024-09-03,02:26:00,29,True,No referral.,Minor,Night,Tuesday
8526,569-71-9134,Male,Two or More Races,2,2023-06-28,06:57:00,60,True,No referral.,Minor,Night,Wednesday
8527,880-92-3850,Male,Two or More Races,38,2024-01-14,05:56:00,37,True,No referral.,Adult,Night,Sunday
8528,116-72-8706,Male,Two or More Races,73,2024-08-07,23:11:00,20,True,No referral.,Senior,Night,Wednesday
8529,284-29-3382,Male,Two or More Races,25,2023-05-06,19:33:00,35,True,No referral.,Young Adult,Evening,Saturday
8530,780-41-8910,Male,Two or More Races,18,2023-04-10,13:54:00,15,True,No referral.,Minor,Day,Monday
8531,480-89-1845,Male,Two or More Races,77,2024-02-14,05:28:00,12,True,No referral.,Senior,Night,Wednesday
8532,615-95-1605,Male,Two or More Races,48,2023-12-29,23:57:00,37,True,No referral.,Middle-aged,Night,Friday
8533,669-65-6281,Male,Two or More Races,9,2023-12-06,22:07:00,13,True,No referral.,Minor,Evening,Wednesday
8534,202-24-9835,Male,Two or More Races,55,2024-10-06,05:38:00,39,True,No referral.,Older Adult,Night,Sunday
8535,463-20-0140,Male,Two or More Races,28,2024-09-06,13:50:00,44,True,No referral.,Young Adult,Day,Friday
8536,482-71-0293,Male,Two or More Races,10,2023-06-28,23:10:00,45,True,No referral.,Minor,Night,Wednesday
8537,660-02-3659,Male,Two or More Races,60,2024-11-01,14:10:00,27,True,No referral.,Older Adult,Day,Friday
8538,205-98-5561,Male,Two or More Races,26,2023-09-22,14:33:00,56,True,No referral.,Young Adult,Day,Friday
8539,481-53-7133,Male,Two or More Races,4,2024-11-06,07:28:00,18,True,No referral.,Minor,Day,Wednesday
8540,854-98-6409,Male,Two or More Races,56,2024-04-27,14:38:00,30,True,No referral.,Older Adult,Day,Saturday
8541,716-30-8175,Male,Two or More Races,49,2023-06-24,09:39:00,51,True,No referral.,Middle-aged,Day,Saturday
8542,821-22-4619,Male,Two or More Races,58,2023-06-23,22:59:00,11,True,No referral.,Older Adult,Evening,Friday
8543,863-56-7331,Male,Two or More Races,79,2024-03-06,22:03:00,58,True,No referral.,Senior,Evening,Wednesday
8544,279-58-2148,Male,Two or More Races,36,2024-08-31,08:06:00,22,True,No referral.,Adult,Day,Saturday
8545,199-68-5630,Male,Two or More Races,60,2024-08-15,10:43:00,42,True,No referral.,Older Adult,Day,Thursday
8546,870-58-8114,Male,Two or More Races,49,2024-06-28,16:18:00,13,True,No referral.,Middle-aged,Evening,Friday
8547,301-26-2921,Male,Two or More Races,25,2023-04-06,14:26:00,27,True,No referral.,Young Adult,Day,Thursday
8548,589-78-2886,Male,Two or More Races,69,2023-12-15,02:53:00,41,True,No referral.,Senior,Night,Friday
8549,500-49-4724,Male,Two or More Races,49,2024-06-15,23:16:00,24,True,No referral.,Middle-aged,Night,Saturday
8550,778-11-6117,Male,Two or More Races,70,2023-07-17,16:51:00,55,True,No referral.,Senior,Evening,Monday
8551,661-57-2793,Male,Two or More Races,35,2023-08-07,00:24:00,27,True,No referral.,Adult,Night,Monday
8552,781-76-4333,Male,Two or More Races,25,2023-04-30,03:28:00,53,True,No referral.,Young Adult,Night,Sunday
8553,668-63-4361,Male,Two or More Races,24,2023-07-21,06:54:00,27,True,No referral.,Young Adult,Night,Friday
8554,364-59-6845,Male,Two or More Races,60,2024-07-19,05:43:00,15,True,No referral.,Older Adult,Night,Friday
8555,723-80-5184,Male,Two or More Races,60,2023-09-11,02:35:00,20,True,No referral.,Older Adult,Night,Monday
8556,676-37-4447,Male,Two or More Races,51,2024-04-04,20:09:00,54,True,No referral.,Middle-aged,Evening,Thursday
8557,155-97-7139,Male,Two or More Races,33,2024-04-24,16:30:00,47,True,No referral.,Young Adult,Evening,Wednesday
8558,236-16-8116,Male,Two or More Races,41,2023-09-30,15:16:00,20,True,No referral.,Adult,Evening,Saturday
8559,501-36-6469,Male,Two or More Races,22,2024-04-24,11:15:00,19,True,No referral.,Young Adult,Day,Wednesday
8560,852-57-5816,Male,Two or More Races,14,2024-03-28,23:43:00,10,True,No referral.,Minor,Night,Thursday
8561,633-04-8648,Male,Two or More Races,74,2023-09-29,05:57:00,59,True,No referral.,Senior,Night,Friday
8562,156-85-7175,Male,Two or More Races,41,2024-05-16,17:24:00,51,True,No referral.,Adult,Evening,Thursday
8563,638-94-7394,Male,Two or More Races,37,2023-11-30,15:49:00,45,True,No referral.,Adult,Evening,Thursday
8564,840-81-0704,Male,Two or More Races,13,2024-09-30,05:08:00,27,True,No referral.,Minor,Night,Monday
8565,591-32-2487,Male,Two or More Races,65,2024-03-21,01:07:00,48,True,No referral.,Senior,Night,Thursday
8566,894-14-7789,Male,Two or More Races,61,2024-06-03,17:06:00,20,True,No referral.,Older Adult,Evening,Monday
8567,357-69-5446,Male,Two or More Races,41,2024-03-01,05:57:00,57,True,Orthopedics,Adult,Night,Friday
8568,769-78-1792,Male,Two or More Races,33,2023-08-29,06:20:00,24,True,Orthopedics,Young Adult,Night,Tuesday
8569,160-36-8458,Male,Two or More Races,49,2024-06-24,23:36:00,60,True,Orthopedics,Middle-aged,Night,Monday
8570,615-29-6442,Male,Two or More Races,8,2024-06-17,22:49:00,25,True,Orthopedics,Minor,Evening,Monday
8571,822-88-4417,Male,Two or More Races,33,2024-05-02,01:40:00,35,True,Orthopedics,Young Adult,Night,Thursday
8572,182-69-5382,Male,Two or More Races,21,2024-04-09,02:17:00,12,True,Orthopedics,Young Adult,Night,Tuesday
8573,129-10-3775,Male,Two or More Races,11,2023-06-22,13:44:00,20,True,Orthopedics,Minor,Day,Thursday
8574,691-51-1570,Male,Two or More Races,44,2023-09-27,10:09:00,35,True,Orthopedics,Adult,Day,Wednesday
8575,270-64-7975,Male,Two or More Races,11,2024-07-07,18:36:00,40,True,Orthopedics,Minor,Evening,Sunday
8576,818-07-9151,Male,Two or More Races,15,2024-08-20,17:49:00,42,True,Orthopedics,Minor,Evening,Tuesday
8577,118-25-0553,Male,Two or More Races,3,2023-11-29,05:42:00,50,True,Orthopedics,Minor,Night,Wednesday
8578,555-22-1922,Male,Two or More Races,4,2023-05-31,07:33:00,19,True,Orthopedics,Minor,Day,Wednesday
8579,534-62-6569,Male,Two or More Races,13,2023-09-15,05:04:00,24,True,Orthopedics,Minor,Night,Friday
8580,372-37-2243,Male,Two or More Races,22,2024-09-22,11:05:00,20,True,Orthopedics,Young Adult,Day,Sunday
8581,327-24-4976,Male,Two or More Races,39,2023-12-07,23:26:00,24,True,Orthopedics,Adult,Night,Thursday
8582,172-88-9711,Male,Two or More Races,61,2024-12-01,21:21:00,37,True,Orthopedics,Older Adult,Evening,Sunday
8583,854-70-8374,Male,Two or More Races,13,2023-08-17,20:50:00,50,True,Orthopedics,Minor,Evening,Thursday
8584,886-46-5748,Male,Two or More Races,19,2023-08-16,22:54:00,45,True,Orthopedics,Minor,Evening,Wednesday
8585,402-85-5587,Male,Two or More Races,26,2024-01-13,04:08:00,42,True,Orthopedics,Young Adult,Night,Saturday
8586,140-92-4110,Male,Two or More Races,45,2023-09-07,02:15:00,12,True,Orthopedics,Middle-aged,Night,Thursday
8587,690-03-4668,Male,Two or More Races,61,2024-03-08,01:27:00,18,True,Orthopedics,Older Adult,Night,Friday
8588,793-25-4580,Male,Two or More Races,78,2024-01-21,15:36:00,23,True,Orthopedics,Senior,Evening,Sunday
8589,679-23-8667,Male,Two or More Races,67,2024-03-27,06:32:00,58,True,Orthopedics,Senior,Night,Wednesday
8590,458-91-1637,Male,Two or More Races,30,2024-01-27,00:58:00,15,True,Orthopedics,Young Adult,Night,Saturday
8591,293-25-8403,Male,Two or More Races,25,2023-05-10,17:47:00,49,True,Orthopedics,Young Adult,Evening,Wednesday
8592,651-85-9191,Male,Two or More Races,50,2023-05-22,20:44:00,56,True,Orthopedics,Middle-aged,Evening,Monday
8593,866-83-2347,Male,Two or More Races,46,2023-01-11,10:53:00,12,True,Orthopedics,Middle-aged,Day,Wednesday
8594,394-04-2226,Male,Two or More Races,7,2024-07-30,22:16:00,27,True,Orthopedics,Minor,Evening,Tuesday
8595,431-19-3103,Male,Two or More Races,17,2024-09-07,23:09:00,17,True,Orthopedics,Minor,Night,Saturday
8596,475-97-6923,Male,Two or More Races,45,2023-07-09,00:03:00,39,True,Orthopedics,Middle-aged,Night,Sunday
8597,713-89-1201,Male,Two or More Races,31,2023-12-18,16:00:00,26,True,Orthopedics,Young Adult,Evening,Monday
8598,496-61-3003,Male,Two or More Races,39,2024-09-26,10:01:00,21,True,Orthopedics,Adult,Day,Thursday
8599,589-73-5235,Male,Two or More Races,23,2023-10-30,17:11:00,16,True,Orthopedics,Young Adult,Evening,Monday
8600,660-54-4475,Male,Two or More Races,34,2023-02-05,06:00:00,45,True,Orthopedics,Young Adult,Night,Sunday
8601,651-53-5303,Male,Two or More Races,65,2023-10-13,09:54:00,25,True,Orthopedics,Senior,Day,Friday
8602,839-14-7913,Male,Two or More Races,53,2023-05-08,18:58:00,35,True,Orthopedics,Middle-aged,Evening,Monday
8603,464-93-5592,Male,Two or More Races,33,2024-03-30,10:13:00,19,True,Orthopedics,Young Adult,Day,Saturday
8604,408-38-1483,Male,Two or More Races,66,2023-12-18,20:16:00,39,True,Orthopedics,Senior,Evening,Monday
8605,752-04-6939,Male,Two or More Races,64,2023-12-16,20:06:00,11,True,Orthopedics,Older Adult,Evening,Saturday
8606,776-20-3570,Male,Two or More Races,76,2023-07-27,02:13:00,44,True,Orthopedics,Senior,Night,Thursday
8607,785-59-9671,Male,Two or More Races,35,2024-08-02,18:52:00,42,True,Orthopedics,Adult,Evening,Friday
8608,494-29-1509,Male,Two or More Races,36,2024-08-30,02:12:00,23,True,Orthopedics,Adult,Night,Friday
8609,344-30-6145,Male,Two or More Races,64,2024-08-01,18:39:00,21,True,Orthopedics,Older Adult,Evening,Thursday
8610,514-50-5992,Male,Two or More Races,9,2023-09-16,13:45:00,41,True,Orthopedics,Minor,Day,Saturday
8611,225-31-4539,Male,Two or More Races,56,2024-08-23,16:34:00,60,True,Orthopedics,Older Adult,Evening,Friday
8612,878-88-0557,Male,Two or More Races,66,2023-06-29,16:39:00,22,True,Physiotherapy,Senior,Evening,Thursday
8613,675-28-6083,Male,Two or More Races,33,2024-04-01,05:36:00,60,True,Physiotherapy,Young Adult,Night,Monday
8614,508-01-3723,Male,Two or More Races,42,2023-05-16,09:59:00,35,True,Physiotherapy,Adult,Day,Tuesday
8615,406-91-4923,Male,Two or More Races,63,2023-04-19,15:29:00,14,True,Physiotherapy,Older Adult,Evening,Wednesday
8616,115-79-7016,Male,Two or More Races,24,2024-12-03,11:53:00,57,True,Physiotherapy,Young Adult,Day,Tuesday
8617,408-31-6363,Male,Two or More Races,42,2023-04-13,23:14:00,20,True,Physiotherapy,Adult,Night,Thursday
8618,227-48-3082,Male,Two or More Races,29,2023-10-23,17:44:00,15,True,Physiotherapy,Young Adult,Evening,Monday
8619,141-29-4628,Male,Two or More Races,10,2024-05-18,08:54:00,55,True,Renal,Minor,Day,Saturday
8620,526-88-1708,Male,Two or More Races,51,2024-05-13,02:37:00,33,True,Renal,Middle-aged,Night,Monday
8621,501-27-9080,Male,White,39,2023-04-24,04:56:00,48,True,Cardiology,Adult,Night,Monday
8622,433-30-7441,Male,White,37,2024-07-06,10:43:00,12,True,Cardiology,Adult,Day,Saturday
8623,526-81-5714,Male,White,4,2023-04-15,23:11:00,12,True,Cardiology,Minor,Night,Saturday
8624,887-82-9940,Male,White,60,2024-10-08,20:56:00,21,True,Cardiology,Older Adult,Evening,Tuesday
8625,783-67-0223,Male,White,30,2023-11-18,01:43:00,56,True,Cardiology,Young Adult,Night,Saturday
8626,705-01-0507,Male,White,5,2023-07-13,02:59:00,58,True,Cardiology,Minor,Night,Thursday
8627,115-32-2532,Male,White,31,2024-02-16,21:45:00,29,True,Cardiology,Young Adult,Evening,Friday
8628,205-08-4156,Male,White,20,2024-01-14,08:29:00,30,True,Cardiology,Young Adult,Day,Sunday
8629,310-36-1997,Male,White,69,2024-08-01,19:56:00,34,True,Cardiology,Senior,Evening,Thursday
8630,432-48-3598,Male,White,77,2023-10-18,22:45:00,46,True,Cardiology,Senior,Evening,Wednesday
8631,843-67-2984,Male,White,28,2024-04-27,18:21:00,58,True,Cardiology,Young Adult,Evening,Saturday
8632,183-15-3162,Male,White,75,2023-09-30,08:36:00,23,True,Cardiology,Senior,Day,Saturday
8633,635-58-7242,Male,White,23,2024-08-22,09:47:00,45,True,Cardiology,Young Adult,Day,Thursday
8634,243-38-7373,Male,White,27,2024-08-25,07:17:00,38,True,Cardiology,Young Adult,Day,Sunday
8635,304-65-0090,Male,White,57,2024-05-01,23:08:00,17,True,Cardiology,Older Adult,Night,Wednesday
8636,281-92-5130,Male,White,53,2023-09-13,09:10:00,27,True,Gastroenterology,Middle-aged,Day,Wednesday
8637,374-86-5785,Male,White,42,2023-05-22,23:09:00,51,True,Gastroenterology,Adult,Night,Monday
8638,264-56-3045,Male,White,45,2023-10-11,08:08:00,58,True,Gastroenterology,Middle-aged,Day,Wednesday
8639,270-42-2156,Male,White,32,2024-09-13,04:19:00,24,True,Gastroenterology,Young Adult,Night,Friday
8640,326-79-7662,Male,White,48,2023-02-07,03:30:00,14,True,Gastroenterology,Middle-aged,Night,Tuesday
8641,377-92-8039,Male,White,61,2024-02-02,14:08:00,58,True,Gastroenterology,Older Adult,Day,Friday
8642,873-79-1304,Male,White,38,2024-12-01,10:07:00,23,True,General Practice,Adult,Day,Sunday
8643,881-53-4471,Male,White,50,2024-07-23,13:40:00,41,True,General Practice,Middle-aged,Day,Tuesday
8644,417-59-9693,Male,White,69,2023-10-16,01:38:00,42,True,General Practice,Senior,Night,Monday
8645,276-21-4303,Male,White,9,2023-07-27,06:38:00,15,True,General Practice,Minor,Night,Thursday
8646,897-70-0488,Male,White,1,2023-09-10,19:52:00,26,True,General Practice,Minor,Evening,Sunday
8647,862-70-5127,Male,White,52,2023-11-25,11:09:00,47,True,General Practice,Middle-aged,Day,Saturday
8648,792-52-7007,Male,White,19,2023-09-12,01:06:00,53,True,General Practice,Minor,Night,Tuesday
8649,808-32-5113,Male,White,57,2024-06-10,18:20:00,27,True,General Practice,Older Adult,Evening,Monday
8650,331-62-8519,Male,White,61,2024-08-23,09:12:00,28,True,General Practice,Older Adult,Day,Friday
8651,133-11-6007,Male,White,7,2024-08-02,10:40:00,29,True,General Practice,Minor,Day,Friday
8652,427-86-0695,Male,White,64,2023-12-16,05:04:00,17,True,General Practice,Older Adult,Night,Saturday
8653,454-13-3336,Male,White,57,2023-12-12,23:17:00,31,True,General Practice,Older Adult,Night,Tuesday
8654,641-36-6818,Male,White,67,2023-04-05,12:43:00,38,True,General Practice,Senior,Day,Wednesday
8655,665-83-3965,Male,White,36,2023-02-09,04:14:00,49,True,General Practice,Adult,Night,Thursday
8656,163-30-8422,Male,White,17,2023-07-22,11:39:00,31,True,General Practice,Minor,Day,Saturday
8657,456-69-5853,Male,White,72,2023-06-06,06:00:00,34,True,General Practice,Senior,Night,Tuesday
8658,467-75-7746,Male,White,33,2024-10-24,00:15:00,50,True,General Practice,Young Adult,Night,Thursday
8659,875-69-0558,Male,White,52,2023-06-07,22:41:00,50,True,General Practice,Middle-aged,Evening,Wednesday
8660,634-99-3068,Male,White,10,2024-07-28,14:16:00,57,True,General Practice,Minor,Day,Sunday
8661,755-45-9567,Male,White,48,2023-07-13,15:11:00,26,True,General Practice,Middle-aged,Evening,Thursday
8662,866-62-4550,Male,White,7,2024-01-19,08:19:00,28,True,General Practice,Minor,Day,Friday
8663,769-21-9746,Male,White,9,2023-12-24,08:02:00,43,True,General Practice,Minor,Day,Sunday
8664,438-20-3934,Male,White,47,2023-06-15,09:14:00,51,True,General Practice,Middle-aged,Day,Thursday
8665,177-67-6738,Male,White,69,2024-10-03,04:36:00,34,True,General Practice,Senior,Night,Thursday
8666,689-18-3885,Male,White,59,2023-12-15,05:28:00,57,True,General Practice,Older Adult,Night,Friday
8667,808-42-3073,Male,White,65,2024-04-20,16:30:00,12,True,General Practice,Senior,Evening,Saturday
8668,686-06-2832,Male,White,57,2024-08-02,03:13:00,38,True,General Practice,Older Adult,Night,Friday
8669,340-91-1652,Male,White,66,2023-06-27,11:42:00,45,True,General Practice,Senior,Day,Tuesday
8670,682-32-7258,Male,White,28,2023-04-18,04:26:00,46,True,General Practice,Young Adult,Night,Tuesday
8671,669-39-9157,Male,White,51,2024-06-08,22:13:00,58,True,General Practice,Middle-aged,Evening,Saturday
8672,721-80-1480,Male,White,70,2023-12-16,13:41:00,27,True,General Practice,Senior,Day,Saturday
8673,845-51-5919,Male,White,7,2024-08-15,18:19:00,35,True,General Practice,Minor,Evening,Thursday
8674,280-40-2482,Male,White,50,2024-01-10,18:58:00,22,True,General Practice,Middle-aged,Evening,Wednesday
8675,500-68-7748,Male,White,5,2024-05-06,22:22:00,25,True,General Practice,Minor,Evening,Monday
8676,443-73-2447,Male,White,21,2023-02-12,20:03:00,27,True,General Practice,Young Adult,Evening,Sunday
8677,295-99-2730,Male,White,66,2023-01-06,08:42:00,31,True,General Practice,Senior,Day,Friday
8678,656-95-1748,Male,White,43,2023-05-19,19:59:00,55,True,General Practice,Adult,Evening,Friday
8679,208-78-8201,Male,White,59,2024-05-31,01:55:00,60,True,General Practice,Older Adult,Night,Friday
8680,582-07-3138,Male,White,38,2023-09-20,16:48:00,50,True,General Practice,Adult,Evening,Wednesday
8681,872-59-7286,Male,White,23,2024-06-29,06:00:00,11,True,General Practice,Young Adult,Night,Saturday
8682,195-15-7594,Male,White,28,2023-07-30,20:16:00,44,True,General Practice,Young Adult,Evening,Sunday
8683,618-26-1175,Male,White,26,2024-09-26,04:32:00,53,True,General Practice,Young Adult,Night,Thursday
8684,137-63-6654,Male,White,33,2024-04-13,09:23:00,12,True,General Practice,Young Adult,Day,Saturday
8685,177-31-8738,Male,White,38,2023-09-27,07:36:00,36,True,General Practice,Adult,Day,Wednesday
8686,318-75-8375,Male,White,51,2024-12-06,09:52:00,37,True,General Practice,Middle-aged,Day,Friday
8687,724-81-2611,Male,White,66,2024-09-14,09:23:00,25,True,General Practice,Senior,Day,Saturday
8688,679-41-7943,Male,White,68,2023-08-04,00:22:00,33,True,General Practice,Senior,Night,Friday
8689,738-01-2456,Male,White,1,2024-08-10,01:08:00,49,True,General Practice,Minor,Night,Saturday
8690,533-11-5273,Male,White,11,2023-06-04,14:55:00,51,True,General Practice,Minor,Day,Sunday
8691,890-40-4074,Male,White,26,2024-09-22,02:44:00,57,True,General Practice,Young Adult,Night,Sunday
8692,886-56-4454,Male,White,34,2024-06-03,10:50:00,21,True,General Practice,Young Adult,Day,Monday
8693,559-96-7506,Male,White,17,2024-09-25,23:37:00,22,True,General Practice,Minor,Night,Wednesday
8694,343-44-5828,Male,White,39,2023-06-24,06:09:00,37,True,General Practice,Adult,Night,Saturday
8695,498-71-1583,Male,White,18,2023-10-15,20:06:00,13,True,General Practice,Minor,Evening,Sunday
8696,273-38-6262,Male,White,11,2024-04-04,13:03:00,26,True,General Practice,Minor,Day,Thursday
8697,448-09-4952,Male,White,74,2024-06-18,13:24:00,46,True,General Practice,Senior,Day,Tuesday
8698,426-75-5201,Male,White,1,2023-08-10,07:07:00,11,True,General Practice,Minor,Day,Thursday
8699,232-09-9829,Male,White,12,2024-09-13,13:37:00,16,True,General Practice,Minor,Day,Friday
8700,706-28-9466,Male,White,60,2023-07-18,05:01:00,34,True,General Practice,Older Adult,Night,Tuesday
8701,654-95-0119,Male,White,15,2024-06-08,09:57:00,19,True,General Practice,Minor,Day,Saturday
8702,265-67-6171,Male,White,53,2024-10-08,18:37:00,19,True,General Practice,Middle-aged,Evening,Tuesday
8703,708-38-2408,Male,White,75,2024-06-13,20:24:00,52,True,General Practice,Senior,Evening,Thursday
8704,452-23-4397,Male,White,43,2023-08-09,07:23:00,12,True,General Practice,Adult,Day,Wednesday
8705,264-87-9312,Male,White,3,2023-10-07,14:43:00,17,True,General Practice,Minor,Day,Saturday
8706,241-31-1101,Male,White,25,2024-08-14,07:40:00,12,True,General Practice,Young Adult,Day,Wednesday
8707,257-76-2460,Male,White,61,2023-08-27,06:55:00,21,True,General Practice,Older Adult,Night,Sunday
8708,884-78-8447,Male,White,21,2023-07-17,18:34:00,24,True,General Practice,Young Adult,Evening,Monday
8709,482-49-4853,Male,White,16,2023-08-06,08:18:00,51,True,General Practice,Minor,Day,Sunday
8710,242-09-7129,Male,White,36,2023-08-19,23:15:00,55,True,General Practice,Adult,Night,Saturday
8711,598-11-7544,Male,White,29,2024-04-10,11:04:00,30,True,General Practice,Young Adult,Day,Wednesday
8712,197-06-5889,Male,White,76,2024-04-16,17:58:00,10,True,General Practice,Senior,Evening,Tuesday
8713,858-63-0712,Male,White,5,2024-10-21,17:30:00,43,True,General Practice,Minor,Evening,Monday
8714,736-49-0121,Male,White,19,2023-10-16,02:36:00,13,True,General Practice,Minor,Night,Monday
8715,728-02-9993,Male,White,43,2023-04-27,21:27:00,23,True,General Practice,Adult,Evening,Thursday
8716,782-24-4159,Male,White,50,2023-12-15,19:36:00,11,True,General Practice,Middle-aged,Evening,Friday
8717,518-17-5917,Male,White,75,2024-03-15,14:48:00,43,True,General Practice,Senior,Day,Friday
8718,128-48-8963,Male,White,5,2024-09-27,03:50:00,12,True,General Practice,Minor,Night,Friday
8719,194-48-5045,Male,White,6,2024-09-18,08:27:00,13,True,General Practice,Minor,Day,Wednesday
8720,120-12-5049,Male,White,40,2024-05-21,08:48:00,40,True,General Practice,Adult,Day,Tuesday
8721,278-50-0744,Male,White,48,2024-05-13,14:58:00,12,True,General Practice,Middle-aged,Day,Monday
8722,829-82-4394,Male,White,46,2024-08-05,13:26:00,48,True,General Practice,Middle-aged,Day,Monday
8723,247-10-0203,Male,White,7,2024-01-15,03:16:00,23,True,General Practice,Minor,Night,Monday
8724,375-69-3471,Male,White,21,2024-07-06,08:47:00,47,True,General Practice,Young Adult,Day,Saturday
8725,400-71-7034,Male,White,46,2024-09-19,05:13:00,14,True,General Practice,Middle-aged,Night,Thursday
8726,349-17-8032,Male,White,70,2024-12-02,03:55:00,51,True,General Practice,Senior,Night,Monday
8727,248-68-6775,Male,White,37,2024-05-01,01:44:00,14,True,General Practice,Adult,Night,Wednesday
8728,872-56-7401,Male,White,53,2024-01-27,07:54:00,57,True,General Practice,Middle-aged,Day,Saturday
8729,877-12-7269,Male,White,33,2023-12-13,07:45:00,17,True,General Practice,Young Adult,Day,Wednesday
8730,630-70-3180,Male,White,39,2023-09-04,13:35:00,36,True,General Practice,Adult,Day,Monday
8731,191-38-8114,Male,White,52,2024-12-07,13:31:00,50,True,General Practice,Middle-aged,Day,Saturday
8732,101-35-7039,Male,White,26,2024-08-02,22:15:00,56,True,General Practice,Young Adult,Evening,Friday
8733,894-47-3029,Male,White,29,2023-10-04,16:23:00,48,True,General Practice,Young Adult,Evening,Wednesday
8734,104-23-2977,Male,White,11,2024-07-29,18:56:00,29,True,General Practice,Minor,Evening,Monday
8735,282-30-8388,Male,White,56,2024-10-15,23:18:00,44,True,General Practice,Older Adult,Night,Tuesday
8736,326-64-7528,Male,White,40,2023-04-16,13:38:00,15,True,General Practice,Adult,Day,Sunday
8737,864-15-2003,Male,White,53,2024-10-14,00:57:00,44,True,General Practice,Middle-aged,Night,Monday
8738,181-73-8685,Male,White,14,2024-12-05,18:07:00,53,True,General Practice,Minor,Evening,Thursday
8739,230-08-3256,Male,White,35,2023-11-07,09:11:00,35,True,General Practice,Adult,Day,Tuesday
8740,158-66-6113,Male,White,9,2024-09-17,11:08:00,42,True,General Practice,Minor,Day,Tuesday
8741,722-82-4175,Male,White,49,2024-08-13,06:59:00,16,True,Neurology,Middle-aged,Night,Tuesday
8742,185-30-2557,Male,White,59,2024-08-08,01:31:00,36,True,Neurology,Older Adult,Night,Thursday
8743,471-40-0310,Male,White,1,2024-01-09,07:41:00,46,True,Neurology,Minor,Day,Tuesday
8744,479-72-7618,Male,White,76,2023-07-22,23:20:00,60,True,Neurology,Senior,Night,Saturday
8745,400-76-7705,Male,White,18,2024-01-29,07:14:00,18,True,Neurology,Minor,Day,Monday
8746,899-18-1079,Male,White,25,2024-08-01,05:08:00,48,True,Neurology,Young Adult,Night,Thursday
8747,218-34-9028,Male,White,52,2024-08-31,19:03:00,33,True,Neurology,Middle-aged,Evening,Saturday
8748,754-36-2288,Male,White,30,2023-05-13,04:43:00,60,True,Neurology,Young Adult,Night,Saturday
8749,380-81-4560,Male,White,41,2023-06-09,05:38:00,27,True,Neurology,Adult,Night,Friday
8750,373-52-0135,Male,White,10,2024-09-24,05:18:00,32,True,Neurology,Minor,Night,Tuesday
8751,247-92-7347,Male,White,78,2024-10-25,19:56:00,16,True,No referral.,Senior,Evening,Friday
8752,346-22-5485,Male,White,44,2023-06-10,08:37:00,28,True,No referral.,Adult,Day,Saturday
8753,523-28-0782,Male,White,43,2023-06-18,14:03:00,35,True,No referral.,Adult,Day,Sunday
8754,700-76-1641,Male,White,5,2024-09-20,19:28:00,40,True,No referral.,Minor,Evening,Friday
8755,119-60-5805,Male,White,18,2023-08-15,14:27:00,48,True,No referral.,Minor,Day,Tuesday
8756,453-39-5194,Male,White,19,2024-05-03,16:53:00,13,True,No referral.,Minor,Evening,Friday
8757,627-07-2664,Male,White,18,2023-07-06,04:09:00,14,True,No referral.,Minor,Night,Thursday
8758,586-19-7401,Male,White,25,2024-04-01,23:29:00,15,True,No referral.,Young Adult,Night,Monday
8759,351-71-9604,Male,White,75,2024-11-10,06:52:00,15,True,No referral.,Senior,Night,Sunday
8760,885-13-5256,Male,White,52,2023-12-25,11:24:00,29,True,No referral.,Middle-aged,Day,Monday
8761,575-40-1753,Male,White,42,2023-07-10,01:36:00,43,True,No referral.,Adult,Night,Monday
8762,465-15-3314,Male,White,13,2023-06-15,22:38:00,45,True,No referral.,Minor,Evening,Thursday
8763,108-35-4145,Male,White,79,2023-01-05,10:04:00,48,True,No referral.,Senior,Day,Thursday
8764,203-86-5462,Male,White,16,2023-12-18,13:16:00,50,True,No referral.,Minor,Day,Monday
8765,686-80-9830,Male,White,37,2024-06-30,12:25:00,22,True,No referral.,Adult,Day,Sunday
8766,589-25-9796,Male,White,22,2024-02-16,05:06:00,23,True,No referral.,Young Adult,Night,Friday
8767,643-17-6227,Male,White,44,2024-10-04,03:26:00,24,True,No referral.,Adult,Night,Friday
8768,349-86-8933,Male,White,46,2023-02-08,13:03:00,30,True,No referral.,Middle-aged,Day,Wednesday
8769,123-98-2462,Male,White,65,2024-03-22,07:00:00,33,True,No referral.,Senior,Day,Friday
8770,508-48-9648,Male,White,10,2024-07-01,04:55:00,39,True,No referral.,Minor,Night,Monday
8771,590-50-6357,Male,White,75,2024-10-02,12:55:00,39,True,No referral.,Senior,Day,Wednesday
8772,766-92-5908,Male,White,16,2024-03-09,00:20:00,46,True,No referral.,Minor,Night,Saturday
8773,783-74-8530,Male,White,46,2023-12-06,19:47:00,58,True,No referral.,Middle-aged,Evening,Wednesday
8774,150-49-5439,Male,White,57,2024-02-14,10:45:00,58,True,No referral.,Older Adult,Day,Wednesday
8775,677-87-5615,Male,White,67,2023-11-26,23:16:00,58,True,No referral.,Senior,Night,Sunday
8776,356-33-9826,Male,White,29,2024-03-04,13:24:00,15,True,No referral.,Young Adult,Day,Monday
8777,242-48-1026,Male,White,58,2023-12-24,16:33:00,15,True,No referral.,Older Adult,Evening,Sunday
8778,882-03-1099,Male,White,65,2023-06-14,15:56:00,19,True,No referral.,Senior,Evening,Wednesday
8779,667-92-7386,Male,White,49,2023-12-29,20:15:00,20,True,No referral.,Middle-aged,Evening,Friday
8780,235-04-5200,Male,White,8,2024-10-04,14:45:00,23,True,No referral.,Minor,Day,Friday
8781,695-67-1022,Male,White,26,2023-06-22,04:31:00,31,True,No referral.,Young Adult,Night,Thursday
8782,877-63-5604,Male,White,50,2024-07-31,06:43:00,40,True,No referral.,Middle-aged,Night,Wednesday
8783,375-27-5578,Male,White,45,2023-05-13,02:14:00,48,True,No referral.,Middle-aged,Night,Saturday
8784,884-62-4452,Male,White,41,2024-01-31,09:57:00,58,True,No referral.,Adult,Day,Wednesday
8785,741-12-7327,Male,White,60,2023-12-29,10:52:00,10,True,No referral.,Older Adult,Day,Friday
8786,860-05-8907,Male,White,37,2024-01-01,23:57:00,14,True,No referral.,Adult,Night,Monday
8787,784-33-8181,Male,White,43,2024-01-28,19:36:00,16,True,No referral.,Adult,Evening,Sunday
8788,529-52-0949,Male,White,67,2024-06-25,07:21:00,19,True,No referral.,Senior,Day,Tuesday
8789,244-74-1250,Male,White,37,2024-02-17,20:43:00,22,True,No referral.,Adult,Evening,Saturday
8790,520-29-9827,Male,White,21,2023-05-15,19:11:00,23,True,No referral.,Young Adult,Evening,Monday
8791,388-44-6892,Male,White,1,2023-11-16,20:48:00,24,True,No referral.,Minor,Evening,Thursday
8792,220-94-6602,Male,White,44,2023-11-18,22:57:00,28,True,No referral.,Adult,Evening,Saturday
8793,480-76-5508,Male,White,70,2024-07-05,07:38:00,30,True,No referral.,Senior,Day,Friday
8794,744-75-0386,Male,White,22,2024-06-18,19:29:00,34,True,No referral.,Young Adult,Evening,Tuesday
8795,627-82-5172,Male,White,31,2024-10-23,14:02:00,37,True,No referral.,Young Adult,Day,Wednesday
8796,106-76-9218,Male,White,20,2024-02-28,17:56:00,40,True,No referral.,Young Adult,Evening,Wednesday
8797,211-82-9691,Male,White,19,2024-02-16,21:05:00,42,True,No referral.,Minor,Evening,Friday
8798,802-13-8458,Male,White,67,2023-07-29,05:47:00,45,True,No referral.,Senior,Night,Saturday
8799,655-55-2632,Male,White,56,2023-06-08,04:52:00,48,True,No referral.,Older Adult,Night,Thursday
8800,871-78-2945,Male,White,56,2023-05-22,05:40:00,20,True,No referral.,Older Adult,Night,Monday
8801,673-82-3180,Male,White,17,2024-02-18,23:30:00,23,True,No referral.,Minor,Night,Sunday
8802,128-39-1496,Male,White,6,2024-08-07,03:53:00,30,True,No referral.,Minor,Night,Wednesday
8803,790-31-3127,Male,White,55,2024-04-10,03:34:00,31,True,No referral.,Older Adult,Night,Wednesday
8804,506-68-8909,Male,White,21,2024-07-13,15:24:00,35,True,No referral.,Young Adult,Evening,Saturday
8805,533-35-3293,Male,White,79,2024-06-23,14:30:00,36,True,No referral.,Senior,Day,Sunday
8806,398-17-8931,Male,White,71,2023-05-25,09:45:00,41,True,No referral.,Senior,Day,Thursday
8807,172-61-8782,Male,White,9,2024-05-17,07:19:00,50,True,No referral.,Minor,Day,Friday
8808,378-90-2956,Male,White,2,2024-05-21,15:24:00,52,True,No referral.,Minor,Evening,Tuesday
8809,700-43-4239,Male,White,78,2024-12-08,08:31:00,52,True,No referral.,Senior,Day,Sunday
8810,619-23-3246,Male,White,18,2024-09-01,03:19:00,60,True,No referral.,Minor,Night,Sunday
8811,121-98-0821,Male,White,38,2023-11-18,11:08:00,14,True,No referral.,Adult,Day,Saturday
8812,601-35-8375,Male,White,42,2023-05-07,17:38:00,16,True,No referral.,Adult,Evening,Sunday
8813,844-16-9098,Male,White,48,2023-11-30,20:15:00,26,True,No referral.,Middle-aged,Evening,Thursday
8814,230-89-3177,Male,White,54,2023-06-05,16:40:00,36,True,No referral.,Middle-aged,Evening,Monday
8815,344-56-0209,Male,White,1,2024-11-10,07:36:00,41,True,No referral.,Minor,Day,Sunday
8816,597-13-7907,Male,White,22,2023-07-06,10:36:00,43,True,No referral.,Young Adult,Day,Thursday
8817,743-74-5565,Male,White,3,2024-05-25,23:59:00,45,True,No referral.,Minor,Night,Saturday
8818,892-85-4985,Male,White,36,2024-04-15,04:58:00,51,True,No referral.,Adult,Night,Monday
8819,732-07-1102,Male,White,2,2024-09-25,15:20:00,55,True,No referral.,Minor,Evening,Wednesday
8820,427-91-7040,Male,White,48,2024-10-19,03:51:00,55,True,No referral.,Middle-aged,Night,Saturday
8821,753-13-5672,Male,White,2,2023-06-08,11:29:00,15,True,No referral.,Minor,Day,Thursday
8822,447-73-8414,Male,White,11,2023-11-08,12:37:00,18,True,No referral.,Minor,Day,Wednesday
8823,748-50-8530,Male,White,10,2024-07-21,15:21:00,26,True,No referral.,Minor,Evening,Sunday
8824,678-07-7445,Male,White,45,2024-10-04,21:03:00,30,True,No referral.,Middle-aged,Evening,Friday
8825,828-46-7426,Male,White,75,2024-07-28,08:31:00,39,True,No referral.,Senior,Day,Sunday
8826,793-24-9525,Male,White,65,2024-07-29,10:55:00,42,True,No referral.,Senior,Day,Monday
8827,839-61-9068,Male,White,9,2023-09-06,02:47:00,48,True,No referral.,Minor,Night,Wednesday
8828,584-52-1321,Male,White,21,2024-08-05,07:25:00,53,True,No referral.,Young Adult,Day,Monday
8829,480-67-3848,Male,White,59,2023-07-17,17:28:00,57,True,No referral.,Older Adult,Evening,Monday
8830,162-53-8400,Male,White,56,2024-02-28,12:31:00,12,True,No referral.,Older Adult,Day,Wednesday
8831,307-73-6789,Male,White,38,2023-12-22,02:24:00,14,True,No referral.,Adult,Night,Friday
8832,877-34-4992,Male,White,17,2024-05-07,18:41:00,15,True,No referral.,Minor,Evening,Tuesday
8833,835-35-3059,Male,White,60,2024-10-05,11:13:00,15,True,No referral.,Older Adult,Day,Saturday
8834,199-16-0670,Male,White,55,2024-10-26,23:30:00,18,True,No referral.,Older Adult,Night,Saturday
8835,310-85-7566,Male,White,20,2023-09-26,22:44:00,22,True,No referral.,Young Adult,Evening,Tuesday
8836,221-55-2575,Male,White,54,2024-08-10,15:04:00,23,True,No referral.,Middle-aged,Evening,Saturday
8837,633-19-4670,Male,White,47,2023-09-26,00:13:00,24,True,No referral.,Middle-aged,Night,Tuesday
8838,815-95-1401,Male,White,36,2023-11-23,20:39:00,39,True,No referral.,Adult,Evening,Thursday
8839,198-02-0384,Male,White,40,2023-05-13,20:12:00,48,True,No referral.,Adult,Evening,Saturday
8840,705-64-5728,Male,White,47,2024-09-07,00:52:00,49,True,No referral.,Middle-aged,Night,Saturday
8841,203-33-9606,Male,White,18,2024-06-30,05:31:00,51,True,No referral.,Minor,Night,Sunday
8842,411-20-5425,Male,White,37,2024-08-16,14:01:00,55,True,No referral.,Adult,Day,Friday
8843,436-34-7449,Male,White,42,2024-05-29,14:25:00,55,True,No referral.,Adult,Day,Wednesday
8844,704-78-7583,Male,White,13,2023-04-09,17:41:00,12,True,No referral.,Minor,Evening,Sunday
8845,157-57-9919,Male,White,65,2023-11-15,09:50:00,16,True,No referral.,Senior,Day,Wednesday
8846,499-77-0693,Male,White,26,2023-02-07,04:51:00,21,True,No referral.,Young Adult,Night,Tuesday
8847,829-18-5991,Male,White,19,2023-07-28,01:50:00,27,True,No referral.,Minor,Night,Friday
8848,763-50-4006,Male,White,5,2024-02-22,23:50:00,33,True,No referral.,Minor,Night,Thursday
8849,211-79-3733,Male,White,38,2023-02-06,07:23:00,47,True,No referral.,Adult,Day,Monday
8850,777-08-7046,Male,White,15,2023-05-04,04:31:00,55,True,No referral.,Minor,Night,Thursday
8851,185-01-7702,Male,White,68,2023-03-08,19:29:00,56,True,No referral.,Senior,Evening,Wednesday
8852,667-61-2991,Male,White,35,2024-08-25,07:14:00,60,True,No referral.,Adult,Day,Sunday
8853,664-88-5435,Male,White,58,2023-11-24,01:58:00,13,True,No referral.,Older Adult,Night,Friday
8854,455-93-7898,Male,White,18,2024-01-21,10:23:00,20,True,No referral.,Minor,Day,Sunday
8855,121-86-3543,Male,White,32,2024-08-20,17:42:00,22,True,No referral.,Young Adult,Evening,Tuesday
8856,476-32-0713,Male,White,68,2023-02-04,13:07:00,24,True,No referral.,Senior,Day,Saturday
8857,298-36-1790,Male,White,28,2023-06-19,00:07:00,39,True,No referral.,Young Adult,Night,Monday
8858,789-29-4257,Male,White,63,2024-07-04,01:25:00,39,True,No referral.,Older Adult,Night,Thursday
8859,536-78-3429,Male,White,72,2024-12-06,23:24:00,39,True,No referral.,Senior,Night,Friday
8860,172-02-6722,Male,White,57,2023-05-08,05:10:00,40,True,No referral.,Older Adult,Night,Monday
8861,759-14-6508,Male,White,37,2023-05-25,01:04:00,46,True,No referral.,Adult,Night,Thursday
8862,182-52-6741,Male,White,79,2023-09-26,13:51:00,56,True,No referral.,Senior,Day,Tuesday
8863,771-98-0838,Male,White,77,2023-11-18,12:52:00,24,True,No referral.,Senior,Day,Saturday
8864,476-79-6068,Male,White,76,2024-08-30,01:52:00,25,True,No referral.,Senior,Night,Friday
8865,102-47-6709,Male,White,66,2023-06-17,10:05:00,27,True,No referral.,Senior,Day,Saturday
8866,262-40-0374,Male,White,58,2024-02-18,15:53:00,36,True,No referral.,Older Adult,Evening,Sunday
8867,336-57-0982,Male,White,25,2023-09-11,21:15:00,37,True,No referral.,Young Adult,Evening,Monday
8868,843-42-9690,Male,White,32,2023-11-06,06:23:00,50,True,No referral.,Young Adult,Night,Monday
8869,652-78-3085,Male,White,67,2023-12-18,10:37:00,21,True,No referral.,Senior,Day,Monday
8870,792-70-4015,Male,White,64,2023-05-04,18:06:00,28,True,No referral.,Older Adult,Evening,Thursday
8871,202-14-5092,Male,White,48,2024-01-14,04:05:00,33,True,No referral.,Middle-aged,Night,Sunday
8872,231-36-9685,Male,White,16,2024-03-01,12:20:00,34,True,No referral.,Minor,Day,Friday
8873,481-42-7852,Male,White,64,2024-04-08,23:22:00,34,True,No referral.,Older Adult,Night,Monday
8874,397-69-1401,Male,White,3,2024-04-15,19:17:00,35,True,No referral.,Minor,Evening,Monday
8875,413-16-2095,Male,White,76,2023-04-19,09:32:00,35,True,No referral.,Senior,Day,Wednesday
8876,218-20-9820,Male,White,78,2024-05-21,02:42:00,35,True,No referral.,Senior,Night,Tuesday
8877,717-69-4042,Male,White,30,2024-08-01,20:39:00,39,True,No referral.,Young Adult,Evening,Thursday
8878,711-65-4874,Male,White,40,2024-03-25,17:56:00,39,True,No referral.,Adult,Evening,Monday
8879,460-56-6642,Male,White,69,2024-05-25,23:50:00,39,True,No referral.,Senior,Night,Saturday
8880,211-34-2381,Male,White,64,2024-09-22,20:23:00,40,True,No referral.,Older Adult,Evening,Sunday
8881,662-33-7487,Male,White,56,2024-10-19,08:48:00,47,True,No referral.,Older Adult,Day,Saturday
8882,518-04-0690,Male,White,25,2023-05-23,05:01:00,50,True,No referral.,Young Adult,Night,Tuesday
8883,399-42-9314,Male,White,36,2023-11-06,06:08:00,51,True,No referral.,Adult,Night,Monday
8884,196-08-4706,Male,White,42,2023-05-28,16:12:00,54,True,No referral.,Adult,Evening,Sunday
8885,627-60-8441,Male,White,20,2024-07-30,09:53:00,58,True,No referral.,Young Adult,Day,Tuesday
8886,176-52-4519,Male,White,11,2023-04-16,13:02:00,11,True,No referral.,Minor,Day,Sunday
8887,847-74-2228,Male,White,50,2024-05-08,01:16:00,13,True,No referral.,Middle-aged,Night,Wednesday
8888,142-53-1650,Male,White,3,2024-03-10,13:20:00,25,True,No referral.,Minor,Day,Sunday
8889,581-17-5457,Male,White,74,2024-07-07,12:05:00,27,True,No referral.,Senior,Day,Sunday
8890,849-61-2255,Male,White,49,2023-12-07,20:12:00,28,True,No referral.,Middle-aged,Evening,Thursday
8891,648-45-5096,Male,White,27,2023-09-10,19:27:00,40,True,No referral.,Young Adult,Evening,Sunday
8892,536-30-5746,Male,White,49,2023-07-26,11:48:00,43,True,No referral.,Middle-aged,Day,Wednesday
8893,189-23-4255,Male,White,59,2023-11-16,21:18:00,44,True,No referral.,Older Adult,Evening,Thursday
8894,296-96-3525,Male,White,41,2024-08-13,00:10:00,50,True,No referral.,Adult,Night,Tuesday
8895,173-31-9553,Male,White,74,2023-09-11,12:12:00,59,True,No referral.,Senior,Day,Monday
8896,205-33-7598,Male,White,19,2023-08-16,12:05:00,15,True,No referral.,Minor,Day,Wednesday
8897,567-16-7814,Male,White,78,2023-02-07,00:24:00,21,True,No referral.,Senior,Night,Tuesday
8898,234-83-4671,Male,White,52,2023-10-08,07:04:00,23,True,No referral.,Middle-aged,Day,Sunday
8899,717-80-5643,Male,White,29,2023-06-17,18:25:00,35,True,No referral.,Young Adult,Evening,Saturday
8900,774-50-2972,Male,White,45,2023-05-29,23:58:00,39,True,No referral.,Middle-aged,Night,Monday
8901,295-48-6682,Male,White,62,2023-04-05,01:54:00,45,True,No referral.,Older Adult,Night,Wednesday
8902,155-22-9624,Male,White,69,2023-10-07,03:13:00,47,True,No referral.,Senior,Night,Saturday
8903,107-22-3380,Male,White,20,2024-07-28,11:59:00,52,True,No referral.,Young Adult,Day,Sunday
8904,327-92-4166,Male,White,62,2024-03-01,13:56:00,57,True,No referral.,Older Adult,Day,Friday
8905,255-33-4780,Male,White,8,2023-04-23,07:09:00,59,True,No referral.,Minor,Day,Sunday
8906,140-29-8809,Male,White,32,2023-03-12,02:24:00,59,True,No referral.,Young Adult,Night,Sunday
8907,227-40-8894,Male,White,66,2024-07-21,02:28:00,10,True,No referral.,Senior,Night,Sunday
8908,144-34-5997,Male,White,41,2024-07-27,12:37:00,13,True,No referral.,Adult,Day,Saturday
8909,632-25-9926,Male,White,25,2024-11-08,06:21:00,14,True,No referral.,Young Adult,Night,Friday
8910,727-81-2340,Male,White,68,2024-08-17,06:33:00,20,True,No referral.,Senior,Night,Saturday
8911,360-19-3301,Male,White,3,2024-10-05,11:20:00,27,True,No referral.,Minor,Day,Saturday
8912,468-02-7614,Male,White,56,2023-12-31,21:08:00,32,True,No referral.,Older Adult,Evening,Sunday
8913,392-48-9061,Male,White,4,2024-01-13,07:38:00,41,True,No referral.,Minor,Day,Saturday
8914,518-94-0881,Male,White,61,2024-02-16,03:30:00,56,True,No referral.,Older Adult,Night,Friday
8915,632-79-5714,Male,White,39,2024-01-26,17:40:00,60,True,No referral.,Adult,Evening,Friday
8916,244-51-1815,Male,White,69,2024-08-28,11:19:00,16,True,No referral.,Senior,Day,Wednesday
8917,883-85-2880,Male,White,53,2024-05-16,09:43:00,19,True,No referral.,Middle-aged,Day,Thursday
8918,318-21-1279,Male,White,58,2024-04-16,08:00:00,26,True,No referral.,Older Adult,Day,Tuesday
8919,462-93-4459,Male,White,66,2024-05-16,19:15:00,28,True,No referral.,Senior,Evening,Thursday
8920,288-47-4512,Male,White,56,2024-02-01,21:04:00,39,True,No referral.,Older Adult,Evening,Thursday
8921,403-56-9380,Male,White,60,2024-03-05,00:53:00,44,True,No referral.,Older Adult,Night,Tuesday
8922,322-85-6482,Male,White,66,2023-06-20,12:55:00,46,True,No referral.,Senior,Day,Tuesday
8923,284-78-7721,Male,White,37,2024-09-28,05:26:00,52,True,No referral.,Adult,Night,Saturday
8924,487-70-4415,Male,White,2,2024-02-01,03:05:00,58,True,No referral.,Minor,Night,Thursday
8925,439-45-1934,Male,White,5,2024-10-17,05:57:00,58,True,No referral.,Minor,Night,Thursday
8926,183-23-8555,Male,White,77,2024-06-23,16:35:00,10,True,No referral.,Senior,Evening,Sunday
8927,704-52-9351,Male,White,16,2024-08-16,02:11:00,20,True,No referral.,Minor,Night,Friday
8928,822-13-3323,Male,White,14,2024-07-21,20:22:00,32,True,No referral.,Minor,Evening,Sunday
8929,790-49-4037,Male,White,73,2024-09-29,12:31:00,33,True,No referral.,Senior,Day,Sunday
8930,662-04-8561,Male,White,73,2023-10-23,16:48:00,40,True,No referral.,Senior,Evening,Monday
8931,304-56-9824,Male,White,34,2024-12-07,08:24:00,54,True,No referral.,Young Adult,Day,Saturday
8932,848-91-8634,Male,White,8,2024-09-13,07:38:00,58,True,No referral.,Minor,Day,Friday
8933,867-81-0165,Male,White,47,2024-02-22,06:30:00,58,True,No referral.,Middle-aged,Night,Thursday
8934,719-67-4238,Male,White,7,2024-10-26,14:18:00,10,True,No referral.,Minor,Day,Saturday
8935,591-01-9686,Male,White,76,2023-08-11,07:34:00,11,True,No referral.,Senior,Day,Friday
8936,725-19-8534,Male,White,44,2024-06-21,21:12:00,12,True,No referral.,Adult,Evening,Friday
8937,166-50-3397,Male,White,43,2024-09-09,09:47:00,15,True,No referral.,Adult,Day,Monday
8938,195-47-5384,Male,White,34,2024-03-04,04:49:00,20,True,No referral.,Young Adult,Night,Monday
8939,577-11-8469,Male,White,55,2023-12-19,09:11:00,33,True,No referral.,Older Adult,Day,Tuesday
8940,826-51-6666,Male,White,51,2024-09-05,17:08:00,43,True,No referral.,Middle-aged,Evening,Thursday
8941,688-61-2082,Male,White,23,2024-02-07,05:57:00,44,True,No referral.,Young Adult,Night,Wednesday
8942,690-77-1528,Male,White,61,2023-06-29,14:06:00,46,True,No referral.,Older Adult,Day,Thursday
8943,783-12-5617,Male,White,71,2024-01-30,13:14:00,47,True,No referral.,Senior,Day,Tuesday
8944,239-18-5713,Male,White,76,2024-07-16,16:42:00,50,True,No referral.,Senior,Evening,Tuesday
8945,803-80-1729,Male,White,36,2023-08-14,23:17:00,51,True,No referral.,Adult,Night,Monday
8946,355-48-7016,Male,White,15,2023-08-26,01:41:00,53,True,No referral.,Minor,Night,Saturday
8947,599-28-2215,Male,White,11,2024-02-20,04:50:00,55,True,No referral.,Minor,Night,Tuesday
8948,798-16-6239,Male,White,49,2024-04-15,19:39:00,10,True,No referral.,Middle-aged,Evening,Monday
8949,852-95-0715,Male,White,38,2024-09-19,22:37:00,12,True,No referral.,Adult,Evening,Thursday
8950,879-07-2777,Male,White,32,2024-02-24,05:49:00,14,True,No referral.,Young Adult,Night,Saturday
8951,295-29-3253,Male,White,4,2024-07-30,08:43:00,15,True,No referral.,Minor,Day,Tuesday
8952,245-93-1809,Male,White,20,2023-06-10,00:16:00,15,True,No referral.,Young Adult,Night,Saturday
8953,323-13-0778,Male,White,79,2023-09-10,11:56:00,22,True,No referral.,Senior,Day,Sunday
8954,292-43-0162,Male,White,55,2023-04-22,13:50:00,28,True,No referral.,Older Adult,Day,Saturday
8955,449-11-0502,Male,White,39,2023-12-30,22:09:00,35,True,No referral.,Adult,Evening,Saturday
8956,825-28-4860,Male,White,29,2023-05-27,03:51:00,36,True,No referral.,Young Adult,Night,Saturday
8957,771-93-7381,Male,White,53,2023-05-21,18:43:00,36,True,No referral.,Middle-aged,Evening,Sunday
8958,153-47-5777,Male,White,20,2024-11-04,05:10:00,49,True,No referral.,Young Adult,Night,Monday
8959,533-96-0679,Male,White,17,2024-05-08,03:51:00,54,True,No referral.,Minor,Night,Wednesday
8960,630-72-4041,Male,White,51,2024-07-03,18:55:00,57,True,No referral.,Middle-aged,Evening,Wednesday
8961,441-25-6841,Male,White,9,2024-09-17,14:40:00,11,True,No referral.,Minor,Day,Tuesday
8962,272-79-7769,Male,White,48,2023-05-27,15:23:00,11,True,No referral.,Middle-aged,Evening,Saturday
8963,251-61-0833,Male,White,29,2023-02-05,17:28:00,12,True,No referral.,Young Adult,Evening,Sunday
8964,145-73-1016,Male,White,20,2024-08-30,01:43:00,19,True,No referral.,Young Adult,Night,Friday
8965,304-40-2890,Male,White,23,2024-06-23,22:31:00,19,True,No referral.,Young Adult,Evening,Sunday
8966,399-14-1417,Male,White,58,2024-02-18,14:05:00,21,True,No referral.,Older Adult,Day,Sunday
8967,704-48-9992,Male,White,15,2024-08-30,03:21:00,24,True,No referral.,Minor,Night,Friday
8968,772-41-5673,Male,White,51,2023-08-28,19:04:00,30,True,No referral.,Middle-aged,Evening,Monday
8969,784-56-8762,Male,White,7,2024-10-30,19:50:00,31,True,No referral.,Minor,Evening,Wednesday
8970,163-69-0005,Male,White,18,2024-06-29,00:19:00,36,True,No referral.,Minor,Night,Saturday
8971,559-89-5498,Male,White,39,2023-02-12,04:39:00,37,True,No referral.,Adult,Night,Sunday
8972,610-49-9067,Male,White,54,2023-07-19,21:09:00,49,True,No referral.,Middle-aged,Evening,Wednesday
8973,382-29-0136,Male,White,66,2024-01-08,15:22:00,54,True,No referral.,Senior,Evening,Monday
8974,766-80-1138,Male,White,43,2023-10-07,13:50:00,58,True,No referral.,Adult,Day,Saturday
8975,557-58-5294,Male,White,77,2023-12-06,02:49:00,59,True,No referral.,Senior,Night,Wednesday
8976,675-04-6457,Male,White,51,2024-05-03,14:04:00,20,True,No referral.,Middle-aged,Day,Friday
8977,436-49-0280,Male,White,4,2024-06-03,16:10:00,21,True,No referral.,Minor,Evening,Monday
8978,400-06-0553,Male,White,66,2023-12-11,08:14:00,22,True,No referral.,Senior,Day,Monday
8979,219-34-1593,Male,White,61,2024-04-01,08:08:00,25,True,No referral.,Older Adult,Day,Monday
8980,314-49-8117,Male,White,18,2024-11-04,04:37:00,26,True,No referral.,Minor,Night,Monday
8981,252-13-7326,Male,White,15,2023-06-26,08:45:00,30,True,No referral.,Minor,Day,Monday
8982,162-06-9717,Male,White,18,2024-07-13,17:03:00,31,True,No referral.,Minor,Evening,Saturday
8983,858-26-7075,Male,White,14,2024-07-01,14:26:00,34,True,No referral.,Minor,Day,Monday
8984,609-94-3506,Male,White,35,2024-01-28,14:12:00,38,True,No referral.,Adult,Day,Sunday
8985,599-49-7187,Male,White,49,2024-09-29,05:00:00,42,True,No referral.,Middle-aged,Night,Sunday
8986,321-16-5497,Male,White,74,2023-06-30,09:33:00,12,True,No referral.,Senior,Day,Friday
8987,885-03-5752,Male,White,36,2023-05-31,15:54:00,13,True,No referral.,Adult,Evening,Wednesday
8988,438-20-7959,Male,White,62,2023-06-26,07:57:00,20,True,No referral.,Older Adult,Day,Monday
8989,343-51-8410,Male,White,36,2023-09-21,18:02:00,28,True,No referral.,Adult,Evening,Thursday
8990,459-58-9413,Male,White,20,2024-01-09,01:51:00,29,True,No referral.,Young Adult,Night,Tuesday
8991,881-89-6019,Male,White,49,2024-07-26,01:48:00,35,True,No referral.,Middle-aged,Night,Friday
8992,143-31-5826,Male,White,44,2023-04-22,00:44:00,37,True,No referral.,Adult,Night,Saturday
8993,221-48-4216,Male,White,54,2024-04-20,08:16:00,47,True,No referral.,Middle-aged,Day,Saturday
8994,391-77-8971,Male,White,5,2024-04-01,16:22:00,48,True,No referral.,Minor,Evening,Monday
8995,260-14-4032,Male,White,53,2023-11-10,16:46:00,51,True,No referral.,Middle-aged,Evening,Friday
8996,300-76-1975,Male,White,19,2024-03-22,18:01:00,54,True,No referral.,Minor,Evening,Friday
8997,177-26-9806,Male,White,65,2024-09-10,08:49:00,16,True,No referral.,Senior,Day,Tuesday
8998,747-13-8438,Male,White,34,2024-03-05,11:40:00,22,True,No referral.,Young Adult,Day,Tuesday
8999,104-11-2614,Male,White,27,2023-12-29,07:04:00,24,True,No referral.,Young Adult,Day,Friday
9000,671-25-1372,Male,White,70,2023-05-11,07:37:00,36,True,No referral.,Senior,Day,Thursday
9001,299-65-4092,Male,White,12,2024-09-26,01:41:00,50,True,No referral.,Minor,Night,Thursday
9002,608-38-2277,Male,White,63,2024-10-03,22:23:00,60,True,No referral.,Older Adult,Evening,Thursday
9003,112-97-2791,Male,White,32,2024-08-24,06:26:00,18,True,No referral.,Young Adult,Night,Saturday
9004,872-86-3128,Male,White,17,2023-12-25,18:29:00,20,True,No referral.,Minor,Evening,Monday
9005,287-14-0375,Male,White,26,2024-02-05,04:37:00,23,True,No referral.,Young Adult,Night,Monday
9006,812-08-5257,Male,White,12,2023-12-31,19:31:00,38,True,No referral.,Minor,Evening,Sunday
9007,379-93-5865,Male,White,50,2023-12-28,13:32:00,38,True,No referral.,Middle-aged,Day,Thursday
9008,280-97-8515,Male,White,23,2024-03-08,16:48:00,49,True,No referral.,Young Adult,Evening,Friday
9009,393-27-7025,Male,White,28,2024-02-02,19:05:00,49,True,No referral.,Young Adult,Evening,Friday
9010,631-01-8401,Male,White,52,2024-11-09,10:52:00,58,True,No referral.,Middle-aged,Day,Saturday
9011,481-73-3813,Male,White,59,2023-09-24,17:33:00,16,True,No referral.,Older Adult,Evening,Sunday
9012,538-63-5200,Male,White,37,2024-10-24,02:27:00,18,True,No referral.,Adult,Night,Thursday
9013,709-72-3840,Male,White,48,2024-02-25,19:22:00,41,True,No referral.,Middle-aged,Evening,Sunday
9014,677-60-4398,Male,White,52,2024-01-29,00:46:00,48,True,No referral.,Middle-aged,Night,Monday
9015,549-53-8725,Male,White,15,2023-04-29,10:51:00,52,True,No referral.,Minor,Day,Saturday
9016,593-97-3404,Male,White,37,2024-04-23,09:01:00,57,True,No referral.,Adult,Day,Tuesday
9017,370-15-0510,Male,White,23,2023-05-04,09:04:00,26,True,No referral.,Young Adult,Day,Thursday
9018,160-14-3746,Male,White,16,2024-02-07,22:36:00,24,True,No referral.,Minor,Evening,Wednesday
9019,884-39-7616,Male,White,72,2024-04-22,20:31:00,55,True,No referral.,Senior,Evening,Monday
9020,222-82-2788,Male,White,10,2024-02-19,13:37:00,24,True,No referral.,Minor,Day,Monday
9021,853-37-7420,Male,White,12,2024-07-17,05:04:00,41,True,No referral.,Minor,Night,Wednesday
9022,269-62-2200,Male,White,17,2024-02-01,03:22:00,51,True,No referral.,Minor,Night,Thursday
9023,372-46-2168,Male,White,51,2023-05-21,15:58:00,39,True,No referral.,Middle-aged,Evening,Sunday
9024,287-50-0289,Male,White,17,2023-08-25,07:33:00,55,True,No referral.,Minor,Day,Friday
9025,380-36-6893,Male,White,22,2023-12-17,04:25:00,52,True,No referral.,Young Adult,Night,Sunday
9026,422-11-6911,Male,White,8,2024-06-05,00:23:00,47,True,No referral.,Minor,Night,Wednesday
9027,410-34-9359,Male,White,28,2024-06-21,10:26:00,56,True,No referral.,Young Adult,Day,Friday
9028,368-86-2432,Male,White,25,2023-08-21,04:52:00,33,True,No referral.,Young Adult,Night,Monday
9029,280-20-5879,Male,White,30,2023-06-25,22:24:00,39,True,No referral.,Young Adult,Evening,Sunday
9030,731-05-5462,Male,White,53,2023-10-19,01:00:00,40,True,No referral.,Middle-aged,Night,Thursday
9031,641-35-5949,Male,White,53,2024-12-08,03:13:00,38,True,No referral.,Middle-aged,Night,Sunday
9032,521-40-0167,Male,White,19,2023-12-29,18:57:00,58,True,No referral.,Minor,Evening,Friday
9033,755-90-4647,Male,White,67,2023-04-25,23:01:00,29,True,No referral.,Senior,Night,Tuesday
9034,672-14-9431,Male,White,5,2024-08-17,23:48:00,33,True,No referral.,Minor,Night,Saturday
9035,575-80-4899,Male,White,76,2024-10-02,00:52:00,45,True,No referral.,Senior,Night,Wednesday
9036,755-44-0318,Male,White,58,2024-02-06,06:55:00,18,True,No referral.,Older Adult,Night,Tuesday
9037,189-58-3826,Male,White,78,2023-05-07,15:07:00,10,True,No referral.,Senior,Evening,Sunday
9038,177-86-0072,Male,White,63,2023-09-28,16:05:00,13,True,No referral.,Older Adult,Evening,Thursday
9039,209-66-6033,Male,White,50,2023-05-07,12:30:00,15,True,No referral.,Middle-aged,Day,Sunday
9040,767-96-1062,Male,White,27,2023-07-14,18:53:00,55,True,No referral.,Young Adult,Evening,Friday
9041,249-65-1599,Male,White,49,2023-12-05,13:29:00,55,True,No referral.,Middle-aged,Day,Tuesday
9042,120-37-2360,Male,White,65,2023-03-07,16:08:00,44,True,No referral.,Senior,Evening,Tuesday
9043,414-99-7136,Male,White,51,2023-11-04,16:15:00,53,True,No referral.,Middle-aged,Evening,Saturday
9044,283-49-7447,Male,White,31,2024-05-08,06:00:00,10,True,No referral.,Young Adult,Night,Wednesday
9045,384-16-0821,Male,White,13,2024-02-09,11:53:00,45,True,No referral.,Minor,Day,Friday
9046,346-75-9980,Male,White,26,2024-08-10,07:08:00,34,True,No referral.,Young Adult,Day,Saturday
9047,731-53-2021,Male,White,13,2023-05-05,19:19:00,20,True,No referral.,Minor,Evening,Friday
9048,609-38-6576,Male,White,66,2023-09-06,08:06:00,23,True,No referral.,Senior,Day,Wednesday
9049,328-99-8282,Male,White,29,2024-03-07,09:19:00,49,True,No referral.,Young Adult,Day,Thursday
9050,705-68-8729,Male,White,15,2024-10-14,00:55:00,28,True,No referral.,Minor,Night,Monday
9051,687-64-4420,Male,White,13,2023-09-28,06:47:00,54,True,No referral.,Minor,Night,Thursday
9052,739-65-5265,Male,White,12,2023-10-08,11:21:00,26,True,No referral.,Minor,Day,Sunday
9053,100-81-9769,Male,White,28,2024-09-03,19:26:00,59,True,No referral.,Young Adult,Evening,Tuesday
9054,234-47-1462,Male,White,7,2024-01-30,16:53:00,46,True,No referral.,Minor,Evening,Tuesday
9055,875-15-3130,Male,White,29,2023-10-20,09:11:00,23,True,No referral.,Young Adult,Day,Friday
9056,182-46-5147,Male,White,7,2023-07-26,06:38:00,30,True,No referral.,Minor,Night,Wednesday
9057,414-05-5287,Male,White,57,2023-12-25,10:50:00,31,True,No referral.,Older Adult,Day,Monday
9058,167-90-9984,Male,White,41,2024-09-14,20:33:00,51,True,No referral.,Adult,Evening,Saturday
9059,795-55-7654,Male,White,79,2024-01-28,19:52:00,10,True,No referral.,Senior,Evening,Sunday
9060,206-75-4960,Male,White,53,2023-12-06,22:57:00,14,True,No referral.,Middle-aged,Evening,Wednesday
9061,706-14-8158,Male,White,18,2023-10-23,10:02:00,35,True,No referral.,Minor,Day,Monday
9062,763-76-9073,Male,White,63,2023-11-21,03:32:00,14,True,No referral.,Older Adult,Night,Tuesday
9063,250-43-2257,Male,White,27,2023-10-13,12:53:00,12,True,No referral.,Young Adult,Day,Friday
9064,120-58-8955,Male,White,69,2023-09-13,05:30:00,10,True,No referral.,Senior,Night,Wednesday
9065,721-46-0379,Male,White,15,2024-09-16,01:53:00,43,True,No referral.,Minor,Night,Monday
9066,807-69-0903,Male,White,68,2023-01-09,01:54:00,15,True,No referral.,Senior,Night,Monday
9067,566-74-1481,Male,White,6,2023-04-26,12:11:00,10,True,No referral.,Minor,Day,Wednesday
9068,387-01-8943,Male,White,24,2023-08-20,08:40:00,21,True,No referral.,Young Adult,Day,Sunday
9069,107-66-6733,Male,White,78,2023-04-19,07:51:00,35,True,No referral.,Senior,Day,Wednesday
9070,443-64-7889,Male,White,40,2024-07-02,16:57:00,34,True,No referral.,Adult,Evening,Tuesday
9071,759-48-2045,Male,White,50,2023-10-09,06:13:00,22,True,No referral.,Middle-aged,Night,Monday
9072,431-26-3182,Male,White,6,2024-10-24,19:23:00,14,True,No referral.,Minor,Evening,Thursday
9073,412-11-8092,Male,White,41,2024-04-15,05:04:00,51,True,No referral.,Adult,Night,Monday
9074,501-47-2075,Male,White,51,2023-01-08,09:42:00,20,True,No referral.,Middle-aged,Day,Sunday
9075,471-56-8796,Male,White,46,2023-12-16,04:22:00,49,True,No referral.,Middle-aged,Night,Saturday
9076,484-79-5250,Male,White,31,2024-09-16,11:57:00,35,True,No referral.,Young Adult,Day,Monday
9077,240-81-9498,Male,White,76,2024-05-26,03:00:00,26,True,No referral.,Senior,Night,Sunday
9078,162-27-6936,Male,White,50,2024-10-08,02:24:00,12,True,No referral.,Middle-aged,Night,Tuesday
9079,442-41-7832,Male,White,10,2023-07-04,06:09:00,17,True,No referral.,Minor,Night,Tuesday
9080,516-49-3296,Male,White,7,2023-09-23,13:00:00,19,True,No referral.,Minor,Day,Saturday
9081,175-48-0991,Male,White,11,2024-07-19,16:43:00,46,True,No referral.,Minor,Evening,Friday
9082,619-90-9286,Male,White,67,2024-08-03,16:02:00,15,True,No referral.,Senior,Evening,Saturday
9083,528-29-5097,Male,White,67,2024-02-27,03:34:00,47,True,No referral.,Senior,Night,Tuesday
9084,726-38-4364,Male,White,46,2024-01-28,08:54:00,26,True,No referral.,Middle-aged,Day,Sunday
9085,145-19-0752,Male,White,76,2024-08-28,20:37:00,14,True,No referral.,Senior,Evening,Wednesday
9086,517-78-7068,Male,White,7,2024-07-22,02:03:00,47,True,No referral.,Minor,Night,Monday
9087,863-45-9504,Male,White,44,2023-11-23,08:29:00,51,True,No referral.,Adult,Day,Thursday
9088,579-19-0372,Male,White,39,2024-04-18,13:50:00,35,True,No referral.,Adult,Day,Thursday
9089,126-50-2838,Male,White,2,2023-10-11,13:34:00,14,True,No referral.,Minor,Day,Wednesday
9090,785-52-4020,Male,White,45,2023-06-26,11:10:00,57,True,No referral.,Middle-aged,Day,Monday
9091,188-25-8373,Male,White,47,2024-08-07,13:17:00,59,True,No referral.,Middle-aged,Day,Wednesday
9092,394-03-8280,Male,White,63,2023-10-27,04:16:00,47,True,No referral.,Older Adult,Night,Friday
9093,498-09-2825,Male,White,43,2024-04-06,23:48:00,12,True,No referral.,Adult,Night,Saturday
9094,296-68-1456,Male,White,48,2024-12-02,19:08:00,26,True,No referral.,Middle-aged,Evening,Monday
9095,667-43-0137,Male,White,79,2024-04-19,20:21:00,42,True,No referral.,Senior,Evening,Friday
9096,169-60-6555,Male,White,57,2024-02-23,21:54:00,59,True,No referral.,Older Adult,Evening,Friday
9097,417-69-4255,Male,White,64,2023-07-19,01:25:00,16,True,No referral.,Older Adult,Night,Wednesday
9098,649-44-3448,Male,White,36,2023-10-21,13:35:00,25,True,No referral.,Adult,Day,Saturday
9099,307-89-1652,Male,White,3,2024-11-06,01:55:00,54,True,No referral.,Minor,Night,Wednesday
9100,780-44-8461,Male,White,79,2024-05-28,11:08:00,11,True,No referral.,Senior,Day,Tuesday
9101,428-30-2009,Male,White,62,2024-03-28,13:01:00,19,True,No referral.,Older Adult,Day,Thursday
9102,818-18-4154,Male,White,75,2024-06-24,16:04:00,45,True,No referral.,Senior,Evening,Monday
9103,723-69-3853,Male,White,28,2023-10-14,09:32:00,59,True,No referral.,Young Adult,Day,Saturday
9104,150-72-7421,Male,White,23,2024-03-05,03:05:00,53,True,No referral.,Young Adult,Night,Tuesday
9105,529-55-5610,Male,White,67,2023-09-18,09:20:00,59,True,No referral.,Senior,Day,Monday
9106,128-42-7299,Male,White,16,2023-06-28,03:17:00,58,True,No referral.,Minor,Night,Wednesday
9107,779-25-0290,Male,White,70,2024-02-25,10:22:00,29,True,No referral.,Senior,Day,Sunday
9108,243-85-2527,Male,White,12,2023-11-17,07:36:00,41,True,No referral.,Minor,Day,Friday
9109,778-04-7220,Male,White,56,2023-05-16,11:31:00,12,True,No referral.,Older Adult,Day,Tuesday
9110,648-86-9843,Male,White,50,2024-12-04,11:14:00,30,True,No referral.,Middle-aged,Day,Wednesday
9111,116-94-4270,Male,White,35,2023-12-20,05:42:00,44,True,No referral.,Adult,Night,Wednesday
9112,450-09-5808,Male,White,3,2024-10-08,22:43:00,31,True,Orthopedics,Minor,Evening,Tuesday
9113,744-52-3785,Male,White,60,2024-07-19,08:58:00,47,True,Orthopedics,Older Adult,Day,Friday
9114,744-01-1240,Male,White,68,2023-04-22,18:46:00,12,True,Orthopedics,Senior,Evening,Saturday
9115,570-14-8462,Male,White,24,2024-02-25,05:46:00,20,True,Orthopedics,Young Adult,Night,Sunday
9116,325-51-1348,Male,White,33,2023-11-11,00:10:00,37,True,Orthopedics,Young Adult,Night,Saturday
9117,401-65-8779,Male,White,58,2024-10-20,12:24:00,21,True,Orthopedics,Older Adult,Day,Sunday
9118,271-80-8403,Male,White,27,2024-05-31,03:11:00,33,True,Orthopedics,Young Adult,Night,Friday
9119,804-04-1122,Male,White,79,2024-07-02,12:12:00,12,True,Orthopedics,Senior,Day,Tuesday
9120,171-10-8865,Male,White,73,2024-08-15,22:19:00,38,True,Orthopedics,Senior,Evening,Thursday
9121,402-60-5865,Male,White,57,2024-04-03,11:09:00,56,True,Orthopedics,Older Adult,Day,Wednesday
9122,631-01-2994,Male,White,67,2024-11-10,18:53:00,20,True,Orthopedics,Senior,Evening,Sunday
9123,155-92-4223,Male,White,1,2023-05-30,20:05:00,14,True,Orthopedics,Minor,Evening,Tuesday
9124,803-55-5052,Male,White,77,2023-11-19,11:32:00,45,True,Orthopedics,Senior,Day,Sunday
9125,260-70-4444,Male,White,46,2024-10-01,13:57:00,47,True,Orthopedics,Middle-aged,Day,Tuesday
9126,741-91-5044,Male,White,5,2023-09-19,03:40:00,57,True,Orthopedics,Minor,Night,Tuesday
9127,313-71-4006,Male,White,21,2024-08-30,12:06:00,58,True,Orthopedics,Young Adult,Day,Friday
9128,865-28-1195,Male,White,66,2024-09-05,01:41:00,59,True,Orthopedics,Senior,Night,Thursday
9129,670-47-0693,Male,White,60,2023-09-24,03:29:00,60,True,Orthopedics,Older Adult,Night,Sunday
9130,544-20-1544,Male,White,31,2024-10-22,15:41:00,17,True,Orthopedics,Young Adult,Evening,Tuesday
9131,767-80-3235,Male,White,53,2024-03-31,15:56:00,56,True,Orthopedics,Middle-aged,Evening,Sunday
9132,302-68-9742,Male,White,33,2024-01-13,11:39:00,32,True,Orthopedics,Young Adult,Day,Saturday
9133,612-69-6427,Male,White,38,2024-05-22,02:25:00,38,True,Orthopedics,Adult,Night,Wednesday
9134,454-42-3319,Male,White,27,2024-12-04,15:04:00,21,True,Orthopedics,Young Adult,Evening,Wednesday
9135,873-58-0383,Male,White,57,2023-12-15,11:08:00,23,True,Orthopedics,Older Adult,Day,Friday
9136,721-25-3053,Male,White,31,2024-02-17,21:50:00,49,True,Orthopedics,Young Adult,Evening,Saturday
9137,514-16-0437,Male,White,36,2023-05-05,18:02:00,59,True,Orthopedics,Adult,Evening,Friday
9138,236-11-6588,Male,White,9,2023-12-20,18:44:00,17,True,Orthopedics,Minor,Evening,Wednesday
9139,383-96-0966,Male,White,19,2023-05-14,02:21:00,34,True,Orthopedics,Minor,Night,Sunday
9140,554-45-2268,Male,White,71,2024-05-02,16:46:00,47,True,Orthopedics,Senior,Evening,Thursday
9141,113-25-9451,Male,White,70,2023-09-10,06:06:00,12,True,Orthopedics,Senior,Night,Sunday
9142,730-54-8361,Male,White,59,2024-01-01,13:00:00,45,True,Orthopedics,Older Adult,Day,Monday
9143,374-46-8007,Male,White,11,2024-10-01,17:18:00,60,True,Orthopedics,Minor,Evening,Tuesday
9144,529-58-1742,Male,White,26,2023-12-04,01:56:00,16,True,Orthopedics,Young Adult,Night,Monday
9145,195-71-9241,Male,White,67,2023-08-16,07:41:00,17,True,Orthopedics,Senior,Day,Wednesday
9146,303-87-6258,Male,White,31,2023-10-31,17:38:00,36,True,Orthopedics,Young Adult,Evening,Tuesday
9147,627-11-7847,Male,White,59,2024-09-22,09:36:00,13,True,Orthopedics,Older Adult,Day,Sunday
9148,654-49-3579,Male,White,15,2024-02-23,23:38:00,38,True,Orthopedics,Minor,Night,Friday
9149,337-01-5340,Male,White,45,2023-12-30,06:20:00,49,True,Orthopedics,Middle-aged,Night,Saturday
9150,128-67-3156,Male,White,77,2023-09-10,14:34:00,19,True,Orthopedics,Senior,Day,Sunday
9151,128-72-0119,Male,White,51,2024-07-21,06:09:00,27,True,Orthopedics,Middle-aged,Night,Sunday
9152,303-93-1485,Male,White,13,2023-10-19,16:57:00,28,True,Orthopedics,Minor,Evening,Thursday
9153,888-26-4566,Male,White,37,2023-11-17,00:23:00,16,True,Orthopedics,Adult,Night,Friday
9154,689-34-0657,Male,White,61,2024-10-04,18:43:00,21,True,Orthopedics,Older Adult,Evening,Friday
9155,831-25-4717,Male,White,31,2024-12-07,09:35:00,58,True,Orthopedics,Young Adult,Day,Saturday
9156,899-65-7826,Male,White,26,2023-11-06,23:39:00,42,True,Orthopedics,Young Adult,Night,Monday
9157,853-93-6417,Male,White,76,2023-08-11,06:32:00,49,True,Orthopedics,Senior,Night,Friday
9158,297-74-6777,Male,White,33,2024-06-30,14:19:00,21,True,Orthopedics,Young Adult,Day,Sunday
9159,341-43-1062,Male,White,11,2024-03-27,12:39:00,35,True,Orthopedics,Minor,Day,Wednesday
9160,537-28-9473,Male,White,33,2023-05-18,23:05:00,48,True,Orthopedics,Young Adult,Night,Thursday
9161,503-18-9280,Male,White,35,2023-01-09,15:53:00,28,True,Orthopedics,Adult,Evening,Monday
9162,866-67-5375,Male,White,27,2024-10-20,15:20:00,58,True,Orthopedics,Young Adult,Evening,Sunday
9163,670-84-1971,Male,White,67,2024-07-09,18:11:00,16,True,Orthopedics,Senior,Evening,Tuesday
9164,231-43-5762,Male,White,74,2024-03-22,23:43:00,45,True,Orthopedics,Senior,Night,Friday
9165,289-70-6054,Male,White,32,2024-09-28,16:44:00,22,True,Orthopedics,Young Adult,Evening,Saturday
9166,624-82-0024,Male,White,52,2024-05-18,01:08:00,27,True,Orthopedics,Middle-aged,Night,Saturday
9167,317-19-5775,Male,White,39,2024-09-20,06:12:00,32,True,Orthopedics,Adult,Night,Friday
9168,279-67-2224,Male,White,30,2024-10-18,00:08:00,14,True,Orthopedics,Young Adult,Night,Friday
9169,409-26-1045,Male,White,58,2023-06-18,02:17:00,46,True,Orthopedics,Older Adult,Night,Sunday
9170,538-56-3650,Male,White,26,2024-01-27,04:21:00,57,True,Orthopedics,Young Adult,Night,Saturday
9171,405-65-1693,Male,White,24,2023-03-08,01:05:00,59,True,Orthopedics,Young Adult,Night,Wednesday
9172,683-71-6277,Male,White,67,2024-10-28,08:29:00,43,True,Orthopedics,Senior,Day,Monday
9173,662-30-2417,Male,White,10,2023-10-26,06:50:00,49,True,Orthopedics,Minor,Night,Thursday
9174,229-27-7861,Male,White,41,2024-10-21,19:51:00,10,True,Orthopedics,Adult,Evening,Monday
9175,754-19-7780,Male,White,1,2023-11-18,04:14:00,51,True,Orthopedics,Minor,Night,Saturday
9176,513-78-9014,Male,White,5,2023-05-04,16:47:00,56,True,Orthopedics,Minor,Evening,Thursday
9177,613-64-3858,Male,White,54,2024-03-20,13:16:00,21,True,Orthopedics,Middle-aged,Day,Wednesday
9178,279-74-0305,Male,White,2,2024-02-10,08:22:00,16,True,Orthopedics,Minor,Day,Saturday
9179,439-32-1631,Male,White,16,2023-12-04,15:25:00,42,True,Orthopedics,Minor,Evening,Monday
9180,879-36-5037,Male,White,65,2023-09-06,06:14:00,33,True,Orthopedics,Senior,Night,Wednesday
9181,100-67-1276,Male,White,55,2023-03-11,08:26:00,11,True,Orthopedics,Older Adult,Day,Saturday
9182,464-34-7283,Male,White,34,2023-08-10,07:14:00,58,True,Physiotherapy,Young Adult,Day,Thursday
9183,639-25-3650,Male,White,74,2023-03-06,09:01:00,45,True,Physiotherapy,Senior,Day,Monday
9184,199-16-2312,Male,White,51,2024-10-17,14:30:00,18,True,Physiotherapy,Middle-aged,Day,Thursday
9185,389-78-9698,Male,White,11,2023-06-24,13:44:00,42,True,Physiotherapy,Minor,Day,Saturday
9186,226-44-1067,Male,White,15,2024-11-04,23:03:00,49,True,Physiotherapy,Minor,Night,Monday
9187,208-73-8872,Male,White,60,2024-02-26,04:42:00,59,True,Physiotherapy,Older Adult,Night,Monday
9188,234-45-3966,Male,White,14,2024-10-01,12:09:00,16,True,Physiotherapy,Minor,Day,Tuesday
9189,418-18-9350,Male,White,38,2024-05-22,21:20:00,15,True,Physiotherapy,Adult,Evening,Wednesday
9190,385-87-1090,Male,White,44,2024-03-01,23:33:00,48,True,Physiotherapy,Adult,Night,Friday
9191,289-59-5485,Male,White,14,2024-09-30,01:45:00,30,True,Physiotherapy,Minor,Night,Monday
9192,244-01-5218,Male,White,15,2024-10-05,06:13:00,60,True,Physiotherapy,Minor,Night,Saturday
9193,437-12-1504,Male,White,16,2023-08-09,11:24:00,56,True,Physiotherapy,Minor,Day,Wednesday
9194,281-80-0574,Male,White,24,2024-02-09,00:01:00,54,True,Physiotherapy,Young Adult,Night,Friday
9195,167-31-9013,Male,White,13,2023-09-18,10:51:00,39,True,Physiotherapy,Minor,Day,Monday
9196,259-09-5907,Male,White,79,2023-02-05,21:01:00,56,True,Physiotherapy,Senior,Evening,Sunday
9197,404-07-5929,Male,White,37,2023-11-30,17:06:00,49,True,Physiotherapy,Adult,Evening,Thursday
9198,365-99-9238,Male,White,42,2024-02-14,23:02:00,39,True,Physiotherapy,Adult,Night,Wednesday
9199,135-96-4722,Male,White,78,2024-08-01,18:29:00,49,True,Physiotherapy,Senior,Evening,Thursday
9200,382-23-4466,Male,White,21,2024-07-25,13:08:00,22,True,Physiotherapy,Young Adult,Day,Thursday
9201,815-34-1721,Male,White,54,2024-01-28,11:40:00,23,True,Physiotherapy,Middle-aged,Day,Sunday
9202,496-40-2289,Male,White,8,2024-07-28,18:05:00,27,True,Physiotherapy,Minor,Evening,Sunday
9203,448-60-8500,Male,White,52,2024-09-25,15:23:00,35,True,Physiotherapy,Middle-aged,Evening,Wednesday
9204,534-84-2695,Male,White,54,2024-07-27,04:12:00,34,True,Physiotherapy,Middle-aged,Night,Saturday
9205,743-65-5099,Male,White,30,2024-02-18,11:35:00,58,True,Physiotherapy,Young Adult,Day,Sunday
9206,258-20-1592,Male,White,2,2023-04-28,17:59:00,56,True,Physiotherapy,Minor,Evening,Friday
9207,636-68-1107,Male,White,11,2024-03-27,01:01:00,49,True,Renal,Minor,Night,Wednesday
9208,772-16-7370,Male,White,72,2024-07-16,13:44:00,40,True,Renal,Senior,Day,Tuesday
9209,406-35-8082,Male,White,4,2023-08-22,14:53:00,44,True,Renal,Minor,Day,Tuesday
9210,821-25-7925,Male,African American,73,2024-08-23,14:32:00,30,True,No referral.,Senior,Day,Friday
9211,313-21-4953,Male,Asian,42,2024-08-28,17:38:00,43,True,General Practice,Adult,Evening,Wednesday
9212,226-92-3412,Male,Asian,19,2024-06-28,23:12:00,49,True,No referral.,Minor,Night,Friday
9213,412-85-3832,Male,Asian,14,2024-05-16,17:06:00,36,True,No referral.,Minor,Evening,Thursday
9214,708-91-2439,Male,Declined to Identify,73,2024-05-14,23:43:00,38,True,General Practice,Senior,Night,Tuesday
9215,249-47-9666,Male,White,35,2024-01-03,08:50:00,39,True,General Practice,Adult,Day,Wednesday
